ISO-10303-21;
HEADER;

/* File generated by HOOPS Exchange Version 25.2.0 */

FILE_DESCRIPTION(('HOOPS Exchange Step'),'2;1');

FILE_NAME('C:\\Users\\coetech\\Documents\\PyMechanical\\Thin_beam\\Single_Cell_30mm.stp',
'2026-05-04T17:08:08-05:00',
('coetech'),
('Unknown organisation'),
'HOOPS Exchange 2025.2',
'HOOPS Exchange',
'Unknown authorisation');

FILE_SCHEMA( ('AUTOMOTIVE_DESIGN { 1 0 10303 214 1 1 1 1 }') );

ENDSEC;

DATA;
#3=(NAMED_UNIT(*)PLANE_ANGLE_UNIT()SI_UNIT($,.RADIAN.));
#4=PLANE_ANGLE_MEASURE_WITH_UNIT(PLANE_ANGLE_MEASURE(0.0174532925),#3);
#5=(CONVERSION_BASED_UNIT('DEGREE',#4)NAMED_UNIT(#6)PLANE_ANGLE_UNIT());
#6=DIMENSIONAL_EXPONENTS(0.,0.,0.,0.,0.,0.,0.);
#7=(NAMED_UNIT(*)SI_UNIT($,.STERADIAN.)SOLID_ANGLE_UNIT());
#8=(LENGTH_UNIT()NAMED_UNIT(*)SI_UNIT($,.METRE.));
#9=UNCERTAINTY_MEASURE_WITH_UNIT(LENGTH_MEASURE(1.000000E-03),#8,'DISTANCE_ACCURACY_VALUE','Maximum Tolerance applied to model');
#10=(GEOMETRIC_REPRESENTATION_CONTEXT(3)GLOBAL_UNCERTAINTY_ASSIGNED_CONTEXT((#9))GLOBAL_UNIT_ASSIGNED_CONTEXT((#8,#5,#7))REPRESENTATION_CONTEXT('','30mm Single Unit Cell'));
#12=CARTESIAN_POINT('',(0.,0.,0.));
#13=DIRECTION('',(0.,0.,1.));
#14=DIRECTION('',(1.,0.,0.));
#15=AXIS2_PLACEMENT_3D('',#12,#13,#14);
#26=(NAMED_UNIT(*)PLANE_ANGLE_UNIT()SI_UNIT($,.RADIAN.));
#27=PLANE_ANGLE_MEASURE_WITH_UNIT(PLANE_ANGLE_MEASURE(0.0174532925),#26);
#28=(CONVERSION_BASED_UNIT('DEGREE',#27)NAMED_UNIT(#29)PLANE_ANGLE_UNIT());
#29=DIMENSIONAL_EXPONENTS(0.,0.,0.,0.,0.,0.,0.);
#30=(NAMED_UNIT(*)SI_UNIT($,.STERADIAN.)SOLID_ANGLE_UNIT());
#31=(LENGTH_UNIT()NAMED_UNIT(*)SI_UNIT($,.METRE.));
#32=UNCERTAINTY_MEASURE_WITH_UNIT(LENGTH_MEASURE(1.000000E-05),#31,'DISTANCE_ACCURACY_VALUE','Maximum Tolerance applied to model');
#33=(GEOMETRIC_REPRESENTATION_CONTEXT(3)GLOBAL_UNCERTAINTY_ASSIGNED_CONTEXT((#32))GLOBAL_UNIT_ASSIGNED_CONTEXT((#31,#28,#30))REPRESENTATION_CONTEXT('','30mm Single Unit Cell'));
#45=CARTESIAN_POINT('',(0.,0.,0.));
#46=DIRECTION('',(0.,0.,1.));
#47=DIRECTION('',(1.,0.,-0.));
#48=AXIS2_PLACEMENT_3D('',#45,#46,#47);
#49=ITEM_DEFINED_TRANSFORMATION('','',#48,#15);
#50=(REPRESENTATION_RELATIONSHIP('','',#35,#16)REPRESENTATION_RELATIONSHIP_WITH_TRANSFORMATION(#49)SHAPE_REPRESENTATION_RELATIONSHIP());
#51=NEXT_ASSEMBLY_USAGE_OCCURRENCE('30mm Single Unit Cell_1','30mm Single Unit Cell','30mm Single Unit Cell',#25,#44,$);
#52=PRODUCT_DEFINITION_SHAPE('','',#51);
#53=CONTEXT_DEPENDENT_SHAPE_REPRESENTATION(#50,#52);
#55=CARTESIAN_POINT('',(0.029999999,-0.00205,0.0015));
#56=DIRECTION('',(1.,0.,0.));
#57=DIRECTION('',(0.,-1.,0.));
#58=AXIS2_PLACEMENT_3D('',#55,#56,#57);
#59=PLANE('',#58);
#60=CARTESIAN_POINT('',(0.029999999,-0.0015,-0.000000001));
#61=VERTEX_POINT('528',#60);
#62=CARTESIAN_POINT('',(0.029999999,-0.028499999,0.));
#63=VERTEX_POINT('66',#62);
#64=CARTESIAN_POINT('',(0.029999999,-0.0015,0.));
#65=DIRECTION('',(0.,-1.,0.));
#66=VECTOR('',#65,0.026999999);
#67=LINE('',#64,#66);
#68=EDGE_CURVE('553',#61,#63,#67,.T.);
#69=ORIENTED_EDGE('',*,*,#68,.F.);
#70=CARTESIAN_POINT('',(0.029999999,-0.0015,0.00205));
#71=VERTEX_POINT('520',#70);
#72=CARTESIAN_POINT('',(0.029999999,-0.0015,0.00205));
#73=DIRECTION('',(0.,0.,-1.));
#74=VECTOR('',#73,0.002050001);
#75=LINE('',#72,#74);
#76=EDGE_CURVE('3979',#71,#61,#75,.T.);
#77=ORIENTED_EDGE('',*,*,#76,.F.);
#78=CARTESIAN_POINT('',(0.029999999,-0.00205,0.0015));
#79=VERTEX_POINT('336',#78);
#80=CARTESIAN_POINT('',(0.029999999,-0.0015,0.00205));
#81=DIRECTION('',(0.,-0.707106781,-0.707106781));
#82=VECTOR('',#81,0.000777817);
#83=LINE('',#80,#82);
#84=EDGE_CURVE('554',#71,#79,#83,.T.);
#85=ORIENTED_EDGE('',*,*,#84,.T.);
#86=CARTESIAN_POINT('',(0.029999999,-0.02795,0.0015));
#87=VERTEX_POINT('356',#86);
#88=CARTESIAN_POINT('',(0.029999999,-0.02795,0.0015));
#89=DIRECTION('',(0.,1.,0.));
#90=VECTOR('',#89,0.0259);
#91=LINE('',#88,#90);
#92=EDGE_CURVE('1512',#87,#79,#91,.T.);
#93=ORIENTED_EDGE('',*,*,#92,.F.);
#94=CARTESIAN_POINT('',(0.029999999,-0.028224999,0.001775));
#95=VERTEX_POINT('324',#94);
#96=CARTESIAN_POINT('',(0.029999999,-0.028224999,0.001775));
#97=DIRECTION('',(0.,0.707106033,-0.70710753));
#98=VECTOR('',#97,0.000388908);
#99=LINE('',#96,#98);
#100=EDGE_CURVE('1549',#95,#87,#99,.T.);
#101=ORIENTED_EDGE('',*,*,#100,.F.);
#102=CARTESIAN_POINT('',(0.029999999,-0.028499999,0.002049999));
#103=VERTEX_POINT('510',#102);
#104=CARTESIAN_POINT('',(0.029999999,-0.028499999,0.002049999));
#105=DIRECTION('',(0.,0.70710753,-0.707106033));
#106=VECTOR('',#105,0.000388909);
#107=LINE('',#104,#106);
#108=EDGE_CURVE('1540',#103,#95,#107,.T.);
#109=ORIENTED_EDGE('',*,*,#108,.F.);
#110=CARTESIAN_POINT('',(0.029999999,-0.028499999,0.002049999));
#111=DIRECTION('',(0.,0.,-1.));
#112=VECTOR('',#111,0.002049999);
#113=LINE('',#110,#112);
#114=EDGE_CURVE('1268',#103,#63,#113,.T.);
#115=ORIENTED_EDGE('',*,*,#114,.T.);
#116=EDGE_LOOP('',(#69,#77,#85,#93,#101,#109,#115));
#117=FACE_BOUND('',#116,.T.);
#118=ADVANCED_FACE('634',(#117),#59,.T.);
#119=CARTESIAN_POINT('',(0.029999999,-0.00205,0.0015));
#120=DIRECTION('',(1.,0.,0.));
#121=DIRECTION('',(0.,-1.,0.));
#122=AXIS2_PLACEMENT_3D('',#119,#120,#121);
#123=PLANE('',#122);
#124=CARTESIAN_POINT('',(0.029999999,-0.0015,0.02795));
#125=VERTEX_POINT('522',#124);
#126=CARTESIAN_POINT('',(0.029999999,-0.001775,0.028224999));
#127=VERTEX_POINT('322',#126);
#128=CARTESIAN_POINT('',(0.029999999,-0.0015,0.02795));
#129=DIRECTION('',(0.,-0.70710753,0.707106033));
#130=VECTOR('',#129,0.000388908);
#131=LINE('',#128,#130);
#132=EDGE_CURVE('1559',#125,#127,#131,.T.);
#133=ORIENTED_EDGE('',*,*,#132,.F.);
#134=CARTESIAN_POINT('',(0.029999999,-0.0015,0.031499999));
#135=VERTEX_POINT('532',#134);
#136=CARTESIAN_POINT('',(0.029999999,-0.0015,0.031499999));
#137=DIRECTION('',(0.,0.,-1.));
#138=VECTOR('',#137,0.003549999);
#139=LINE('',#136,#138);
#140=EDGE_CURVE('543',#135,#125,#139,.T.);
#141=ORIENTED_EDGE('',*,*,#140,.F.);
#142=CARTESIAN_POINT('',(0.029999999,-0.028499999,0.031499999));
#143=VERTEX_POINT('516',#142);
#144=CARTESIAN_POINT('',(0.029999999,-0.028499999,0.031499999));
#145=DIRECTION('',(0.,1.,0.));
#146=VECTOR('',#145,0.026999999);
#147=LINE('',#144,#146);
#148=EDGE_CURVE('551',#143,#135,#147,.T.);
#149=ORIENTED_EDGE('',*,*,#148,.F.);
#150=CARTESIAN_POINT('',(0.029999999,-0.028499999,0.02795));
#151=VERTEX_POINT('512',#150);
#152=CARTESIAN_POINT('',(0.029999999,-0.028499999,0.031499999));
#153=DIRECTION('',(0.,0.,-1.));
#154=VECTOR('',#153,0.003549999);
#155=LINE('',#152,#154);
#156=EDGE_CURVE('1796',#143,#151,#155,.T.);
#157=ORIENTED_EDGE('',*,*,#156,.T.);
#158=CARTESIAN_POINT('',(0.029999999,-0.02795,0.0285));
#159=VERTEX_POINT('326',#158);
#160=CARTESIAN_POINT('',(0.029999999,-0.02795,0.0285));
#161=DIRECTION('',(0.,-0.707106781,-0.707106781));
#162=VECTOR('',#161,0.000777817);
#163=LINE('',#160,#162);
#164=EDGE_CURVE('1528',#159,#151,#163,.T.);
#165=ORIENTED_EDGE('',*,*,#164,.F.);
#166=CARTESIAN_POINT('',(0.029999999,-0.00205,0.0285));
#167=VERTEX_POINT('320',#166);
#168=CARTESIAN_POINT('',(0.029999999,-0.02795,0.0285));
#169=DIRECTION('',(0.,1.,0.));
#170=VECTOR('',#169,0.0259);
#171=LINE('',#168,#170);
#172=EDGE_CURVE('1547',#159,#167,#171,.T.);
#173=ORIENTED_EDGE('',*,*,#172,.T.);
#174=CARTESIAN_POINT('',(0.029999999,-0.001775,0.028224999));
#175=DIRECTION('',(0.,-0.707106033,0.70710753));
#176=VECTOR('',#175,0.00038891);
#177=LINE('',#174,#176);
#178=EDGE_CURVE('1523',#127,#167,#177,.T.);
#179=ORIENTED_EDGE('',*,*,#178,.F.);
#180=EDGE_LOOP('',(#133,#141,#149,#157,#165,#173,#179));
#181=FACE_BOUND('',#180,.T.);
#182=ADVANCED_FACE('3237',(#181),#123,.T.);
#183=CARTESIAN_POINT('',(0.00205,0.,0.0015));
#184=DIRECTION('',(0.,1.,0.));
#185=DIRECTION('',(1.,0.,0.));
#186=AXIS2_PLACEMENT_3D('',#183,#184,#185);
#187=PLANE('',#186);
#188=CARTESIAN_POINT('',(0.0015,0.,0.031499999));
#189=VERTEX_POINT('74',#188);
#190=CARTESIAN_POINT('',(0.028499999,0.,0.031499999));
#191=VERTEX_POINT('530',#190);
#192=CARTESIAN_POINT('',(0.0015,0.,0.031499999));
#193=DIRECTION('',(1.,0.,-0.));
#194=VECTOR('',#193,0.026999999);
#195=LINE('',#192,#194);
#196=EDGE_CURVE('3384',#189,#191,#195,.T.);
#197=ORIENTED_EDGE('',*,*,#196,.T.);
#198=CARTESIAN_POINT('',(0.028499999,0.,0.02795));
#199=VERTEX_POINT('526',#198);
#200=CARTESIAN_POINT('',(0.028499999,0.,0.031499999));
#201=DIRECTION('',(0.,0.,-1.));
#202=VECTOR('',#201,0.003549999);
#203=LINE('',#200,#202);
#204=EDGE_CURVE('2526',#191,#199,#203,.T.);
#205=ORIENTED_EDGE('',*,*,#204,.T.);
#206=CARTESIAN_POINT('',(0.028225001,0.,0.028225001));
#207=VERTEX_POINT('342',#206);
#208=CARTESIAN_POINT('',(0.0285,0.,0.02795));
#209=DIRECTION('',(-0.707104386,0.,0.707109176));
#210=VECTOR('',#209,0.000388908);
#211=LINE('',#208,#210);
#212=EDGE_CURVE('1514',#199,#207,#211,.T.);
#213=ORIENTED_EDGE('',*,*,#212,.T.);
#214=CARTESIAN_POINT('',(0.02795,0.,0.0285));
#215=VERTEX_POINT('338',#214);
#216=CARTESIAN_POINT('',(0.028225001,0.,0.028225001));
#217=DIRECTION('',(-0.707109176,0.,0.707104386));
#218=VECTOR('',#217,0.000388909);
#219=LINE('',#216,#218);
#220=EDGE_CURVE('1500',#207,#215,#219,.T.);
#221=ORIENTED_EDGE('',*,*,#220,.T.);
#222=CARTESIAN_POINT('',(0.00205,0.,0.0285));
#223=VERTEX_POINT('332',#222);
#224=CARTESIAN_POINT('',(0.02795,0.,0.0285));
#225=DIRECTION('',(-1.,0.,0.));
#226=VECTOR('',#225,0.0259);
#227=LINE('',#224,#226);
#228=EDGE_CURVE('1494',#215,#223,#227,.T.);
#229=ORIENTED_EDGE('',*,*,#228,.T.);
#230=CARTESIAN_POINT('',(0.0015,0.,0.02795));
#231=VERTEX_POINT('482',#230);
#232=CARTESIAN_POINT('',(0.0015,0.,0.02795));
#233=DIRECTION('',(0.707106781,0.,0.707106781));
#234=VECTOR('',#233,0.000777817);
#235=LINE('',#232,#234);
#236=EDGE_CURVE('1504',#231,#223,#235,.T.);
#237=ORIENTED_EDGE('',*,*,#236,.F.);
#238=CARTESIAN_POINT('',(0.0015,0.,0.031499999));
#239=DIRECTION('',(0.,0.,-1.));
#240=VECTOR('',#239,0.003549999);
#241=LINE('',#238,#240);
#242=EDGE_CURVE('1277',#189,#231,#241,.T.);
#243=ORIENTED_EDGE('',*,*,#242,.F.);
#244=EDGE_LOOP('',(#197,#205,#213,#221,#229,#237,#243));
#245=FACE_BOUND('',#244,.T.);
#246=ADVANCED_FACE('1234',(#245),#187,.T.);
#247=CARTESIAN_POINT('',(0.00205,0.,0.0015));
#248=DIRECTION('',(0.,1.,0.));
#249=DIRECTION('',(1.,0.,0.));
#250=AXIS2_PLACEMENT_3D('',#247,#248,#249);
#251=PLANE('',#250);
#252=CARTESIAN_POINT('',(0.02795,0.,0.0015));
#253=VERTEX_POINT('344',#252);
#254=CARTESIAN_POINT('',(0.028499999,0.,0.002049999));
#255=VERTEX_POINT('524',#254);
#256=CARTESIAN_POINT('',(0.02795,0.,0.0015));
#257=DIRECTION('',(0.707106781,0.,0.707106781));
#258=VECTOR('',#257,0.000777816);
#259=LINE('',#256,#258);
#260=EDGE_CURVE('1486',#253,#255,#259,.T.);
#261=ORIENTED_EDGE('',*,*,#260,.T.);
#262=CARTESIAN_POINT('',(0.028499999,0.,0.));
#263=VERTEX_POINT('64',#262);
#264=CARTESIAN_POINT('',(0.028499999,0.,0.002049999));
#265=DIRECTION('',(0.,0.,-1.));
#266=VECTOR('',#265,0.002049999);
#267=LINE('',#264,#266);
#268=EDGE_CURVE('63',#255,#263,#267,.T.);
#269=ORIENTED_EDGE('',*,*,#268,.T.);
#270=CARTESIAN_POINT('',(0.0015,0.,-0.000000001));
#271=VERTEX_POINT('490',#270);
#272=CARTESIAN_POINT('',(0.028499999,0.,0.));
#273=DIRECTION('',(-1.,0.,0.));
#274=VECTOR('',#273,0.026999999);
#275=LINE('',#272,#274);
#276=EDGE_CURVE('1271',#263,#271,#275,.T.);
#277=ORIENTED_EDGE('',*,*,#276,.T.);
#278=CARTESIAN_POINT('',(0.0015,0.,0.00205));
#279=VERTEX_POINT('480',#278);
#280=CARTESIAN_POINT('',(0.0015,0.,0.00205));
#281=DIRECTION('',(0.,0.,-1.));
#282=VECTOR('',#281,0.00205);
#283=LINE('',#280,#282);
#284=EDGE_CURVE('1274',#279,#271,#283,.T.);
#285=ORIENTED_EDGE('',*,*,#284,.F.);
#286=CARTESIAN_POINT('',(0.001775,0.,0.001775));
#287=VERTEX_POINT('340',#286);
#288=CARTESIAN_POINT('',(0.001775,0.,0.001775));
#289=DIRECTION('',(-0.707106781,0.,0.707106781));
#290=VECTOR('',#289,0.000388909);
#291=LINE('',#288,#290);
#292=EDGE_CURVE('1490',#287,#279,#291,.T.);
#293=ORIENTED_EDGE('',*,*,#292,.F.);
#294=CARTESIAN_POINT('',(0.00205,0.,0.0015));
#295=VERTEX_POINT('348',#294);
#296=CARTESIAN_POINT('',(0.00205,0.,0.0015));
#297=DIRECTION('',(-0.707106781,0.,0.707106781));
#298=VECTOR('',#297,0.000388909);
#299=LINE('',#296,#298);
#300=EDGE_CURVE('1502',#295,#287,#299,.T.);
#301=ORIENTED_EDGE('',*,*,#300,.F.);
#302=CARTESIAN_POINT('',(0.02795,0.,0.0015));
#303=DIRECTION('',(-1.,0.,0.));
#304=VECTOR('',#303,0.0259);
#305=LINE('',#302,#304);
#306=EDGE_CURVE('1454',#253,#295,#305,.T.);
#307=ORIENTED_EDGE('',*,*,#306,.F.);
#308=EDGE_LOOP('',(#261,#269,#277,#285,#293,#301,#307));
#309=FACE_BOUND('',#308,.T.);
#310=ADVANCED_FACE('3234',(#309),#251,.T.);
#311=CARTESIAN_POINT('',(0.,0.,0.031499999));
#312=DIRECTION('',(0.,0.,1.));
#313=DIRECTION('',(0.,-1.,0.));
#314=AXIS2_PLACEMENT_3D('',#311,#312,#313);
#315=PLANE('',#314);
#316=CARTESIAN_POINT('',(0.029999999,0.,0.031499999));
#317=DIRECTION('',(0.,0.,1.));
#318=DIRECTION('',(1.,0.,-0.));
#319=AXIS2_PLACEMENT_3D('',#316,#317,#318);
#320=CIRCLE('',#319,0.0015);
#321=EDGE_CURVE('538',#135,#191,#320,.T.);
#322=ORIENTED_EDGE('',*,*,#321,.T.);
#323=CARTESIAN_POINT('',(0.029999999,0.,0.031499999));
#324=DIRECTION('',(0.,0.,1.));
#325=DIRECTION('',(1.,0.,-0.));
#326=AXIS2_PLACEMENT_3D('',#323,#324,#325);
#327=CIRCLE('',#326,0.0015);
#328=EDGE_CURVE('547',#191,#135,#327,.T.);
#329=ORIENTED_EDGE('',*,*,#328,.T.);
#330=EDGE_LOOP('',(#322,#329));
#331=FACE_BOUND('',#330,.T.);
#332=ADVANCED_FACE('3232',(#331),#315,.T.);
#333=CARTESIAN_POINT('',(0.00099,-0.029999999,0.00099));
#334=DIRECTION('',(0.,-1.,0.));
#335=DIRECTION('',(-0.707106781,0.,-0.707106781));
#336=AXIS2_PLACEMENT_3D('',#333,#334,#335);
#337=PLANE('',#336);
#338=CARTESIAN_POINT('',(0.028499999,-0.029999999,-0.000000001));
#339=VERTEX_POINT('514',#338);
#340=CARTESIAN_POINT('',(0.0015,-0.029999999,0.));
#341=VERTEX_POINT('68',#340);
#342=CARTESIAN_POINT('',(0.028499999,-0.029999999,0.));
#343=DIRECTION('',(-1.,0.,0.));
#344=VECTOR('',#343,0.026999999);
#345=LINE('',#342,#344);
#346=EDGE_CURVE('1596',#339,#341,#345,.T.);
#347=ORIENTED_EDGE('',*,*,#346,.F.);
#348=CARTESIAN_POINT('',(0.028499999,-0.029999999,0.002049999));
#349=VERTEX_POINT('506',#348);
#350=CARTESIAN_POINT('',(0.028499999,-0.029999999,0.002049999));
#351=DIRECTION('',(0.,0.,-1.));
#352=VECTOR('',#351,0.00205);
#353=LINE('',#350,#352);
#354=EDGE_CURVE('2525',#349,#339,#353,.T.);
#355=ORIENTED_EDGE('',*,*,#354,.F.);
#356=CARTESIAN_POINT('',(0.02795,-0.029999999,0.0015));
#357=VERTEX_POINT('280',#356);
#358=CARTESIAN_POINT('',(0.02795,-0.029999999,0.0015));
#359=DIRECTION('',(0.707106781,0.,0.707106781));
#360=VECTOR('',#359,0.000777816);
#361=LINE('',#358,#360);
#362=EDGE_CURVE('748',#357,#349,#361,.T.);
#363=ORIENTED_EDGE('',*,*,#362,.F.);
#364=CARTESIAN_POINT('',(0.00205,-0.029999999,0.0015));
#365=VERTEX_POINT('284',#364);
#366=CARTESIAN_POINT('',(0.00205,-0.029999999,0.0015));
#367=DIRECTION('',(1.,0.,-0.));
#368=VECTOR('',#367,0.0259);
#369=LINE('',#366,#368);
#370=EDGE_CURVE('696',#365,#357,#369,.T.);
#371=ORIENTED_EDGE('',*,*,#370,.F.);
#372=CARTESIAN_POINT('',(0.001775,-0.029999999,0.001775));
#373=VERTEX_POINT('256',#372);
#374=CARTESIAN_POINT('',(0.001775,-0.029999999,0.001775));
#375=DIRECTION('',(0.707106781,0.,-0.707106781));
#376=VECTOR('',#375,0.000388909);
#377=LINE('',#374,#376);
#378=EDGE_CURVE('756',#373,#365,#377,.T.);
#379=ORIENTED_EDGE('',*,*,#378,.F.);
#380=CARTESIAN_POINT('',(0.0015,-0.029999999,0.00205));
#381=VERTEX_POINT('496',#380);
#382=CARTESIAN_POINT('',(0.0015,-0.029999999,0.00205));
#383=DIRECTION('',(0.707106781,0.,-0.707106781));
#384=VECTOR('',#383,0.000388909);
#385=LINE('',#382,#384);
#386=EDGE_CURVE('812',#381,#373,#385,.T.);
#387=ORIENTED_EDGE('',*,*,#386,.F.);
#388=CARTESIAN_POINT('',(0.0015,-0.029999999,0.00205));
#389=DIRECTION('',(0.,0.,-1.));
#390=VECTOR('',#389,0.00205);
#391=LINE('',#388,#390);
#392=EDGE_CURVE('2540',#381,#341,#391,.T.);
#393=ORIENTED_EDGE('',*,*,#392,.T.);
#394=EDGE_LOOP('',(#347,#355,#363,#371,#379,#387,#393));
#395=FACE_BOUND('',#394,.T.);
#396=ADVANCED_FACE('2649',(#395),#337,.T.);
#397=CARTESIAN_POINT('',(0.00099,-0.029999999,0.00099));
#398=DIRECTION('',(0.,-1.,0.));
#399=DIRECTION('',(-0.707106781,0.,-0.707106781));
#400=AXIS2_PLACEMENT_3D('',#397,#398,#399);
#401=PLANE('',#400);
#402=CARTESIAN_POINT('',(0.028225001,-0.029999999,0.028225001));
#403=VERTEX_POINT('258',#402);
#404=CARTESIAN_POINT('',(0.028499999,-0.029999999,0.02795));
#405=VERTEX_POINT('508',#404);
#406=CARTESIAN_POINT('',(0.028225001,-0.029999999,0.028225001));
#407=DIRECTION('',(0.707104386,0.,-0.707109176));
#408=VECTOR('',#407,0.000388908);
#409=LINE('',#406,#408);
#410=EDGE_CURVE('736',#403,#405,#409,.T.);
#411=ORIENTED_EDGE('',*,*,#410,.T.);
#412=CARTESIAN_POINT('',(0.028499999,-0.029999999,0.031499999));
#413=VERTEX_POINT('518',#412);
#414=CARTESIAN_POINT('',(0.028499999,-0.029999999,0.031499999));
#415=DIRECTION('',(0.,0.,-1.));
#416=VECTOR('',#415,0.003549999);
#417=LINE('',#414,#416);
#418=EDGE_CURVE('2518',#413,#405,#417,.T.);
#419=ORIENTED_EDGE('',*,*,#418,.F.);
#420=CARTESIAN_POINT('',(0.0015,-0.029999999,0.031499999));
#421=VERTEX_POINT('500',#420);
#422=CARTESIAN_POINT('',(0.0015,-0.029999999,0.031499999));
#423=DIRECTION('',(1.,0.,-0.));
#424=VECTOR('',#423,0.026999999);
#425=LINE('',#422,#424);
#426=EDGE_CURVE('558',#421,#413,#425,.T.);
#427=ORIENTED_EDGE('',*,*,#426,.F.);
#428=CARTESIAN_POINT('',(0.0015,-0.029999999,0.02795));
#429=VERTEX_POINT('498',#428);
#430=CARTESIAN_POINT('',(0.0015,-0.029999999,0.031499999));
#431=DIRECTION('',(0.,0.,-1.));
#432=VECTOR('',#431,0.003549999);
#433=LINE('',#430,#432);
#434=EDGE_CURVE('2543',#421,#429,#433,.T.);
#435=ORIENTED_EDGE('',*,*,#434,.T.);
#436=CARTESIAN_POINT('',(0.00205,-0.029999999,0.0285));
#437=VERTEX_POINT('254',#436);
#438=CARTESIAN_POINT('',(0.0015,-0.029999999,0.02795));
#439=DIRECTION('',(0.707106781,0.,0.707106781));
#440=VECTOR('',#439,0.000777817);
#441=LINE('',#438,#440);
#442=EDGE_CURVE('716',#429,#437,#441,.T.);
#443=ORIENTED_EDGE('',*,*,#442,.T.);
#444=CARTESIAN_POINT('',(0.02795,-0.029999999,0.0285));
#445=VERTEX_POINT('260',#444);
#446=CARTESIAN_POINT('',(0.00205,-0.029999999,0.0285));
#447=DIRECTION('',(1.,0.,-0.));
#448=VECTOR('',#447,0.0259);
#449=LINE('',#446,#448);
#450=EDGE_CURVE('742',#437,#445,#449,.T.);
#451=ORIENTED_EDGE('',*,*,#450,.T.);
#452=CARTESIAN_POINT('',(0.02795,-0.029999999,0.0285));
#453=DIRECTION('',(0.707109176,0.,-0.707104386));
#454=VECTOR('',#453,0.000388909);
#455=LINE('',#452,#454);
#456=EDGE_CURVE('752',#445,#403,#455,.T.);
#457=ORIENTED_EDGE('',*,*,#456,.T.);
#458=EDGE_LOOP('',(#411,#419,#427,#435,#443,#451,#457));
#459=FACE_BOUND('',#458,.T.);
#460=ADVANCED_FACE('3229',(#459),#401,.T.);
#461=CARTESIAN_POINT('',(0.,0.,0.031499999));
#462=DIRECTION('',(0.,0.,1.));
#463=DIRECTION('',(0.,-1.,0.));
#464=AXIS2_PLACEMENT_3D('',#461,#462,#463);
#465=PLANE('',#464);
#466=CARTESIAN_POINT('',(0.029999999,-0.029999999,0.031499999));
#467=DIRECTION('',(0.,0.,1.));
#468=DIRECTION('',(1.,0.,-0.));
#469=AXIS2_PLACEMENT_3D('',#466,#467,#468);
#470=CIRCLE('',#469,0.0015);
#471=EDGE_CURVE('2523',#413,#143,#470,.T.);
#472=ORIENTED_EDGE('',*,*,#471,.T.);
#473=CARTESIAN_POINT('',(0.029999999,-0.029999999,0.031499999));
#474=DIRECTION('',(0.,0.,1.));
#475=DIRECTION('',(1.,0.,-0.));
#476=AXIS2_PLACEMENT_3D('',#473,#474,#475);
#477=CIRCLE('',#476,0.0015);
#478=EDGE_CURVE('1266',#143,#413,#477,.T.);
#479=ORIENTED_EDGE('',*,*,#478,.T.);
#480=EDGE_LOOP('',(#472,#479));
#481=FACE_BOUND('',#480,.T.);
#482=ADVANCED_FACE('3227',(#481),#465,.T.);
#483=CARTESIAN_POINT('',(0.,0.,0.00099));
#484=DIRECTION('',(-1.,0.,0.));
#485=DIRECTION('',(0.,0.,-1.));
#486=AXIS2_PLACEMENT_3D('',#483,#484,#485);
#487=PLANE('',#486);
#488=CARTESIAN_POINT('',(0.,-0.028499999,-0.000000001));
#489=VERTEX_POINT('502',#488);
#490=CARTESIAN_POINT('',(0.,-0.0015,0.));
#491=VERTEX_POINT('72',#490);
#492=CARTESIAN_POINT('',(0.,-0.028499999,0.));
#493=DIRECTION('',(0.,1.,0.));
#494=VECTOR('',#493,0.026999999);
#495=LINE('',#492,#494);
#496=EDGE_CURVE('1264',#489,#491,#495,.T.);
#497=ORIENTED_EDGE('',*,*,#496,.F.);
#498=CARTESIAN_POINT('',(0.,-0.028499999,0.002049999));
#499=VERTEX_POINT('492',#498);
#500=CARTESIAN_POINT('',(0.,-0.028499999,0.002049999));
#501=DIRECTION('',(0.,0.,-1.));
#502=VECTOR('',#501,0.00205);
#503=LINE('',#500,#502);
#504=EDGE_CURVE('2994',#499,#489,#503,.T.);
#505=ORIENTED_EDGE('',*,*,#504,.F.);
#506=CARTESIAN_POINT('',(0.,-0.02795,0.0015));
#507=VERTEX_POINT('270',#506);
#508=CARTESIAN_POINT('',(0.,-0.02795,0.0015));
#509=DIRECTION('',(0.,-0.707106781,0.707106781));
#510=VECTOR('',#509,0.000777816);
#511=LINE('',#508,#510);
#512=EDGE_CURVE('693',#507,#499,#511,.T.);
#513=ORIENTED_EDGE('',*,*,#512,.F.);
#514=CARTESIAN_POINT('',(0.,-0.00205,0.0015));
#515=VERTEX_POINT('262',#514);
#516=CARTESIAN_POINT('',(0.,-0.00205,0.0015));
#517=DIRECTION('',(0.,-1.,0.));
#518=VECTOR('',#517,0.0259);
#519=LINE('',#516,#518);
#520=EDGE_CURVE('738',#515,#507,#519,.T.);
#521=ORIENTED_EDGE('',*,*,#520,.F.);
#522=CARTESIAN_POINT('',(0.,-0.001775,0.001775));
#523=VERTEX_POINT('268',#522);
#524=CARTESIAN_POINT('',(0.,-0.001775,0.001775));
#525=DIRECTION('',(0.,-0.707106781,-0.707106781));
#526=VECTOR('',#525,0.000388909);
#527=LINE('',#524,#526);
#528=EDGE_CURVE('726',#523,#515,#527,.T.);
#529=ORIENTED_EDGE('',*,*,#528,.F.);
#530=CARTESIAN_POINT('',(0.,-0.0015,0.00205));
#531=VERTEX_POINT('484',#530);
#532=CARTESIAN_POINT('',(0.,-0.001775,0.001775));
#533=DIRECTION('',(0.,0.707106781,0.707106781));
#534=VECTOR('',#533,0.000388909);
#535=LINE('',#532,#534);
#536=EDGE_CURVE('710',#523,#531,#535,.T.);
#537=ORIENTED_EDGE('',*,*,#536,.T.);
#538=CARTESIAN_POINT('',(0.,-0.0015,0.00205));
#539=DIRECTION('',(0.,0.,-1.));
#540=VECTOR('',#539,0.00205);
#541=LINE('',#538,#540);
#542=EDGE_CURVE('3509',#531,#491,#541,.T.);
#543=ORIENTED_EDGE('',*,*,#542,.T.);
#544=EDGE_LOOP('',(#497,#505,#513,#521,#529,#537,#543));
#545=FACE_BOUND('',#544,.T.);
#546=ADVANCED_FACE('2655',(#545),#487,.T.);
#547=CARTESIAN_POINT('',(0.,0.,0.00099));
#548=DIRECTION('',(-1.,0.,0.));
#549=DIRECTION('',(0.,0.,-1.));
#550=AXIS2_PLACEMENT_3D('',#547,#548,#549);
#551=PLANE('',#550);
#552=CARTESIAN_POINT('',(0.,-0.028225001,0.028225001));
#553=VERTEX_POINT('276',#552);
#554=CARTESIAN_POINT('',(0.,-0.028499999,0.027950004));
#555=VERTEX_POINT('494',#554);
#556=CARTESIAN_POINT('',(0.,-0.028225001,0.028225001));
#557=DIRECTION('',(0.,-0.707104386,-0.707109176));
#558=VECTOR('',#557,0.000388905);
#559=LINE('',#556,#558);
#560=EDGE_CURVE('686',#553,#555,#559,.T.);
#561=ORIENTED_EDGE('',*,*,#560,.T.);
#562=CARTESIAN_POINT('',(0.,-0.028499999,0.031499999));
#563=VERTEX_POINT('504',#562);
#564=CARTESIAN_POINT('',(0.,-0.028499999,0.031499999));
#565=DIRECTION('',(0.,0.,-1.));
#566=VECTOR('',#565,0.003549995);
#567=LINE('',#564,#566);
#568=EDGE_CURVE('2506',#563,#555,#567,.T.);
#569=ORIENTED_EDGE('',*,*,#568,.F.);
#570=CARTESIAN_POINT('',(0.,-0.0015,0.031499999));
#571=VERTEX_POINT('488',#570);
#572=CARTESIAN_POINT('',(0.,-0.0015,0.031499999));
#573=DIRECTION('',(0.,-1.,0.));
#574=VECTOR('',#573,0.026999999);
#575=LINE('',#572,#574);
#576=EDGE_CURVE('653',#571,#563,#575,.T.);
#577=ORIENTED_EDGE('',*,*,#576,.F.);
#578=CARTESIAN_POINT('',(0.,-0.0015,0.02795));
#579=VERTEX_POINT('486',#578);
#580=CARTESIAN_POINT('',(0.,-0.0015,0.031499999));
#581=DIRECTION('',(0.,0.,-1.));
#582=VECTOR('',#581,0.003549999);
#583=LINE('',#580,#582);
#584=EDGE_CURVE('1282',#571,#579,#583,.T.);
#585=ORIENTED_EDGE('',*,*,#584,.T.);
#586=CARTESIAN_POINT('',(0.,-0.00205,0.0285));
#587=VERTEX_POINT('274',#586);
#588=CARTESIAN_POINT('',(0.,-0.0015,0.02795));
#589=DIRECTION('',(0.,-0.707106781,0.707106781));
#590=VECTOR('',#589,0.000777817);
#591=LINE('',#588,#590);
#592=EDGE_CURVE('656',#579,#587,#591,.T.);
#593=ORIENTED_EDGE('',*,*,#592,.T.);
#594=CARTESIAN_POINT('',(0.,-0.02795,0.0285));
#595=VERTEX_POINT('282',#594);
#596=CARTESIAN_POINT('',(0.,-0.00205,0.0285));
#597=DIRECTION('',(0.,-1.,0.));
#598=VECTOR('',#597,0.0259);
#599=LINE('',#596,#598);
#600=EDGE_CURVE('670',#587,#595,#599,.T.);
#601=ORIENTED_EDGE('',*,*,#600,.T.);
#602=CARTESIAN_POINT('',(0.,-0.02795,0.0285));
#603=DIRECTION('',(0.,-0.707109176,-0.707104386));
#604=VECTOR('',#603,0.000388909);
#605=LINE('',#602,#604);
#606=EDGE_CURVE('672',#595,#553,#605,.T.);
#607=ORIENTED_EDGE('',*,*,#606,.T.);
#608=EDGE_LOOP('',(#561,#569,#577,#585,#593,#601,#607));
#609=FACE_BOUND('',#608,.T.);
#610=ADVANCED_FACE('3224',(#609),#551,.T.);
#611=CARTESIAN_POINT('',(0.,0.,0.031499999));
#612=DIRECTION('',(0.,0.,1.));
#613=DIRECTION('',(0.,-1.,0.));
#614=AXIS2_PLACEMENT_3D('',#611,#612,#613);
#615=PLANE('',#614);
#616=CARTESIAN_POINT('',(-0.0015,-0.029999999,0.031499999));
#617=VERTEX_POINT('',#616);
#618=CARTESIAN_POINT('',(0.,-0.029999999,0.031499999));
#619=DIRECTION('',(0.,0.,1.));
#620=DIRECTION('',(1.,0.,-0.));
#621=AXIS2_PLACEMENT_3D('',#618,#619,#620);
#622=CIRCLE('',#621,0.0015);
#623=EDGE_CURVE('2535',#563,#617,#622,.T.);
#624=ORIENTED_EDGE('',*,*,#623,.T.);
#625=CARTESIAN_POINT('',(0.,-0.029999999,0.031499999));
#626=DIRECTION('',(0.,0.,1.));
#627=DIRECTION('',(1.,0.,-0.));
#628=AXIS2_PLACEMENT_3D('',#625,#626,#627);
#629=CIRCLE('',#628,0.0015);
#630=EDGE_CURVE('2535',#617,#421,#629,.T.);
#631=ORIENTED_EDGE('',*,*,#630,.T.);
#632=CARTESIAN_POINT('',(0.,-0.029999999,0.031499999));
#633=DIRECTION('',(0.,0.,1.));
#634=DIRECTION('',(1.,0.,-0.));
#635=AXIS2_PLACEMENT_3D('',#632,#633,#634);
#636=CIRCLE('',#635,0.0015);
#637=EDGE_CURVE('1262',#421,#563,#636,.T.);
#638=ORIENTED_EDGE('',*,*,#637,.T.);
#639=EDGE_LOOP('',(#624,#631,#638));
#640=FACE_BOUND('',#639,.T.);
#641=ADVANCED_FACE('3222',(#640),#615,.T.);
#642=CARTESIAN_POINT('',(0.,0.,0.031499999));
#643=DIRECTION('',(0.,0.,-1.));
#644=DIRECTION('',(-1.,0.,0.));
#645=AXIS2_PLACEMENT_3D('',#642,#643,#644);
#646=CYLINDRICAL_SURFACE('',#645,0.0015);
#647=CARTESIAN_POINT('',(-0.001499999,0.,-0.000000001));
#648=VERTEX_POINT('',#647);
#649=CARTESIAN_POINT('',(-0.0015,0.,0.031499999));
#650=VERTEX_POINT('',#649);
#651=CARTESIAN_POINT('',(-0.0015,0.,-0.000000001));
#652=DIRECTION('',(-0.,-0.,1.));
#653=VECTOR('',#652,0.0315);
#654=LINE('',#651,#653);
#655=EDGE_CURVE('',#648,#650,#654,.T.);
#656=ORIENTED_EDGE('',*,*,#655,.T.);
#657=CARTESIAN_POINT('',(0.,0.,0.031499999));
#658=DIRECTION('',(0.,0.,1.));
#659=DIRECTION('',(1.,0.,-0.));
#660=AXIS2_PLACEMENT_3D('',#657,#658,#659);
#661=CIRCLE('',#660,0.0015);
#662=EDGE_CURVE('1280',#189,#650,#661,.T.);
#663=ORIENTED_EDGE('',*,*,#662,.F.);
#664=ORIENTED_EDGE('',*,*,#242,.T.);
#665=CARTESIAN_POINT('',(0.0015,0.,0.02795));
#666=DIRECTION('',(0.,0.,-1.));
#667=VECTOR('',#666,0.0259);
#668=LINE('',#665,#667);
#669=EDGE_CURVE('1496',#231,#279,#668,.T.);
#670=ORIENTED_EDGE('',*,*,#669,.T.);
#671=ORIENTED_EDGE('',*,*,#284,.T.);
#672=CARTESIAN_POINT('',(0.,-0.0015,-0.000000001));
#673=CARTESIAN_POINT('',(-0.000073631,-0.0015,-0.000000001));
#674=CARTESIAN_POINT('',(-0.000147262,-0.001494569,-0.000000001));
#675=CARTESIAN_POINT('',(-0.000220096,-0.001483765,-0.000000001));
#676=CARTESIAN_POINT('',(-0.00029293,-0.001472961,-0.000000001));
#677=CARTESIAN_POINT('',(-0.000364966,-0.001456784,-0.000000001));
#678=CARTESIAN_POINT('',(-0.000435427,-0.001435411,-0.000000001));
#679=CARTESIAN_POINT('',(-0.000505888,-0.001414037,-0.000000001));
#680=CARTESIAN_POINT('',(-0.000574771,-0.001387465,-0.000000001));
#681=CARTESIAN_POINT('',(-0.000641333,-0.001355984,-0.000000001));
#682=CARTESIAN_POINT('',(-0.000707894,-0.001324503,-0.000000001));
#683=CARTESIAN_POINT('',(-0.000772133,-0.001288112,-0.000000001));
#684=CARTESIAN_POINT('',(-0.000833355,-0.001247204,-0.000000001));
#685=CARTESIAN_POINT('',(-0.000894577,-0.001206297,-0.000000001));
#686=CARTESIAN_POINT('',(-0.000952781,-0.001160874,-0.000000001));
#687=CARTESIAN_POINT('',(-0.001007338,-0.001111427,-0.000000001));
#688=CARTESIAN_POINT('',(-0.001061895,-0.001061979,-0.000000001));
#689=CARTESIAN_POINT('',(-0.001112805,-0.001008508,-0.000000001));
#690=CARTESIAN_POINT('',(-0.001159516,-0.00095159,-0.000000001));
#691=CARTESIAN_POINT('',(-0.001206227,-0.000894672,-0.000000001));
#692=CARTESIAN_POINT('',(-0.001248739,-0.00083431,-0.000000001));
#693=CARTESIAN_POINT('',(-0.001286593,-0.000771154,-0.000000001));
#694=CARTESIAN_POINT('',(-0.001324447,-0.000707999,-0.000000001));
#695=CARTESIAN_POINT('',(-0.001357642,-0.000642051,-0.000000001));
#696=CARTESIAN_POINT('',(-0.001385819,-0.000574025,-0.000000001));
#697=CARTESIAN_POINT('',(-0.001413997,-0.000505999,-0.000000001));
#698=CARTESIAN_POINT('',(-0.001437156,-0.000435895,-0.000000001));
#699=CARTESIAN_POINT('',(-0.001455047,-0.00036447,-0.000000001));
#700=CARTESIAN_POINT('',(-0.001472938,-0.000293046,-0.000000001));
#701=CARTESIAN_POINT('',(-0.00148556,-0.000220302,-0.000000001));
#702=CARTESIAN_POINT('',(-0.001492777,-0.000147026,-0.000000001));
#703=CARTESIAN_POINT('',(-0.001499994,-0.000073749,-0.000000001));
#704=CARTESIAN_POINT('',(-0.001501806,0.000000059,-0.000000001));
#705=CARTESIAN_POINT('',(-0.001498193,0.000073602,-0.000000001));
#706=CARTESIAN_POINT('',(-0.00149458,0.000147144,-0.000000001));
#707=CARTESIAN_POINT('',(-0.001485543,0.000220419,-0.000000001));
#708=CARTESIAN_POINT('',(-0.001471178,0.000292635,-0.000000001));
#709=CARTESIAN_POINT('',(-0.001456813,0.000364852,-0.000000001));
#710=CARTESIAN_POINT('',(-0.001437122,0.000436008,-0.000000001));
#711=CARTESIAN_POINT('',(-0.001412316,0.000505335,-0.000000001));
#712=CARTESIAN_POINT('',(-0.001387511,0.000574662,-0.000000001));
#713=CARTESIAN_POINT('',(-0.001357591,0.000642158,-0.000000001));
#714=CARTESIAN_POINT('',(-0.001322882,0.000707095,-0.000000001));
#715=CARTESIAN_POINT('',(-0.001288172,0.000772032,-0.000000001));
#716=CARTESIAN_POINT('',(-0.001248673,0.000834408,-0.000000001));
#717=CARTESIAN_POINT('',(-0.001204811,0.000893549,-0.000000001));
#718=CARTESIAN_POINT('',(-0.001160949,0.00095269,-0.000000001));
#719=CARTESIAN_POINT('',(-0.001112725,0.001008595,-0.000000001));
#720=CARTESIAN_POINT('',(-0.00106066,0.00106066,-0.000000001));
#721=CARTESIAN_POINT('',(-0.001008595,0.001112725,-0.000000001));
#722=CARTESIAN_POINT('',(-0.00095269,0.001160949,-0.000000001));
#723=CARTESIAN_POINT('',(-0.000893549,0.001204811,-0.000000001));
#724=CARTESIAN_POINT('',(-0.000834408,0.001248673,-0.000000001));
#725=CARTESIAN_POINT('',(-0.000772032,0.001288172,-0.000000001));
#726=CARTESIAN_POINT('',(-0.000707095,0.001322882,-0.000000001));
#727=CARTESIAN_POINT('',(-0.000642158,0.001357591,-0.000000001));
#728=CARTESIAN_POINT('',(-0.000574662,0.001387511,-0.000000001));
#729=CARTESIAN_POINT('',(-0.000505335,0.001412316,-0.000000001));
#730=CARTESIAN_POINT('',(-0.000436008,0.001437122,-0.000000001));
#731=CARTESIAN_POINT('',(-0.000364852,0.001456813,-0.000000001));
#732=CARTESIAN_POINT('',(-0.000292635,0.001471178,-0.000000001));
#733=CARTESIAN_POINT('',(-0.000220419,0.001485543,-0.000000001));
#734=CARTESIAN_POINT('',(-0.000147144,0.00149458,-0.000000001));
#735=CARTESIAN_POINT('',(-0.000073602,0.001498193,-0.000000001));
#736=CARTESIAN_POINT('',(-0.000000059,0.001501806,-0.000000001));
#737=CARTESIAN_POINT('',(0.000073749,0.001499994,-0.000000001));
#738=CARTESIAN_POINT('',(0.000147026,0.001492777,-0.000000001));
#739=CARTESIAN_POINT('',(0.000220302,0.00148556,-0.000000001));
#740=CARTESIAN_POINT('',(0.000293046,0.001472938,-0.000000001));
#741=CARTESIAN_POINT('',(0.00036447,0.001455047,-0.000000001));
#742=CARTESIAN_POINT('',(0.000435895,0.001437156,-0.000000001));
#743=CARTESIAN_POINT('',(0.000505999,0.001413997,-0.000000001));
#744=CARTESIAN_POINT('',(0.000574025,0.001385819,-0.000000001));
#745=CARTESIAN_POINT('',(0.000642051,0.001357642,-0.000000001));
#746=CARTESIAN_POINT('',(0.000707999,0.001324447,-0.000000001));
#747=CARTESIAN_POINT('',(0.000771154,0.001286593,-0.000000001));
#748=CARTESIAN_POINT('',(0.00083431,0.001248739,-0.000000001));
#749=CARTESIAN_POINT('',(0.000894672,0.001206227,-0.000000001));
#750=CARTESIAN_POINT('',(0.00095159,0.001159516,-0.000000001));
#751=CARTESIAN_POINT('',(0.001008508,0.001112805,-0.000000001));
#752=CARTESIAN_POINT('',(0.001061979,0.001061895,-0.000000001));
#753=CARTESIAN_POINT('',(0.001111427,0.001007338,-0.000000001));
#754=CARTESIAN_POINT('',(0.001160874,0.000952781,-0.000000001));
#755=CARTESIAN_POINT('',(0.001206297,0.000894577,-0.000000001));
#756=CARTESIAN_POINT('',(0.001247204,0.000833355,-0.000000001));
#757=CARTESIAN_POINT('',(0.001288112,0.000772133,-0.000000001));
#758=CARTESIAN_POINT('',(0.001324503,0.000707894,-0.000000001));
#759=CARTESIAN_POINT('',(0.001355984,0.000641333,-0.000000001));
#760=CARTESIAN_POINT('',(0.001387465,0.000574771,-0.000000001));
#761=CARTESIAN_POINT('',(0.001414037,0.000505888,-0.000000001));
#762=CARTESIAN_POINT('',(0.001435411,0.000435427,-0.000000001));
#763=CARTESIAN_POINT('',(0.001456784,0.000364966,-0.000000001));
#764=CARTESIAN_POINT('',(0.001472961,0.00029293,-0.000000001));
#765=CARTESIAN_POINT('',(0.001483765,0.000220096,-0.000000001));
#766=CARTESIAN_POINT('',(0.001494569,0.000147262,-0.000000001));
#767=CARTESIAN_POINT('',(0.0015,0.000073631,-0.000000001));
#768=CARTESIAN_POINT('',(0.0015,0.,-0.000000001));
#769=B_SPLINE_CURVE_WITH_KNOTS('',3,(#672,#673,#674,#675,#676,#677,#678,#679,#680,#681,#682,#683,#684,#685,#686,#687,#688,#689,#690,#691,#692,#693,#694,#695,#696,#697,
#698,#699,#700,#701,#702,#703,#704,#705,#706,#707,#708,#709,#710,#711,#712,#713,#714,#715,#716,#717,#718,#719,#720,#721,#722,
#723,#724,#725,#726,#727,#728,#729,#730,#731,#732,#733,#734,#735,#736,#737,#738,#739,#740,#741,#742,#743,#744,#745,#746,#747,
#748,#749,#750,#751,#752,#753,#754,#755,#756,#757,#758,#759,#760,#761,#762,#763,#764,#765,#766,#767,#768),.UNSPECIFIED.,.F.,.F.,(4,3,3,3,3,3,3,3,3,3,3,3,3,3,3,3,3,3,3,3,3,3,3,3,3,3,
3,3,3,3,3,3,4),(0.,0.03125,0.0625,0.09375,0.125,0.15625,0.1875,0.21875,0.25,0.28125,0.3125,0.34375,0.375,0.40625,0.4375,0.46875,0.5,0.53125,0.5625,0.59375,0.625,0.65625,0.6875,0.71875,0.75,0.78125,
0.8125,0.84375,0.875,0.90625,0.9375,0.96875,1.),.UNSPECIFIED.);
#770=EDGE_CURVE('2545',#648,#271,#769,.T.);
#771=ORIENTED_EDGE('',*,*,#770,.F.);
#772=EDGE_LOOP('',(#656,#663,#664,#670,#671,#771));
#773=FACE_BOUND('',#772,.T.);
#774=ADVANCED_FACE('567',(#773),#646,.T.);
#775=CARTESIAN_POINT('',(0.,0.,0.031499999));
#776=DIRECTION('',(0.,0.,1.));
#777=DIRECTION('',(0.,-1.,0.));
#778=AXIS2_PLACEMENT_3D('',#775,#776,#777);
#779=PLANE('',#778);
#780=ORIENTED_EDGE('',*,*,#662,.T.);
#781=CARTESIAN_POINT('',(0.,0.,0.031499999));
#782=DIRECTION('',(0.,0.,1.));
#783=DIRECTION('',(1.,0.,-0.));
#784=AXIS2_PLACEMENT_3D('',#781,#782,#783);
#785=CIRCLE('',#784,0.0015);
#786=EDGE_CURVE('1280',#650,#571,#785,.T.);
#787=ORIENTED_EDGE('',*,*,#786,.T.);
#788=CARTESIAN_POINT('',(0.,0.,0.031499999));
#789=DIRECTION('',(0.,0.,1.));
#790=DIRECTION('',(1.,0.,-0.));
#791=AXIS2_PLACEMENT_3D('',#788,#789,#790);
#792=CIRCLE('',#791,0.0015);
#793=EDGE_CURVE('560',#571,#189,#792,.T.);
#794=ORIENTED_EDGE('',*,*,#793,.T.);
#795=EDGE_LOOP('',(#780,#787,#794));
#796=FACE_BOUND('',#795,.T.);
#797=ADVANCED_FACE('3219',(#796),#779,.T.);
#798=CARTESIAN_POINT('',(0.015,-0.01606,0.01712));
#799=DIRECTION('',(-0.706687705,-0.003116118,0.707518747));
#800=DIRECTION('',(0.571476214,-0.592086843,0.568197243));
#801=AXIS2_PLACEMENT_3D('',#798,#799,#800);
#802=PLANE('',#801);
#803=CARTESIAN_POINT('',(0.026958615,-0.02844991,0.02901));
#804=VERTEX_POINT('146',#803);
#805=CARTESIAN_POINT('',(0.015,-0.01606,0.01712));
#806=VERTEX_POINT('80',#805);
#807=CARTESIAN_POINT('',(0.026958615,-0.02844991,0.02901));
#808=DIRECTION('',(-0.571476214,0.592086843,-0.568197243));
#809=VECTOR('',#808,0.020925831);
#810=LINE('',#807,#809);
#811=EDGE_CURVE('3541',#804,#806,#810,.T.);
#812=ORIENTED_EDGE('',*,*,#811,.F.);
#813=CARTESIAN_POINT('',(0.026954619,-0.02754382,0.02901));
#814=VERTEX_POINT('136',#813);
#815=CARTESIAN_POINT('',(0.026954619,-0.02754382,0.02901));
#816=DIRECTION('',(0.004409427,-0.999990278,0.));
#817=VECTOR('',#816,0.000906098);
#818=LINE('',#815,#817);
#819=EDGE_CURVE('2142',#814,#804,#818,.T.);
#820=ORIENTED_EDGE('',*,*,#819,.F.);
#821=CARTESIAN_POINT('',(0.015,-0.01606,0.01712));
#822=DIRECTION('',(0.586008546,-0.562930232,0.58284092));
#823=VECTOR('',#822,0.020400077);
#824=LINE('',#821,#823);
#825=EDGE_CURVE('1136',#806,#814,#824,.T.);
#826=ORIENTED_EDGE('',*,*,#825,.F.);
#827=EDGE_LOOP('',(#812,#820,#826));
#828=FACE_BOUND('',#827,.T.);
#829=ADVANCED_FACE('3217',(#828),#802,.T.);
#830=CARTESIAN_POINT('',(0.003041385,-0.02844991,0.02901));
#831=DIRECTION('',(0.706687618,-0.003115936,0.707518835));
#832=DIRECTION('',(0.571476206,0.592086847,-0.568197247));
#833=AXIS2_PLACEMENT_3D('',#830,#831,#832);
#834=PLANE('',#833);
#835=CARTESIAN_POINT('',(0.003041385,-0.02844991,0.02901));
#836=VERTEX_POINT('158',#835);
#837=CARTESIAN_POINT('',(0.015,-0.01606,0.01712));
#838=DIRECTION('',(-0.571476206,-0.592086847,0.568197247));
#839=VECTOR('',#838,0.020925831);
#840=LINE('',#837,#839);
#841=EDGE_CURVE('3550',#806,#836,#840,.T.);
#842=ORIENTED_EDGE('',*,*,#841,.F.);
#843=CARTESIAN_POINT('',(0.00304538,-0.02754382,0.02901));
#844=VERTEX_POINT('154',#843);
#845=CARTESIAN_POINT('',(0.015,-0.01606,0.01712));
#846=DIRECTION('',(-0.586008546,-0.562930232,0.58284092));
#847=VECTOR('',#846,0.020400077);
#848=LINE('',#845,#847);
#849=EDGE_CURVE('1148',#806,#844,#848,.T.);
#850=ORIENTED_EDGE('',*,*,#849,.T.);
#851=CARTESIAN_POINT('',(0.00304538,-0.02754382,0.02901));
#852=DIRECTION('',(-0.00440917,-0.99999028,0.));
#853=VECTOR('',#852,0.000906098);
#854=LINE('',#851,#853);
#855=EDGE_CURVE('2132',#844,#836,#854,.T.);
#856=ORIENTED_EDGE('',*,*,#855,.T.);
#857=EDGE_LOOP('',(#842,#850,#856));
#858=FACE_BOUND('',#857,.T.);
#859=ADVANCED_FACE('2320',(#858),#834,.T.);
#860=CARTESIAN_POINT('',(0.015,-0.01606,0.01712));
#861=DIRECTION('',(0.582310329,0.207624524,0.786006831));
#862=DIRECTION('',(-0.,0.966837798,-0.255391213));
#863=AXIS2_PLACEMENT_3D('',#860,#861,#862);
#864=PLANE('',#863);
#865=CARTESIAN_POINT('',(0.015,-0.015,0.01684));
#866=VERTEX_POINT('76',#865);
#867=CARTESIAN_POINT('',(0.015,-0.015,0.01684));
#868=DIRECTION('',(0.,-0.966837798,0.255391213));
#869=VECTOR('',#868,0.001096358);
#870=LINE('',#867,#869);
#871=EDGE_CURVE('1131',#866,#806,#870,.T.);
#872=ORIENTED_EDGE('',*,*,#871,.F.);
#873=CARTESIAN_POINT('',(0.003024202,-0.027484423,0.02901));
#874=VERTEX_POINT('128',#873);
#875=CARTESIAN_POINT('',(0.015,-0.015,0.01684));
#876=DIRECTION('',(-0.566189208,-0.590235875,0.575370657));
#877=VECTOR('',#876,0.021151583);
#878=LINE('',#875,#877);
#879=EDGE_CURVE('1142',#866,#874,#878,.T.);
#880=ORIENTED_EDGE('',*,*,#879,.T.);
#881=CARTESIAN_POINT('',(0.003024202,-0.027484423,0.02901));
#882=DIRECTION('',(0.335840496,-0.941918872,0.));
#883=VECTOR('',#882,0.000063061);
#884=LINE('',#881,#883);
#885=EDGE_CURVE('1004',#874,#844,#884,.T.);
#886=ORIENTED_EDGE('',*,*,#885,.T.);
#887=ORIENTED_EDGE('',*,*,#849,.F.);
#888=EDGE_LOOP('',(#872,#880,#886,#887));
#889=FACE_BOUND('',#888,.T.);
#890=ADVANCED_FACE('2322',(#889),#864,.T.);
#891=CARTESIAN_POINT('',(0.015,-0.015,0.01684));
#892=DIRECTION('',(0.406907876,0.406906759,0.817834256));
#893=DIRECTION('',(-0.59023586,-0.566189215,0.575370664));
#894=AXIS2_PLACEMENT_3D('',#891,#892,#893);
#895=PLANE('',#894);
#896=CARTESIAN_POINT('',(0.002515577,-0.026975797,0.02901));
#897=VERTEX_POINT('140',#896);
#898=CARTESIAN_POINT('',(0.002515577,-0.026975797,0.02901));
#899=DIRECTION('',(0.59023586,0.566189215,-0.575370664));
#900=VECTOR('',#899,0.021151582);
#901=LINE('',#898,#900);
#902=EDGE_CURVE('1153',#897,#866,#901,.T.);
#903=ORIENTED_EDGE('',*,*,#902,.F.);
#904=CARTESIAN_POINT('',(0.002769889,-0.02723011,0.02901));
#905=VERTEX_POINT('142',#904);
#906=CARTESIAN_POINT('',(0.002515577,-0.026975797,0.02901));
#907=DIRECTION('',(0.70710581,-0.707107752,0.));
#908=VECTOR('',#907,0.000359652);
#909=LINE('',#906,#908);
#910=EDGE_CURVE('990',#897,#905,#909,.T.);
#911=ORIENTED_EDGE('',*,*,#910,.T.);
#912=CARTESIAN_POINT('',(0.002816359,-0.027276579,0.02901));
#913=VERTEX_POINT('144',#912);
#914=CARTESIAN_POINT('',(0.002769889,-0.02723011,0.02901));
#915=DIRECTION('',(0.707112095,-0.707101467,0.));
#916=VECTOR('',#915,0.000065718);
#917=LINE('',#914,#916);
#918=EDGE_CURVE('998',#905,#913,#917,.T.);
#919=ORIENTED_EDGE('',*,*,#918,.T.);
#920=CARTESIAN_POINT('',(0.002816359,-0.027276579,0.02901));
#921=DIRECTION('',(0.707105989,-0.707107573,0.));
#922=VECTOR('',#921,0.000293934);
#923=LINE('',#920,#922);
#924=EDGE_CURVE('986',#913,#874,#923,.T.);
#925=ORIENTED_EDGE('',*,*,#924,.T.);
#926=ORIENTED_EDGE('',*,*,#879,.F.);
#927=EDGE_LOOP('',(#903,#911,#919,#925,#926));
#928=FACE_BOUND('',#927,.T.);
#929=ADVANCED_FACE('3213',(#928),#895,.T.);
#930=CARTESIAN_POINT('',(0.015,-0.01684,0.01684));
#931=DIRECTION('',(-0.789388144,-0.207438747,0.577785016));
#932=DIRECTION('',(0.579307646,-0.563162961,0.589279332));
#933=AXIS2_PLACEMENT_3D('',#930,#931,#932);
#934=PLANE('',#933);
#935=CARTESIAN_POINT('',(0.026964061,-0.028470635,0.02901));
#936=VERTEX_POINT('150',#935);
#937=CARTESIAN_POINT('',(0.015,-0.01684,0.01684));
#938=VERTEX_POINT('78',#937);
#939=CARTESIAN_POINT('',(0.026964061,-0.028470635,0.02901));
#940=DIRECTION('',(-0.579307646,0.563162961,-0.589279332));
#941=VECTOR('',#940,0.020652345);
#942=LINE('',#939,#941);
#943=EDGE_CURVE('1176',#936,#938,#942,.T.);
#944=ORIENTED_EDGE('',*,*,#943,.F.);
#945=CARTESIAN_POINT('',(0.026958615,-0.02844991,0.02901));
#946=DIRECTION('',(0.254155285,-0.967163425,0.));
#947=VECTOR('',#946,0.000021429);
#948=LINE('',#945,#947);
#949=EDGE_CURVE('2140',#804,#936,#948,.T.);
#950=ORIENTED_EDGE('',*,*,#949,.F.);
#951=ORIENTED_EDGE('',*,*,#811,.T.);
#952=CARTESIAN_POINT('',(0.015,-0.01684,0.01684));
#953=CARTESIAN_POINT('',(0.014999982,-0.016060005,0.017120013));
#954=B_SPLINE_CURVE_WITH_KNOTS('',1,(#952,#953),.UNSPECIFIED.,.F.,.F.,(2,2),(0.,1.),.UNSPECIFIED.);
#955=EDGE_CURVE('3552',#938,#806,#954,.T.);
#956=ORIENTED_EDGE('',*,*,#955,.F.);
#957=EDGE_LOOP('',(#944,#950,#951,#956));
#958=FACE_BOUND('',#957,.T.);
#959=ADVANCED_FACE('1169',(#958),#934,.T.);
#960=CARTESIAN_POINT('',(0.015,-0.015,0.01684));
#961=DIRECTION('',(-0.582310329,0.207624524,0.786006831));
#962=DIRECTION('',(-0.,-0.966837798,0.255391213));
#963=AXIS2_PLACEMENT_3D('',#960,#961,#962);
#964=PLANE('',#963);
#965=ORIENTED_EDGE('',*,*,#871,.T.);
#966=ORIENTED_EDGE('',*,*,#825,.T.);
#967=CARTESIAN_POINT('',(0.026975797,-0.027484423,0.02901));
#968=VERTEX_POINT('126',#967);
#969=CARTESIAN_POINT('',(0.026975797,-0.027484423,0.02901));
#970=DIRECTION('',(-0.335840496,-0.941918872,0.));
#971=VECTOR('',#970,0.000063061);
#972=LINE('',#969,#971);
#973=EDGE_CURVE('996',#968,#814,#972,.T.);
#974=ORIENTED_EDGE('',*,*,#973,.F.);
#975=CARTESIAN_POINT('',(0.015,-0.015,0.01684));
#976=DIRECTION('',(0.566189208,-0.590235875,0.575370657));
#977=VECTOR('',#976,0.021151583);
#978=LINE('',#975,#977);
#979=EDGE_CURVE('1116',#866,#968,#978,.T.);
#980=ORIENTED_EDGE('',*,*,#979,.F.);
#981=EDGE_LOOP('',(#965,#966,#974,#980));
#982=FACE_BOUND('',#981,.T.);
#983=ADVANCED_FACE('2324',(#982),#964,.T.);
#984=CARTESIAN_POINT('',(0.002515577,-0.026975797,0.02901));
#985=DIRECTION('',(0.207624721,0.582310187,0.786006884));
#986=DIRECTION('',(0.59023586,0.566189215,-0.575370664));
#987=AXIS2_PLACEMENT_3D('',#984,#985,#986);
#988=PLANE('',#987);
#989=ORIENTED_EDGE('',*,*,#902,.T.);
#990=CARTESIAN_POINT('',(0.01394,-0.015,0.01712));
#991=VERTEX_POINT('88',#990);
#992=CARTESIAN_POINT('',(0.01394,-0.015,0.01712));
#993=DIRECTION('',(0.966837743,0.,-0.255391422));
#994=VECTOR('',#993,0.001096357);
#995=LINE('',#992,#994);
#996=EDGE_CURVE('1144',#991,#866,#995,.T.);
#997=ORIENTED_EDGE('',*,*,#996,.F.);
#998=CARTESIAN_POINT('',(0.00245618,-0.026954619,0.02901));
#999=VERTEX_POINT('138',#998);
#1000=CARTESIAN_POINT('',(0.00245618,-0.026954619,0.02901));
#1001=DIRECTION('',(0.562930232,0.586008546,-0.58284092));
#1002=VECTOR('',#1001,0.020400077);
#1003=LINE('',#1000,#1002);
#1004=EDGE_CURVE('1151',#999,#991,#1003,.T.);
#1005=ORIENTED_EDGE('',*,*,#1004,.F.);
#1006=CARTESIAN_POINT('',(0.00245618,-0.026954619,0.02901));
#1007=DIRECTION('',(0.941918039,-0.335842832,0.));
#1008=VECTOR('',#1007,0.00006306);
#1009=LINE('',#1006,#1008);
#1010=EDGE_CURVE('992',#999,#897,#1009,.T.);
#1011=ORIENTED_EDGE('',*,*,#1010,.T.);
#1012=EDGE_LOOP('',(#989,#997,#1005,#1011));
#1013=FACE_BOUND('',#1012,.T.);
#1014=ADVANCED_FACE('3206',(#1013),#988,.T.);
#1015=CARTESIAN_POINT('',(0.003035939,-0.028470635,0.02901));
#1016=DIRECTION('',(0.789388151,-0.207438748,0.577785006));
#1017=DIRECTION('',(0.579307638,0.563162965,-0.589279336));
#1018=AXIS2_PLACEMENT_3D('',#1015,#1016,#1017);
#1019=PLANE('',#1018);
#1020=CARTESIAN_POINT('',(0.003035939,-0.028470635,0.02901));
#1021=VERTEX_POINT('160',#1020);
#1022=CARTESIAN_POINT('',(0.015,-0.01684,0.01684));
#1023=DIRECTION('',(-0.579307638,-0.563162965,0.589279336));
#1024=VECTOR('',#1023,0.020652345);
#1025=LINE('',#1022,#1024);
#1026=EDGE_CURVE('1179',#938,#1021,#1025,.T.);
#1027=ORIENTED_EDGE('',*,*,#1026,.F.);
#1028=ORIENTED_EDGE('',*,*,#955,.T.);
#1029=ORIENTED_EDGE('',*,*,#841,.T.);
#1030=CARTESIAN_POINT('',(0.003041385,-0.02844991,0.02901));
#1031=DIRECTION('',(-0.254155285,-0.967163425,0.));
#1032=VECTOR('',#1031,0.000021429);
#1033=LINE('',#1030,#1032);
#1034=EDGE_CURVE('2134',#836,#1021,#1033,.T.);
#1035=ORIENTED_EDGE('',*,*,#1034,.T.);
#1036=EDGE_LOOP('',(#1027,#1028,#1029,#1035));
#1037=FACE_BOUND('',#1036,.T.);
#1038=ADVANCED_FACE('2306',(#1037),#1019,.T.);
#1039=CARTESIAN_POINT('',(0.01606,-0.015,0.01712));
#1040=DIRECTION('',(-0.207622768,-0.58231156,0.786006383));
#1041=DIRECTION('',(0.562930232,0.586008546,0.58284092));
#1042=AXIS2_PLACEMENT_3D('',#1039,#1040,#1041);
#1043=PLANE('',#1042);
#1044=CARTESIAN_POINT('',(0.02754382,-0.00304538,0.02901));
#1045=VERTEX_POINT('198',#1044);
#1046=CARTESIAN_POINT('',(0.01606,-0.015,0.01712));
#1047=VERTEX_POINT('92',#1046);
#1048=CARTESIAN_POINT('',(0.02754382,-0.00304538,0.02901));
#1049=DIRECTION('',(-0.562930232,-0.586008546,-0.58284092));
#1050=VECTOR('',#1049,0.020400077);
#1051=LINE('',#1048,#1050);
#1052=EDGE_CURVE('1126',#1045,#1047,#1051,.T.);
#1053=ORIENTED_EDGE('',*,*,#1052,.F.);
#1054=CARTESIAN_POINT('',(0.027484423,-0.003024202,0.02901));
#1055=VERTEX_POINT('180',#1054);
#1056=CARTESIAN_POINT('',(0.02754382,-0.00304538,0.02901));
#1057=DIRECTION('',(-0.941918872,0.335840496,0.));
#1058=VECTOR('',#1057,0.000063061);
#1059=LINE('',#1056,#1058);
#1060=EDGE_CURVE('966',#1045,#1055,#1059,.T.);
#1061=ORIENTED_EDGE('',*,*,#1060,.T.);
#1062=CARTESIAN_POINT('',(0.027484423,-0.003024202,0.02901));
#1063=DIRECTION('',(-0.590235875,-0.566189208,-0.575370657));
#1064=VECTOR('',#1063,0.021151583);
#1065=LINE('',#1062,#1064);
#1066=EDGE_CURVE('1159',#1055,#866,#1065,.T.);
#1067=ORIENTED_EDGE('',*,*,#1066,.T.);
#1068=CARTESIAN_POINT('',(0.01606,-0.015,0.01712));
#1069=DIRECTION('',(-0.966837798,0.,-0.255391213));
#1070=VECTOR('',#1069,0.001096358);
#1071=LINE('',#1068,#1070);
#1072=EDGE_CURVE('1161',#1047,#866,#1071,.T.);
#1073=ORIENTED_EDGE('',*,*,#1072,.F.);
#1074=EDGE_LOOP('',(#1053,#1061,#1067,#1073));
#1075=FACE_BOUND('',#1074,.T.);
#1076=ADVANCED_FACE('2337',(#1075),#1043,.T.);
#1077=CARTESIAN_POINT('',(0.015,-0.015,0.01684));
#1078=DIRECTION('',(-0.40690732,0.40690732,0.817834253));
#1079=DIRECTION('',(0.566189208,-0.590235875,0.575370657));
#1080=AXIS2_PLACEMENT_3D('',#1077,#1078,#1079);
#1081=PLANE('',#1080);
#1082=ORIENTED_EDGE('',*,*,#979,.T.);
#1083=CARTESIAN_POINT('',(0.027484423,-0.026975797,0.02901));
#1084=VERTEX_POINT('152',#1083);
#1085=CARTESIAN_POINT('',(0.027484423,-0.026975797,0.02901));
#1086=DIRECTION('',(-0.707106781,-0.707106781,0.));
#1087=VECTOR('',#1086,0.000719304);
#1088=LINE('',#1085,#1087);
#1089=EDGE_CURVE('980',#1084,#968,#1088,.T.);
#1090=ORIENTED_EDGE('',*,*,#1089,.F.);
#1091=CARTESIAN_POINT('',(0.015,-0.015,0.01684));
#1092=DIRECTION('',(0.590235875,-0.566189208,0.575370657));
#1093=VECTOR('',#1092,0.021151583);
#1094=LINE('',#1091,#1093);
#1095=EDGE_CURVE('1129',#866,#1084,#1094,.T.);
#1096=ORIENTED_EDGE('',*,*,#1095,.F.);
#1097=EDGE_LOOP('',(#1082,#1090,#1096));
#1098=FACE_BOUND('',#1097,.T.);
#1099=ADVANCED_FACE('2334',(#1098),#1081,.T.);
#1100=CARTESIAN_POINT('',(0.015,-0.015,0.01684));
#1101=DIRECTION('',(-0.406905939,-0.406908674,0.817834267));
#1102=DIRECTION('',(0.576096068,0.580490655,0.575451058));
#1103=AXIS2_PLACEMENT_3D('',#1100,#1101,#1102);
#1104=PLANE('',#1103);
#1105=ORIENTED_EDGE('',*,*,#1066,.F.);
#1106=CARTESIAN_POINT('',(0.02723011,-0.002769889,0.02901));
#1107=VERTEX_POINT('178',#1106);
#1108=CARTESIAN_POINT('',(0.027484423,-0.003024202,0.02901));
#1109=DIRECTION('',(-0.707106457,0.707107105,0.));
#1110=VECTOR('',#1109,0.000359652);
#1111=LINE('',#1108,#1110);
#1112=EDGE_CURVE('928',#1055,#1107,#1111,.T.);
#1113=ORIENTED_EDGE('',*,*,#1112,.T.);
#1114=CARTESIAN_POINT('',(0.027183641,-0.002723419,0.02901));
#1115=VERTEX_POINT('192',#1114);
#1116=CARTESIAN_POINT('',(0.02723011,-0.002769889,0.02901));
#1117=DIRECTION('',(-0.707101467,0.707112095,0.));
#1118=VECTOR('',#1117,0.000065718);
#1119=LINE('',#1116,#1118);
#1120=EDGE_CURVE('950',#1107,#1115,#1119,.T.);
#1121=ORIENTED_EDGE('',*,*,#1120,.T.);
#1122=CARTESIAN_POINT('',(0.026975797,-0.002515577,0.02901));
#1123=VERTEX_POINT('182',#1122);
#1124=CARTESIAN_POINT('',(0.027183641,-0.002723419,0.02901));
#1125=DIRECTION('',(-0.707109158,0.707104405,0.));
#1126=VECTOR('',#1125,0.000293934);
#1127=LINE('',#1124,#1126);
#1128=EDGE_CURVE('944',#1115,#1123,#1127,.T.);
#1129=ORIENTED_EDGE('',*,*,#1128,.T.);
#1130=CARTESIAN_POINT('',(0.015,-0.015,0.01684));
#1131=DIRECTION('',(0.566189215,0.59023586,0.575370664));
#1132=VECTOR('',#1131,0.021151582);
#1133=LINE('',#1130,#1132);
#1134=EDGE_CURVE('1157',#866,#1123,#1133,.T.);
#1135=ORIENTED_EDGE('',*,*,#1134,.F.);
#1136=EDGE_LOOP('',(#1105,#1113,#1121,#1129,#1135));
#1137=FACE_BOUND('',#1136,.T.);
#1138=ADVANCED_FACE('2336',(#1137),#1104,.T.);
#1139=CARTESIAN_POINT('',(0.01394,-0.015,0.01712));
#1140=DIRECTION('',(0.207624069,-0.582310643,0.786006718));
#1141=DIRECTION('',(-0.560594014,0.587649874,0.58343978));
#1142=AXIS2_PLACEMENT_3D('',#1139,#1140,#1141);
#1143=PLANE('',#1142);
#1144=ORIENTED_EDGE('',*,*,#996,.T.);
#1145=CARTESIAN_POINT('',(0.002515577,-0.003024202,0.02901));
#1146=VERTEX_POINT('108',#1145);
#1147=CARTESIAN_POINT('',(0.002515577,-0.003024202,0.02901));
#1148=DIRECTION('',(0.59023586,-0.566189215,-0.575370664));
#1149=VECTOR('',#1148,0.021151582);
#1150=LINE('',#1147,#1149);
#1151=EDGE_CURVE('1120',#1146,#866,#1150,.T.);
#1152=ORIENTED_EDGE('',*,*,#1151,.F.);
#1153=CARTESIAN_POINT('',(0.00245618,-0.00304538,0.02901));
#1154=VERTEX_POINT('114',#1153);
#1155=CARTESIAN_POINT('',(0.002515577,-0.003024202,0.02901));
#1156=DIRECTION('',(-0.941918039,-0.335842832,0.));
#1157=VECTOR('',#1156,0.00006306);
#1158=LINE('',#1155,#1157);
#1159=EDGE_CURVE('1026',#1146,#1154,#1158,.T.);
#1160=ORIENTED_EDGE('',*,*,#1159,.T.);
#1161=CARTESIAN_POINT('',(0.01394,-0.015,0.01712));
#1162=DIRECTION('',(-0.562930232,0.586008546,0.58284092));
#1163=VECTOR('',#1162,0.020400077);
#1164=LINE('',#1161,#1163);
#1165=EDGE_CURVE('1134',#991,#1154,#1164,.T.);
#1166=ORIENTED_EDGE('',*,*,#1165,.F.);
#1167=EDGE_LOOP('',(#1144,#1152,#1160,#1166));
#1168=FACE_BOUND('',#1167,.T.);
#1169=ADVANCED_FACE('2332',(#1168),#1143,.T.);
#1170=CARTESIAN_POINT('',(0.01394,-0.015,0.01712));
#1171=DIRECTION('',(-0.003116178,0.706687736,0.707518716));
#1172=DIRECTION('',(-0.59208684,-0.571476216,0.568197245));
#1173=AXIS2_PLACEMENT_3D('',#1170,#1171,#1172);
#1174=PLANE('',#1173);
#1175=CARTESIAN_POINT('',(0.001550091,-0.026958615,0.02901));
#1176=VERTEX_POINT('116',#1175);
#1177=CARTESIAN_POINT('',(0.001550091,-0.026958615,0.02901));
#1178=DIRECTION('',(0.59208684,0.571476216,-0.568197245));
#1179=VECTOR('',#1178,0.020925831);
#1180=LINE('',#1177,#1179);
#1181=EDGE_CURVE('1146',#1176,#991,#1180,.T.);
#1182=ORIENTED_EDGE('',*,*,#1181,.F.);
#1183=CARTESIAN_POINT('',(0.002053605,-0.026956394,0.02901));
#1184=VERTEX_POINT('132',#1183);
#1185=CARTESIAN_POINT('',(0.001550091,-0.026958615,0.02901));
#1186=DIRECTION('',(0.999990278,0.004409512,0.));
#1187=VECTOR('',#1186,0.000503519);
#1188=LINE('',#1185,#1187);
#1189=EDGE_CURVE('1030',#1176,#1184,#1188,.T.);
#1190=ORIENTED_EDGE('',*,*,#1189,.T.);
#1191=CARTESIAN_POINT('',(0.002124007,-0.026956085,0.02901));
#1192=VERTEX_POINT('134',#1191);
#1193=CARTESIAN_POINT('',(0.002124007,-0.026956085,0.02901));
#1194=DIRECTION('',(-0.999990356,-0.004391826,0.));
#1195=VECTOR('',#1194,0.000070403);
#1196=LINE('',#1193,#1195);
#1197=EDGE_CURVE('1000',#1192,#1184,#1196,.T.);
#1198=ORIENTED_EDGE('',*,*,#1197,.F.);
#1199=CARTESIAN_POINT('',(0.00245618,-0.026954619,0.02901));
#1200=DIRECTION('',(-0.999990263,-0.004413031,0.));
#1201=VECTOR('',#1200,0.000332176);
#1202=LINE('',#1199,#1201);
#1203=EDGE_CURVE('994',#999,#1192,#1202,.T.);
#1204=ORIENTED_EDGE('',*,*,#1203,.F.);
#1205=ORIENTED_EDGE('',*,*,#1004,.T.);
#1206=EDGE_LOOP('',(#1182,#1190,#1198,#1204,#1205));
#1207=FACE_BOUND('',#1206,.T.);
#1208=ADVANCED_FACE('2330',(#1207),#1174,.T.);
#1209=CARTESIAN_POINT('',(0.015,-0.01684,0.01684));
#1210=DIRECTION('',(-0.815038745,-0.409702236,0.409702236));
#1211=DIRECTION('',(0.579307653,-0.589279307,0.56316298));
#1212=AXIS2_PLACEMENT_3D('',#1209,#1210,#1211);
#1213=PLANE('',#1212);
#1214=CARTESIAN_POINT('',(0.0272,-0.02925,0.0287));
#1215=VERTEX_POINT('82',#1214);
#1216=CARTESIAN_POINT('',(0.0272,-0.02925,0.0287));
#1217=DIRECTION('',(-0.579307653,0.589279307,-0.56316298));
#1218=VECTOR('',#1217,0.021059623);
#1219=LINE('',#1216,#1218);
#1220=EDGE_CURVE('1182',#1215,#938,#1219,.T.);
#1221=ORIENTED_EDGE('',*,*,#1220,.F.);
#1222=CARTESIAN_POINT('',(0.0272,-0.02894,0.02901));
#1223=VERTEX_POINT('156',#1222);
#1224=CARTESIAN_POINT('',(0.0272,-0.02894,0.02901));
#1225=DIRECTION('',(0.,-0.707106781,-0.707106781));
#1226=VECTOR('',#1225,0.000438406);
#1227=LINE('',#1224,#1226);
#1228=EDGE_CURVE('1124',#1223,#1215,#1227,.T.);
#1229=ORIENTED_EDGE('',*,*,#1228,.F.);
#1230=CARTESIAN_POINT('',(0.026964061,-0.028470635,0.02901));
#1231=DIRECTION('',(0.449127236,-0.893467809,0.));
#1232=VECTOR('',#1231,0.000525329);
#1233=LINE('',#1230,#1232);
#1234=EDGE_CURVE('984',#936,#1223,#1233,.T.);
#1235=ORIENTED_EDGE('',*,*,#1234,.F.);
#1236=ORIENTED_EDGE('',*,*,#943,.T.);
#1237=EDGE_LOOP('',(#1221,#1229,#1235,#1236));
#1238=FACE_BOUND('',#1237,.T.);
#1239=ADVANCED_FACE('3654',(#1238),#1213,.T.);
#1240=CARTESIAN_POINT('',(0.015,-0.015,0.01684));
#1241=DIRECTION('',(0.406907325,-0.406907325,0.817834248));
#1242=DIRECTION('',(-0.566189215,0.59023586,0.575370664));
#1243=AXIS2_PLACEMENT_3D('',#1240,#1241,#1242);
#1244=PLANE('',#1243);
#1245=CARTESIAN_POINT('',(0.003024202,-0.002515577,0.02901));
#1246=VERTEX_POINT('106',#1245);
#1247=CARTESIAN_POINT('',(0.003024202,-0.002515577,0.02901));
#1248=DIRECTION('',(0.566189215,-0.59023586,-0.575370664));
#1249=VECTOR('',#1248,0.021151582);
#1250=LINE('',#1247,#1249);
#1251=EDGE_CURVE('1096',#1246,#866,#1250,.T.);
#1252=ORIENTED_EDGE('',*,*,#1251,.F.);
#1253=CARTESIAN_POINT('',(0.002515577,-0.003024202,0.02901));
#1254=DIRECTION('',(0.707106781,0.707106781,0.));
#1255=VECTOR('',#1254,0.000719304);
#1256=LINE('',#1253,#1255);
#1257=EDGE_CURVE('1016',#1146,#1246,#1256,.T.);
#1258=ORIENTED_EDGE('',*,*,#1257,.F.);
#1259=ORIENTED_EDGE('',*,*,#1151,.T.);
#1260=EDGE_LOOP('',(#1252,#1258,#1259));
#1261=FACE_BOUND('',#1260,.T.);
#1262=ADVANCED_FACE('3656',(#1261),#1244,.T.);
#1263=CARTESIAN_POINT('',(0.01394,-0.015,0.01712));
#1264=DIRECTION('',(-0.003115937,-0.706687618,0.707518835));
#1265=DIRECTION('',(-0.562930232,0.586008546,0.58284092));
#1266=AXIS2_PLACEMENT_3D('',#1263,#1264,#1265);
#1267=PLANE('',#1266);
#1268=ORIENTED_EDGE('',*,*,#1165,.T.);
#1269=CARTESIAN_POINT('',(0.001550091,-0.003041385,0.02901));
#1270=VERTEX_POINT('110',#1269);
#1271=CARTESIAN_POINT('',(0.00245618,-0.00304538,0.02901));
#1272=DIRECTION('',(-0.99999028,0.004409171,0.));
#1273=VECTOR('',#1272,0.000906098);
#1274=LINE('',#1271,#1273);
#1275=EDGE_CURVE('1022',#1154,#1270,#1274,.T.);
#1276=ORIENTED_EDGE('',*,*,#1275,.T.);
#1277=CARTESIAN_POINT('',(0.01394,-0.015,0.01712));
#1278=DIRECTION('',(-0.592086843,0.571476208,0.568197249));
#1279=VECTOR('',#1278,0.020925831);
#1280=LINE('',#1277,#1279);
#1281=EDGE_CURVE('1094',#991,#1270,#1280,.T.);
#1282=ORIENTED_EDGE('',*,*,#1281,.F.);
#1283=EDGE_LOOP('',(#1268,#1276,#1282));
#1284=FACE_BOUND('',#1283,.T.);
#1285=ADVANCED_FACE('3658',(#1284),#1267,.T.);
#1286=CARTESIAN_POINT('',(0.015,-0.01394,0.01712));
#1287=DIRECTION('',(-0.582310643,-0.207624069,0.786006718));
#1288=DIRECTION('',(0.587649874,0.560594014,0.58343978));
#1289=AXIS2_PLACEMENT_3D('',#1286,#1287,#1288);
#1290=PLANE('',#1289);
#1291=CARTESIAN_POINT('',(0.015,-0.01394,0.01712));
#1292=VERTEX_POINT('98',#1291);
#1293=CARTESIAN_POINT('',(0.015,-0.015,0.01684));
#1294=DIRECTION('',(0.,0.966837743,0.255391422));
#1295=VECTOR('',#1294,0.001096357);
#1296=LINE('',#1293,#1295);
#1297=EDGE_CURVE('1155',#866,#1292,#1296,.T.);
#1298=ORIENTED_EDGE('',*,*,#1297,.F.);
#1299=ORIENTED_EDGE('',*,*,#1134,.T.);
#1300=CARTESIAN_POINT('',(0.026954619,-0.00245618,0.02901));
#1301=VERTEX_POINT('194',#1300);
#1302=CARTESIAN_POINT('',(0.026975797,-0.002515577,0.02901));
#1303=DIRECTION('',(-0.335842832,0.941918039,0.));
#1304=VECTOR('',#1303,0.00006306);
#1305=LINE('',#1302,#1304);
#1306=EDGE_CURVE('946',#1123,#1301,#1305,.T.);
#1307=ORIENTED_EDGE('',*,*,#1306,.T.);
#1308=CARTESIAN_POINT('',(0.015,-0.01394,0.01712));
#1309=DIRECTION('',(0.586008546,0.562930232,0.58284092));
#1310=VECTOR('',#1309,0.020400077);
#1311=LINE('',#1308,#1310);
#1312=EDGE_CURVE('1060',#1292,#1301,#1311,.T.);
#1313=ORIENTED_EDGE('',*,*,#1312,.F.);
#1314=EDGE_LOOP('',(#1298,#1299,#1307,#1313));
#1315=FACE_BOUND('',#1314,.T.);
#1316=ADVANCED_FACE('2328',(#1315),#1290,.T.);
#1317=CARTESIAN_POINT('',(0.0028,-0.02894,0.02901));
#1318=DIRECTION('',(0.815038765,-0.409702216,0.409702216));
#1319=DIRECTION('',(-0.,-0.707106781,-0.707106781));
#1320=AXIS2_PLACEMENT_3D('',#1317,#1318,#1319);
#1321=PLANE('',#1320);
#1322=CARTESIAN_POINT('',(0.0028,-0.02894,0.02901));
#1323=VERTEX_POINT('124',#1322);
#1324=CARTESIAN_POINT('',(0.0028,-0.02925,0.0287));
#1325=VERTEX_POINT('86',#1324);
#1326=CARTESIAN_POINT('',(0.0028,-0.02894,0.02901));
#1327=DIRECTION('',(0.,-0.707106781,-0.707106781));
#1328=VECTOR('',#1327,0.000438406);
#1329=LINE('',#1326,#1328);
#1330=EDGE_CURVE('1122',#1323,#1325,#1329,.T.);
#1331=ORIENTED_EDGE('',*,*,#1330,.T.);
#1332=CARTESIAN_POINT('',(0.015,-0.01684,0.01684));
#1333=DIRECTION('',(-0.579307624,-0.589279322,0.563162994));
#1334=VECTOR('',#1333,0.021059622);
#1335=LINE('',#1332,#1334);
#1336=EDGE_CURVE('1185',#938,#1325,#1335,.T.);
#1337=ORIENTED_EDGE('',*,*,#1336,.F.);
#1338=ORIENTED_EDGE('',*,*,#1026,.T.);
#1339=CARTESIAN_POINT('',(0.003035939,-0.028470635,0.02901));
#1340=DIRECTION('',(-0.449126174,-0.893468343,0.));
#1341=VECTOR('',#1340,0.000525328);
#1342=LINE('',#1339,#1341);
#1343=EDGE_CURVE('976',#1021,#1323,#1342,.T.);
#1344=ORIENTED_EDGE('',*,*,#1343,.T.);
#1345=EDGE_LOOP('',(#1331,#1337,#1338,#1344));
#1346=FACE_BOUND('',#1345,.T.);
#1347=ADVANCED_FACE('2326',(#1346),#1321,.T.);
#1348=CARTESIAN_POINT('',(0.015,-0.01684,0.01684));
#1349=DIRECTION('',(-0.789382381,-0.577801018,0.207416104));
#1350=DIRECTION('',(0.,-0.337865264,-0.941194487));
#1351=AXIS2_PLACEMENT_3D('',#1348,#1349,#1350);
#1352=PLANE('',#1351);
#1353=CARTESIAN_POINT('',(0.015,-0.01712,0.01606));
#1354=VERTEX_POINT('90',#1353);
#1355=CARTESIAN_POINT('',(0.015,-0.01712,0.01606));
#1356=DIRECTION('',(0.,0.337865264,0.941194487));
#1357=VECTOR('',#1356,0.000828734);
#1358=LINE('',#1355,#1357);
#1359=EDGE_CURVE('1188',#1354,#938,#1358,.T.);
#1360=ORIENTED_EDGE('',*,*,#1359,.F.);
#1361=CARTESIAN_POINT('',(0.0272,-0.02925,0.0287));
#1362=DIRECTION('',(-0.571476251,0.568197243,-0.592086808));
#1363=VECTOR('',#1362,0.02134822);
#1364=LINE('',#1361,#1363);
#1365=EDGE_CURVE('1118',#1215,#1354,#1364,.T.);
#1366=ORIENTED_EDGE('',*,*,#1365,.F.);
#1367=ORIENTED_EDGE('',*,*,#1220,.T.);
#1368=EDGE_LOOP('',(#1360,#1366,#1367));
#1369=FACE_BOUND('',#1368,.T.);
#1370=ADVANCED_FACE('3663',(#1369),#1352,.T.);
#1371=CARTESIAN_POINT('',(0.0028,-0.02925,0.0287));
#1372=DIRECTION('',(0.,0.707106781,-0.707106781));
#1373=DIRECTION('',(0.999153367,0.029090793,0.029090793));
#1374=AXIS2_PLACEMENT_3D('',#1371,#1372,#1373);
#1375=PLANE('',#1374);
#1376=ORIENTED_EDGE('',*,*,#1330,.F.);
#1377=CARTESIAN_POINT('',(0.013447272,-0.02894,0.02901));
#1378=VERTEX_POINT('164',#1377);
#1379=CARTESIAN_POINT('',(0.0028,-0.02894,0.02901));
#1380=DIRECTION('',(1.,0.,-0.));
#1381=VECTOR('',#1380,0.010647272);
#1382=LINE('',#1379,#1381);
#1383=EDGE_CURVE('978',#1323,#1378,#1382,.T.);
#1384=ORIENTED_EDGE('',*,*,#1383,.T.);
#1385=CARTESIAN_POINT('',(0.013447272,-0.02894,0.02901));
#1386=DIRECTION('',(1.,0.,-0.));
#1387=VECTOR('',#1386,0.013752729);
#1388=LINE('',#1385,#1387);
#1389=EDGE_CURVE('1002',#1378,#1223,#1388,.T.);
#1390=ORIENTED_EDGE('',*,*,#1389,.T.);
#1391=ORIENTED_EDGE('',*,*,#1228,.T.);
#1392=CARTESIAN_POINT('',(0.0028,-0.02925,0.0287));
#1393=DIRECTION('',(1.,0.,-0.));
#1394=VECTOR('',#1393,0.0244);
#1395=LINE('',#1392,#1394);
#1396=EDGE_CURVE('1054',#1325,#1215,#1395,.T.);
#1397=ORIENTED_EDGE('',*,*,#1396,.F.);
#1398=EDGE_LOOP('',(#1376,#1384,#1390,#1391,#1397));
#1399=FACE_BOUND('',#1398,.T.);
#1400=ADVANCED_FACE('3665',(#1399),#1375,.T.);
#1401=CARTESIAN_POINT('',(0.027484423,-0.026975797,0.02901));
#1402=DIRECTION('',(-0.207622768,0.58231156,0.786006383));
#1403=DIRECTION('',(0.941918872,0.335840496,-0.));
#1404=AXIS2_PLACEMENT_3D('',#1401,#1402,#1403);
#1405=PLANE('',#1404);
#1406=CARTESIAN_POINT('',(0.02754382,-0.026954619,0.02901));
#1407=VERTEX_POINT('130',#1406);
#1408=CARTESIAN_POINT('',(0.02754382,-0.026954619,0.02901));
#1409=DIRECTION('',(-0.941918872,-0.335840496,0.));
#1410=VECTOR('',#1409,0.000063061);
#1411=LINE('',#1408,#1410);
#1412=EDGE_CURVE('974',#1407,#1084,#1411,.T.);
#1413=ORIENTED_EDGE('',*,*,#1412,.F.);
#1414=CARTESIAN_POINT('',(0.01606,-0.015,0.01712));
#1415=DIRECTION('',(0.562930232,-0.586008546,0.58284092));
#1416=VECTOR('',#1415,0.020400077);
#1417=LINE('',#1414,#1416);
#1418=EDGE_CURVE('1139',#1047,#1407,#1417,.T.);
#1419=ORIENTED_EDGE('',*,*,#1418,.F.);
#1420=ORIENTED_EDGE('',*,*,#1072,.T.);
#1421=ORIENTED_EDGE('',*,*,#1095,.T.);
#1422=EDGE_LOOP('',(#1413,#1419,#1420,#1421));
#1423=FACE_BOUND('',#1422,.T.);
#1424=ADVANCED_FACE('3667',(#1423),#1405,.T.);
#1425=CARTESIAN_POINT('',(0.027875992,-0.003043915,0.02901));
#1426=DIRECTION('',(0.003115783,-0.706687538,0.707518915));
#1427=DIRECTION('',(-0.573877429,-0.580681448,-0.577471863));
#1428=AXIS2_PLACEMENT_3D('',#1425,#1426,#1427);
#1429=PLANE('',#1428);
#1430=CARTESIAN_POINT('',(0.027875992,-0.003043915,0.02901));
#1431=VERTEX_POINT('188',#1430);
#1432=CARTESIAN_POINT('',(0.027875992,-0.003043915,0.02901));
#1433=DIRECTION('',(-0.999990278,-0.004409545,0.));
#1434=VECTOR('',#1433,0.000332174);
#1435=LINE('',#1432,#1434);
#1436=EDGE_CURVE('930',#1431,#1045,#1435,.T.);
#1437=ORIENTED_EDGE('',*,*,#1436,.T.);
#1438=ORIENTED_EDGE('',*,*,#1052,.T.);
#1439=CARTESIAN_POINT('',(0.02844991,-0.003041385,0.02901));
#1440=VERTEX_POINT('190',#1439);
#1441=CARTESIAN_POINT('',(0.02844991,-0.003041385,0.02901));
#1442=CARTESIAN_POINT('',(0.01606,-0.015,0.01712));
#1443=B_SPLINE_CURVE_WITH_KNOTS('',1,(#1441,#1442),.UNSPECIFIED.,.F.,.F.,(2,2),(0.,1.),.UNSPECIFIED.);
#1444=EDGE_CURVE('3584',#1440,#1047,#1443,.T.);
#1445=ORIENTED_EDGE('',*,*,#1444,.F.);
#1446=CARTESIAN_POINT('',(0.02844991,-0.003041385,0.02901));
#1447=DIRECTION('',(-0.999990281,-0.004408954,0.));
#1448=VECTOR('',#1447,0.000573924);
#1449=LINE('',#1446,#1448);
#1450=EDGE_CURVE('2014',#1440,#1431,#1449,.T.);
#1451=ORIENTED_EDGE('',*,*,#1450,.T.);
#1452=EDGE_LOOP('',(#1437,#1438,#1445,#1451));
#1453=FACE_BOUND('',#1452,.T.);
#1454=ADVANCED_FACE('2006',(#1453),#1429,.T.);
#1455=CARTESIAN_POINT('',(0.001550091,-0.026958615,0.02901));
#1456=DIRECTION('',(-0.20742127,0.789383709,0.577797349));
#1457=DIRECTION('',(0.562563103,0.579459797,-0.589702551));
#1458=AXIS2_PLACEMENT_3D('',#1455,#1456,#1457);
#1459=PLANE('',#1458);
#1460=ORIENTED_EDGE('',*,*,#1181,.T.);
#1461=CARTESIAN_POINT('',(0.01316,-0.015,0.01684));
#1462=VERTEX_POINT('200',#1461);
#1463=CARTESIAN_POINT('',(0.01316,-0.015,0.01684));
#1464=DIRECTION('',(0.941194616,0.,0.337864907));
#1465=VECTOR('',#1464,0.000828734);
#1466=LINE('',#1463,#1465);
#1467=EDGE_CURVE('1080',#1462,#991,#1466,.T.);
#1468=ORIENTED_EDGE('',*,*,#1467,.F.);
#1469=CARTESIAN_POINT('',(0.001529363,-0.026964061,0.02901));
#1470=VERTEX_POINT('122',#1469);
#1471=CARTESIAN_POINT('',(0.001529363,-0.026964061,0.02901));
#1472=DIRECTION('',(0.56316298,0.579307636,-0.589279322));
#1473=VECTOR('',#1472,0.020652345);
#1474=LINE('',#1471,#1473);
#1475=EDGE_CURVE('1072',#1470,#1462,#1474,.T.);
#1476=ORIENTED_EDGE('',*,*,#1475,.F.);
#1477=CARTESIAN_POINT('',(0.001529363,-0.026964061,0.02901));
#1478=DIRECTION('',(0.967168337,0.254136591,0.));
#1479=VECTOR('',#1478,0.000021431);
#1480=LINE('',#1477,#1479);
#1481=EDGE_CURVE('1012',#1470,#1176,#1480,.T.);
#1482=ORIENTED_EDGE('',*,*,#1481,.T.);
#1483=EDGE_LOOP('',(#1460,#1468,#1476,#1482));
#1484=FACE_BOUND('',#1483,.T.);
#1485=ADVANCED_FACE('2004',(#1484),#1459,.T.);
#1486=CARTESIAN_POINT('',(0.0028,-0.02925,0.0287));
#1487=DIRECTION('',(0.789382404,-0.57780099,0.207416094));
#1488=DIRECTION('',(0.571476222,0.568197257,-0.592086823));
#1489=AXIS2_PLACEMENT_3D('',#1486,#1487,#1488);
#1490=PLANE('',#1489);
#1491=CARTESIAN_POINT('',(0.015,-0.01712,0.01606));
#1492=DIRECTION('',(-0.571476222,-0.568197257,0.592086823));
#1493=VECTOR('',#1492,0.021348219);
#1494=LINE('',#1491,#1493);
#1495=EDGE_CURVE('1056',#1354,#1325,#1494,.T.);
#1496=ORIENTED_EDGE('',*,*,#1495,.F.);
#1497=ORIENTED_EDGE('',*,*,#1359,.T.);
#1498=ORIENTED_EDGE('',*,*,#1336,.T.);
#1499=EDGE_LOOP('',(#1496,#1497,#1498));
#1500=FACE_BOUND('',#1499,.T.);
#1501=ADVANCED_FACE('2002',(#1500),#1490,.T.);
#1502=CARTESIAN_POINT('',(0.015,-0.01712,0.01606));
#1503=DIRECTION('',(-0.706687731,-0.707518721,0.003116214));
#1504=DIRECTION('',(0.586008571,-0.582840912,0.562930214));
#1505=AXIS2_PLACEMENT_3D('',#1502,#1503,#1504);
#1506=PLANE('',#1505);
#1507=CARTESIAN_POINT('',(0.02795,-0.029999999,0.0285));
#1508=DIRECTION('',(-0.586008571,0.582840912,-0.562930214));
#1509=VECTOR('',#1508,0.022098653);
#1510=LINE('',#1507,#1509);
#1511=EDGE_CURVE('1062',#445,#1354,#1510,.T.);
#1512=ORIENTED_EDGE('',*,*,#1511,.F.);
#1513=CARTESIAN_POINT('',(0.0272,-0.02925,0.0287));
#1514=DIRECTION('',(0.694861612,-0.694861612,-0.1852962));
#1515=VECTOR('',#1514,0.001079351);
#1516=LINE('',#1513,#1515);
#1517=EDGE_CURVE('1068',#1215,#445,#1516,.T.);
#1518=ORIENTED_EDGE('',*,*,#1517,.F.);
#1519=ORIENTED_EDGE('',*,*,#1365,.T.);
#1520=EDGE_LOOP('',(#1512,#1518,#1519));
#1521=FACE_BOUND('',#1520,.T.);
#1522=ADVANCED_FACE('1998',(#1521),#1506,.T.);
#1523=CARTESIAN_POINT('',(0.02844991,-0.026958615,0.02901));
#1524=DIRECTION('',(0.003116118,0.706687705,0.707518747));
#1525=DIRECTION('',(-0.592086843,0.571476214,-0.568197243));
#1526=AXIS2_PLACEMENT_3D('',#1523,#1524,#1525);
#1527=PLANE('',#1526);
#1528=CARTESIAN_POINT('',(0.02844991,-0.026958615,0.02901));
#1529=VERTEX_POINT('148',#1528);
#1530=CARTESIAN_POINT('',(0.01606,-0.015,0.01712));
#1531=DIRECTION('',(0.592086843,-0.571476214,0.568197243));
#1532=VECTOR('',#1531,0.020925831);
#1533=LINE('',#1530,#1532);
#1534=EDGE_CURVE('2021',#1047,#1529,#1533,.T.);
#1535=ORIENTED_EDGE('',*,*,#1534,.F.);
#1536=ORIENTED_EDGE('',*,*,#1418,.T.);
#1537=CARTESIAN_POINT('',(0.02844991,-0.026958615,0.02901));
#1538=DIRECTION('',(-0.999990278,0.004409427,0.));
#1539=VECTOR('',#1538,0.000906098);
#1540=LINE('',#1537,#1539);
#1541=EDGE_CURVE('1990',#1529,#1407,#1540,.T.);
#1542=ORIENTED_EDGE('',*,*,#1541,.F.);
#1543=EDGE_LOOP('',(#1535,#1536,#1542));
#1544=FACE_BOUND('',#1543,.T.);
#1545=ADVANCED_FACE('1995',(#1544),#1527,.T.);
#1546=CARTESIAN_POINT('',(0.01316,-0.01684,0.015));
#1547=DIRECTION('',(-0.40970224,-0.40970224,-0.815038741));
#1548=DIRECTION('',(-0.563162969,-0.589279312,0.579307658));
#1549=AXIS2_PLACEMENT_3D('',#1546,#1547,#1548);
#1550=PLANE('',#1549);
#1551=CARTESIAN_POINT('',(0.0013,-0.02925,0.0272));
#1552=VERTEX_POINT('186',#1551);
#1553=CARTESIAN_POINT('',(0.01316,-0.01684,0.015));
#1554=VERTEX_POINT('84',#1553);
#1555=CARTESIAN_POINT('',(0.0013,-0.02925,0.0272));
#1556=DIRECTION('',(0.563162969,0.589279312,-0.579307658));
#1557=VECTOR('',#1556,0.021059623);
#1558=LINE('',#1555,#1557);
#1559=EDGE_CURVE('1082',#1552,#1554,#1558,.T.);
#1560=ORIENTED_EDGE('',*,*,#1559,.F.);
#1561=CARTESIAN_POINT('',(0.00075,-0.0287,0.0272));
#1562=VERTEX_POINT('94',#1561);
#1563=CARTESIAN_POINT('',(0.00075,-0.0287,0.0272));
#1564=DIRECTION('',(0.707106781,-0.707106781,0.));
#1565=VECTOR('',#1564,0.000777817);
#1566=LINE('',#1563,#1565);
#1567=EDGE_CURVE('1048',#1562,#1552,#1566,.T.);
#1568=ORIENTED_EDGE('',*,*,#1567,.F.);
#1569=CARTESIAN_POINT('',(0.01316,-0.01684,0.015));
#1570=DIRECTION('',(-0.589279296,-0.563162985,0.579307659));
#1571=VECTOR('',#1570,0.021059623);
#1572=LINE('',#1569,#1571);
#1573=EDGE_CURVE('1052',#1554,#1562,#1572,.T.);
#1574=ORIENTED_EDGE('',*,*,#1573,.F.);
#1575=EDGE_LOOP('',(#1560,#1568,#1574));
#1576=FACE_BOUND('',#1575,.T.);
#1577=ADVANCED_FACE('3674',(#1576),#1550,.T.);
#1578=CARTESIAN_POINT('',(0.015,-0.01394,0.01712));
#1579=DIRECTION('',(0.582310643,-0.207624069,0.786006718));
#1580=DIRECTION('',(-0.586008546,0.562930232,0.58284092));
#1581=AXIS2_PLACEMENT_3D('',#1578,#1579,#1580);
#1582=PLANE('',#1581);
#1583=CARTESIAN_POINT('',(0.00304538,-0.00245618,0.02901));
#1584=VERTEX_POINT('104',#1583);
#1585=CARTESIAN_POINT('',(0.00304538,-0.00245618,0.02901));
#1586=DIRECTION('',(0.586008546,-0.562930232,-0.58284092));
#1587=VECTOR('',#1586,0.020400077);
#1588=LINE('',#1585,#1587);
#1589=EDGE_CURVE('1086',#1584,#1292,#1588,.T.);
#1590=ORIENTED_EDGE('',*,*,#1589,.F.);
#1591=CARTESIAN_POINT('',(0.00304538,-0.00245618,0.02901));
#1592=DIRECTION('',(-0.335842832,-0.941918039,0.));
#1593=VECTOR('',#1592,0.00006306);
#1594=LINE('',#1591,#1593);
#1595=EDGE_CURVE('1018',#1584,#1246,#1594,.T.);
#1596=ORIENTED_EDGE('',*,*,#1595,.T.);
#1597=ORIENTED_EDGE('',*,*,#1251,.T.);
#1598=ORIENTED_EDGE('',*,*,#1297,.T.);
#1599=EDGE_LOOP('',(#1590,#1596,#1597,#1598));
#1600=FACE_BOUND('',#1599,.T.);
#1601=ADVANCED_FACE('3676',(#1600),#1582,.T.);
#1602=CARTESIAN_POINT('',(0.01316,-0.015,0.01684));
#1603=DIRECTION('',(-0.207421272,-0.789383716,0.577797339));
#1604=DIRECTION('',(-0.562563107,0.579459789,0.589702555));
#1605=AXIS2_PLACEMENT_3D('',#1602,#1603,#1604);
#1606=PLANE('',#1605);
#1607=ORIENTED_EDGE('',*,*,#1467,.T.);
#1608=ORIENTED_EDGE('',*,*,#1281,.T.);
#1609=CARTESIAN_POINT('',(0.001529363,-0.003035939,0.02901));
#1610=VERTEX_POINT('120',#1609);
#1611=CARTESIAN_POINT('',(0.001550091,-0.003041385,0.02901));
#1612=DIRECTION('',(-0.967168337,0.254136591,0.));
#1613=VECTOR('',#1612,0.000021431);
#1614=LINE('',#1611,#1613);
#1615=EDGE_CURVE('1006',#1270,#1610,#1614,.T.);
#1616=ORIENTED_EDGE('',*,*,#1615,.T.);
#1617=CARTESIAN_POINT('',(0.01316,-0.015,0.01684));
#1618=DIRECTION('',(-0.563162984,0.579307629,0.589279326));
#1619=VECTOR('',#1618,0.020652345);
#1620=LINE('',#1617,#1619);
#1621=EDGE_CURVE('1076',#1462,#1610,#1620,.T.);
#1622=ORIENTED_EDGE('',*,*,#1621,.F.);
#1623=EDGE_LOOP('',(#1607,#1608,#1616,#1622));
#1624=FACE_BOUND('',#1623,.T.);
#1625=ADVANCED_FACE('3678',(#1624),#1606,.T.);
#1626=CARTESIAN_POINT('',(0.015,-0.01394,0.01712));
#1627=DIRECTION('',(-0.706687736,0.003116178,0.707518716));
#1628=DIRECTION('',(0.579551936,0.576158917,0.576333633));
#1629=AXIS2_PLACEMENT_3D('',#1626,#1627,#1628);
#1630=PLANE('',#1629);
#1631=ORIENTED_EDGE('',*,*,#1312,.T.);
#1632=CARTESIAN_POINT('',(0.026956394,-0.002053605,0.02901));
#1633=VERTEX_POINT('196',#1632);
#1634=CARTESIAN_POINT('',(0.026954619,-0.00245618,0.02901));
#1635=DIRECTION('',(0.004409323,0.999990279,0.));
#1636=VECTOR('',#1635,0.000402579);
#1637=LINE('',#1634,#1636);
#1638=EDGE_CURVE('958',#1301,#1633,#1637,.T.);
#1639=ORIENTED_EDGE('',*,*,#1638,.T.);
#1640=CARTESIAN_POINT('',(0.026958615,-0.001550091,0.02901));
#1641=VERTEX_POINT('170',#1640);
#1642=CARTESIAN_POINT('',(0.026958615,-0.001550091,0.02901));
#1643=DIRECTION('',(-0.004409512,-0.999990278,0.));
#1644=VECTOR('',#1643,0.000503519);
#1645=LINE('',#1642,#1644);
#1646=EDGE_CURVE('942',#1641,#1633,#1645,.T.);
#1647=ORIENTED_EDGE('',*,*,#1646,.F.);
#1648=CARTESIAN_POINT('',(0.015,-0.01394,0.01712));
#1649=DIRECTION('',(0.571476216,0.59208684,0.568197245));
#1650=VECTOR('',#1649,0.020925831);
#1651=LINE('',#1648,#1650);
#1652=EDGE_CURVE('1058',#1292,#1641,#1651,.T.);
#1653=ORIENTED_EDGE('',*,*,#1652,.F.);
#1654=EDGE_LOOP('',(#1631,#1639,#1647,#1653));
#1655=FACE_BOUND('',#1654,.T.);
#1656=ADVANCED_FACE('3680',(#1655),#1630,.T.);
#1657=CARTESIAN_POINT('',(0.015,-0.01712,0.01606));
#1658=DIRECTION('',(0.70668765,-0.707518803,0.003116005));
#1659=DIRECTION('',(-0.571476222,-0.568197257,0.592086823));
#1660=AXIS2_PLACEMENT_3D('',#1657,#1658,#1659);
#1661=PLANE('',#1660);
#1662=ORIENTED_EDGE('',*,*,#1495,.T.);
#1663=CARTESIAN_POINT('',(0.00205,-0.029999999,0.0285));
#1664=DIRECTION('',(0.694861723,0.694861507,0.185296172));
#1665=VECTOR('',#1664,0.001079351);
#1666=LINE('',#1663,#1665);
#1667=EDGE_CURVE('1092',#437,#1325,#1666,.T.);
#1668=ORIENTED_EDGE('',*,*,#1667,.F.);
#1669=CARTESIAN_POINT('',(0.015,-0.01712,0.01606));
#1670=DIRECTION('',(-0.58600855,-0.582840923,0.562930224));
#1671=VECTOR('',#1670,0.022098653);
#1672=LINE('',#1669,#1671);
#1673=EDGE_CURVE('1066',#1354,#437,#1672,.T.);
#1674=ORIENTED_EDGE('',*,*,#1673,.F.);
#1675=EDGE_LOOP('',(#1662,#1668,#1674));
#1676=FACE_BOUND('',#1675,.T.);
#1677=ADVANCED_FACE('1976',(#1676),#1661,.T.);
#1678=CARTESIAN_POINT('',(0.015,-0.01712,0.01606));
#1679=DIRECTION('',(-0.582310303,-0.786006849,-0.207624529));
#1680=DIRECTION('',(-0.,0.255391213,-0.966837798));
#1681=AXIS2_PLACEMENT_3D('',#1678,#1679,#1680);
#1682=PLANE('',#1681);
#1683=CARTESIAN_POINT('',(0.015,-0.01684,0.015));
#1684=VERTEX_POINT('232',#1683);
#1685=CARTESIAN_POINT('',(0.015,-0.01684,0.015));
#1686=DIRECTION('',(0.,-0.255391213,0.966837798));
#1687=VECTOR('',#1686,0.001096358);
#1688=LINE('',#1685,#1687);
#1689=EDGE_CURVE('1050',#1684,#1354,#1688,.T.);
#1690=ORIENTED_EDGE('',*,*,#1689,.F.);
#1691=CARTESIAN_POINT('',(0.02795,-0.029999999,0.0285));
#1692=DIRECTION('',(-0.566189226,0.575370641,-0.590235872));
#1693=VECTOR('',#1692,0.022872213);
#1694=LINE('',#1691,#1693);
#1695=EDGE_CURVE('1114',#445,#1684,#1694,.T.);
#1696=ORIENTED_EDGE('',*,*,#1695,.F.);
#1697=ORIENTED_EDGE('',*,*,#1511,.T.);
#1698=EDGE_LOOP('',(#1690,#1696,#1697));
#1699=FACE_BOUND('',#1698,.T.);
#1700=ADVANCED_FACE('3683',(#1699),#1682,.T.);
#1701=CARTESIAN_POINT('',(0.00205,-0.029999999,0.0285));
#1702=DIRECTION('',(-0.,0.257662352,-0.966235019));
#1703=DIRECTION('',(0.694861723,0.694861507,0.185296172));
#1704=AXIS2_PLACEMENT_3D('',#1701,#1702,#1703);
#1705=PLANE('',#1704);
#1706=ORIENTED_EDGE('',*,*,#1667,.T.);
#1707=ORIENTED_EDGE('',*,*,#1396,.T.);
#1708=ORIENTED_EDGE('',*,*,#1517,.T.);
#1709=ORIENTED_EDGE('',*,*,#450,.F.);
#1710=EDGE_LOOP('',(#1706,#1707,#1708,#1709));
#1711=FACE_BOUND('',#1710,.T.);
#1712=ADVANCED_FACE('1974',(#1711),#1705,.T.);
#1713=CARTESIAN_POINT('',(0.02844991,-0.003041385,0.02901));
#1714=DIRECTION('',(0.207438748,-0.789388151,0.577785006));
#1715=DIRECTION('',(-0.562563141,-0.579459773,-0.589702538));
#1716=AXIS2_PLACEMENT_3D('',#1713,#1714,#1715);
#1717=PLANE('',#1716);
#1718=ORIENTED_EDGE('',*,*,#1444,.T.);
#1719=CARTESIAN_POINT('',(0.01684,-0.015,0.01684));
#1720=VERTEX_POINT('206',#1719);
#1721=CARTESIAN_POINT('',(0.01684,-0.015,0.01684));
#1722=CARTESIAN_POINT('',(0.016060005,-0.015000017,0.017120013));
#1723=B_SPLINE_CURVE_WITH_KNOTS('',1,(#1721,#1722),.UNSPECIFIED.,.F.,.F.,(2,2),(0.,1.),.UNSPECIFIED.);
#1724=EDGE_CURVE('2081',#1720,#1047,#1723,.T.);
#1725=ORIENTED_EDGE('',*,*,#1724,.F.);
#1726=CARTESIAN_POINT('',(0.028470635,-0.003035939,0.02901));
#1727=VERTEX_POINT('176',#1726);
#1728=CARTESIAN_POINT('',(0.028470635,-0.003035939,0.02901));
#1729=DIRECTION('',(-0.563162965,-0.579307638,-0.589279336));
#1730=VECTOR('',#1729,0.020652345);
#1731=LINE('',#1728,#1730);
#1732=EDGE_CURVE('1203',#1727,#1720,#1731,.T.);
#1733=ORIENTED_EDGE('',*,*,#1732,.F.);
#1734=CARTESIAN_POINT('',(0.028470635,-0.003035939,0.02901));
#1735=DIRECTION('',(-0.967163425,-0.254155285,0.));
#1736=VECTOR('',#1735,0.000021429);
#1737=LINE('',#1734,#1736);
#1738=EDGE_CURVE('2011',#1727,#1440,#1737,.T.);
#1739=ORIENTED_EDGE('',*,*,#1738,.T.);
#1740=EDGE_LOOP('',(#1718,#1725,#1733,#1739));
#1741=FACE_BOUND('',#1740,.T.);
#1742=ADVANCED_FACE('1196',(#1741),#1717,.T.);
#1743=CARTESIAN_POINT('',(0.01316,-0.01684,0.015));
#1744=DIRECTION('',(-0.207415907,-0.57780116,-0.789382329));
#1745=DIRECTION('',(0.941194616,-0.337864907,-0.));
#1746=AXIS2_PLACEMENT_3D('',#1743,#1744,#1745);
#1747=PLANE('',#1746);
#1748=CARTESIAN_POINT('',(0.01394,-0.01712,0.015));
#1749=VERTEX_POINT('172',#1748);
#1750=CARTESIAN_POINT('',(0.01394,-0.01712,0.015));
#1751=DIRECTION('',(-0.941194616,0.337864907,0.));
#1752=VECTOR('',#1751,0.000828734);
#1753=LINE('',#1750,#1752);
#1754=EDGE_CURVE('1098',#1749,#1554,#1753,.T.);
#1755=ORIENTED_EDGE('',*,*,#1754,.F.);
#1756=CARTESIAN_POINT('',(0.0013,-0.02925,0.0272));
#1757=DIRECTION('',(0.592086825,0.568197233,-0.571476242));
#1758=VECTOR('',#1757,0.02134822);
#1759=LINE('',#1756,#1758);
#1760=EDGE_CURVE('1088',#1552,#1749,#1759,.T.);
#1761=ORIENTED_EDGE('',*,*,#1760,.F.);
#1762=ORIENTED_EDGE('',*,*,#1559,.T.);
#1763=EDGE_LOOP('',(#1755,#1761,#1762));
#1764=FACE_BOUND('',#1763,.T.);
#1765=ADVANCED_FACE('2000',(#1764),#1747,.T.);
#1766=CARTESIAN_POINT('',(0.01288,-0.01606,0.015));
#1767=DIRECTION('',(-0.577801414,-0.207415556,-0.789382235));
#1768=DIRECTION('',(0.337864269,-0.941194845,-0.));
#1769=AXIS2_PLACEMENT_3D('',#1766,#1767,#1768);
#1770=PLANE('',#1769);
#1771=CARTESIAN_POINT('',(0.01288,-0.01606,0.015));
#1772=VERTEX_POINT('222',#1771);
#1773=CARTESIAN_POINT('',(0.01316,-0.01684,0.015));
#1774=DIRECTION('',(-0.337864269,0.941194845,0.));
#1775=VECTOR('',#1774,0.000828733);
#1776=LINE('',#1773,#1775);
#1777=EDGE_CURVE('1112',#1554,#1772,#1776,.T.);
#1778=ORIENTED_EDGE('',*,*,#1777,.F.);
#1779=ORIENTED_EDGE('',*,*,#1573,.T.);
#1780=CARTESIAN_POINT('',(0.01288,-0.01606,0.015));
#1781=DIRECTION('',(-0.568197261,-0.592086799,0.571476242));
#1782=VECTOR('',#1781,0.02134822);
#1783=LINE('',#1780,#1782);
#1784=EDGE_CURVE('1038',#1772,#1562,#1783,.T.);
#1785=ORIENTED_EDGE('',*,*,#1784,.F.);
#1786=EDGE_LOOP('',(#1778,#1779,#1785));
#1787=FACE_BOUND('',#1786,.T.);
#1788=ADVANCED_FACE('1968',(#1787),#1770,.T.);
#1789=CARTESIAN_POINT('',(0.01316,-0.01684,0.015));
#1790=DIRECTION('',(-0.409702219,-0.409702219,0.815038761));
#1791=DIRECTION('',(-0.589279311,-0.563163,-0.579307629));
#1792=AXIS2_PLACEMENT_3D('',#1789,#1790,#1791);
#1793=PLANE('',#1792);
#1794=CARTESIAN_POINT('',(0.00075,-0.0287,0.0028));
#1795=VERTEX_POINT('96',#1794);
#1796=CARTESIAN_POINT('',(0.00075,-0.0287,0.0028));
#1797=DIRECTION('',(0.589279311,0.563163,0.579307629));
#1798=VECTOR('',#1797,0.021059622);
#1799=LINE('',#1796,#1798);
#1800=EDGE_CURVE('1084',#1795,#1554,#1799,.T.);
#1801=ORIENTED_EDGE('',*,*,#1800,.F.);
#1802=CARTESIAN_POINT('',(0.0013,-0.02925,0.0028));
#1803=VERTEX_POINT('184',#1802);
#1804=CARTESIAN_POINT('',(0.0013,-0.02925,0.0028));
#1805=DIRECTION('',(-0.707106781,0.707106781,0.));
#1806=VECTOR('',#1805,0.000777817);
#1807=LINE('',#1804,#1806);
#1808=EDGE_CURVE('1046',#1803,#1795,#1807,.T.);
#1809=ORIENTED_EDGE('',*,*,#1808,.F.);
#1810=CARTESIAN_POINT('',(0.01316,-0.01684,0.015));
#1811=DIRECTION('',(-0.563162983,-0.589279327,-0.579307629));
#1812=VECTOR('',#1811,0.021059622);
#1813=LINE('',#1810,#1812);
#1814=EDGE_CURVE('1078',#1554,#1803,#1813,.T.);
#1815=ORIENTED_EDGE('',*,*,#1814,.F.);
#1816=EDGE_LOOP('',(#1801,#1809,#1815));
#1817=FACE_BOUND('',#1816,.T.);
#1818=ADVANCED_FACE('3689',(#1817),#1793,.T.);
#1819=CARTESIAN_POINT('',(0.00304538,-0.00245618,0.02901));
#1820=DIRECTION('',(0.706687618,0.003115937,0.707518835));
#1821=DIRECTION('',(0.586008546,-0.562930232,-0.58284092));
#1822=AXIS2_PLACEMENT_3D('',#1819,#1820,#1821);
#1823=PLANE('',#1822);
#1824=ORIENTED_EDGE('',*,*,#1589,.T.);
#1825=CARTESIAN_POINT('',(0.003041385,-0.001550091,0.02901));
#1826=VERTEX_POINT('112',#1825);
#1827=CARTESIAN_POINT('',(0.003041385,-0.001550091,0.02901));
#1828=DIRECTION('',(0.571476208,-0.592086843,-0.568197249));
#1829=VECTOR('',#1828,0.020925831);
#1830=LINE('',#1827,#1829);
#1831=EDGE_CURVE('1032',#1826,#1292,#1830,.T.);
#1832=ORIENTED_EDGE('',*,*,#1831,.F.);
#1833=CARTESIAN_POINT('',(0.003041385,-0.001550091,0.02901));
#1834=DIRECTION('',(0.004409171,-0.99999028,0.));
#1835=VECTOR('',#1834,0.000906098);
#1836=LINE('',#1833,#1835);
#1837=EDGE_CURVE('1008',#1826,#1584,#1836,.T.);
#1838=ORIENTED_EDGE('',*,*,#1837,.T.);
#1839=EDGE_LOOP('',(#1824,#1832,#1838));
#1840=FACE_BOUND('',#1839,.T.);
#1841=ADVANCED_FACE('3691',(#1840),#1823,.T.);
#1842=CARTESIAN_POINT('',(0.01316,-0.015,0.01684));
#1843=DIRECTION('',(-0.40970224,0.815038741,0.40970224));
#1844=DIRECTION('',(-0.589279296,-0.579307659,0.563162985));
#1845=AXIS2_PLACEMENT_3D('',#1842,#1843,#1844);
#1846=PLANE('',#1845);
#1847=CARTESIAN_POINT('',(0.00075,-0.0272,0.0287));
#1848=VERTEX_POINT('224',#1847);
#1849=CARTESIAN_POINT('',(0.00075,-0.0272,0.0287));
#1850=DIRECTION('',(0.589279296,0.579307659,-0.563162985));
#1851=VECTOR('',#1850,0.021059623);
#1852=LINE('',#1849,#1851);
#1853=EDGE_CURVE('1034',#1848,#1462,#1852,.T.);
#1854=ORIENTED_EDGE('',*,*,#1853,.F.);
#1855=CARTESIAN_POINT('',(0.00106,-0.0272,0.02901));
#1856=VERTEX_POINT('102',#1855);
#1857=CARTESIAN_POINT('',(0.00075,-0.0272,0.0287));
#1858=DIRECTION('',(0.707106781,0.,0.707106781));
#1859=VECTOR('',#1858,0.000438406);
#1860=LINE('',#1857,#1859);
#1861=EDGE_CURVE('1110',#1848,#1856,#1860,.T.);
#1862=ORIENTED_EDGE('',*,*,#1861,.T.);
#1863=CARTESIAN_POINT('',(0.00106,-0.0272,0.02901));
#1864=DIRECTION('',(0.893467452,0.449127947,0.));
#1865=VECTOR('',#1864,0.000525328);
#1866=LINE('',#1863,#1865);
#1867=EDGE_CURVE('1020',#1856,#1470,#1866,.T.);
#1868=ORIENTED_EDGE('',*,*,#1867,.T.);
#1869=ORIENTED_EDGE('',*,*,#1475,.T.);
#1870=EDGE_LOOP('',(#1854,#1862,#1868,#1869));
#1871=FACE_BOUND('',#1870,.T.);
#1872=ADVANCED_FACE('1970',(#1871),#1846,.T.);
#1873=CARTESIAN_POINT('',(0.015,-0.01684,0.015));
#1874=DIRECTION('',(0.582310323,-0.786006835,-0.207624525));
#1875=DIRECTION('',(-0.,-0.255391213,0.966837798));
#1876=AXIS2_PLACEMENT_3D('',#1873,#1874,#1875);
#1877=PLANE('',#1876);
#1878=ORIENTED_EDGE('',*,*,#1689,.T.);
#1879=ORIENTED_EDGE('',*,*,#1673,.T.);
#1880=CARTESIAN_POINT('',(0.015,-0.01684,0.015));
#1881=DIRECTION('',(-0.566189206,-0.575370651,0.590235883));
#1882=VECTOR('',#1881,0.022872212);
#1883=LINE('',#1880,#1882);
#1884=EDGE_CURVE('1044',#1684,#437,#1883,.T.);
#1885=ORIENTED_EDGE('',*,*,#1884,.F.);
#1886=EDGE_LOOP('',(#1878,#1879,#1885));
#1887=FACE_BOUND('',#1886,.T.);
#1888=ADVANCED_FACE('3694',(#1887),#1877,.T.);
#1889=CARTESIAN_POINT('',(0.0013,-0.02925,0.0028));
#1890=DIRECTION('',(0.707106781,0.707106781,0.));
#1891=DIRECTION('',(-0.707106781,0.707106781,-0.));
#1892=AXIS2_PLACEMENT_3D('',#1889,#1890,#1891);
#1893=PLANE('',#1892);
#1894=ORIENTED_EDGE('',*,*,#1808,.T.);
#1895=CARTESIAN_POINT('',(0.00075,-0.0287,0.0272));
#1896=DIRECTION('',(0.,0.,-1.));
#1897=VECTOR('',#1896,0.0244);
#1898=LINE('',#1895,#1897);
#1899=EDGE_CURVE('1070',#1562,#1795,#1898,.T.);
#1900=ORIENTED_EDGE('',*,*,#1899,.F.);
#1901=ORIENTED_EDGE('',*,*,#1567,.T.);
#1902=CARTESIAN_POINT('',(0.0013,-0.02925,0.0028));
#1903=DIRECTION('',(0.,0.,1.));
#1904=VECTOR('',#1903,0.0244);
#1905=LINE('',#1902,#1904);
#1906=EDGE_CURVE('938',#1803,#1552,#1905,.T.);
#1907=ORIENTED_EDGE('',*,*,#1906,.F.);
#1908=EDGE_LOOP('',(#1894,#1900,#1901,#1907));
#1909=FACE_BOUND('',#1908,.T.);
#1910=ADVANCED_FACE('1972',(#1909),#1893,.T.);
#1911=CARTESIAN_POINT('',(0.028470635,-0.026964061,0.02901));
#1912=DIRECTION('',(0.207438747,0.789388144,0.577785016));
#1913=DIRECTION('',(-0.563162961,0.579307646,-0.589279332));
#1914=AXIS2_PLACEMENT_3D('',#1911,#1912,#1913);
#1915=PLANE('',#1914);
#1916=CARTESIAN_POINT('',(0.028470635,-0.026964061,0.02901));
#1917=VERTEX_POINT('166',#1916);
#1918=CARTESIAN_POINT('',(0.01684,-0.015,0.01684));
#1919=DIRECTION('',(0.563162961,-0.579307646,0.589279332));
#1920=VECTOR('',#1919,0.020652345);
#1921=LINE('',#1918,#1920);
#1922=EDGE_CURVE('1206',#1720,#1917,#1921,.T.);
#1923=ORIENTED_EDGE('',*,*,#1922,.F.);
#1924=ORIENTED_EDGE('',*,*,#1724,.T.);
#1925=ORIENTED_EDGE('',*,*,#1534,.T.);
#1926=CARTESIAN_POINT('',(0.02844991,-0.026958615,0.02901));
#1927=DIRECTION('',(0.967163425,-0.254155285,0.));
#1928=VECTOR('',#1927,0.000021429);
#1929=LINE('',#1926,#1928);
#1930=EDGE_CURVE('1987',#1529,#1917,#1929,.T.);
#1931=ORIENTED_EDGE('',*,*,#1930,.T.);
#1932=EDGE_LOOP('',(#1923,#1924,#1925,#1931));
#1933=FACE_BOUND('',#1932,.T.);
#1934=ADVANCED_FACE('1978',(#1933),#1915,.T.);
#1935=CARTESIAN_POINT('',(0.0013,-0.02925,0.0028));
#1936=DIRECTION('',(-0.207415897,-0.577801133,0.789382351));
#1937=DIRECTION('',(0.59208684,0.568197248,0.571476213));
#1938=AXIS2_PLACEMENT_3D('',#1935,#1936,#1937);
#1939=PLANE('',#1938);
#1940=CARTESIAN_POINT('',(0.01394,-0.01712,0.015));
#1941=DIRECTION('',(-0.59208684,-0.568197248,-0.571476213));
#1942=VECTOR('',#1941,0.02134822);
#1943=LINE('',#1940,#1942);
#1944=EDGE_CURVE('1104',#1749,#1803,#1943,.T.);
#1945=ORIENTED_EDGE('',*,*,#1944,.F.);
#1946=ORIENTED_EDGE('',*,*,#1754,.T.);
#1947=ORIENTED_EDGE('',*,*,#1814,.T.);
#1948=EDGE_LOOP('',(#1945,#1946,#1947));
#1949=FACE_BOUND('',#1948,.T.);
#1950=ADVANCED_FACE('3698',(#1949),#1939,.T.);
#1951=CARTESIAN_POINT('',(0.01394,-0.01712,0.015));
#1952=DIRECTION('',(-0.003116213,-0.707518721,-0.706687731));
#1953=DIRECTION('',(-0.562930221,-0.582840909,0.586008568));
#1954=AXIS2_PLACEMENT_3D('',#1951,#1952,#1953);
#1955=PLANE('',#1954);
#1956=CARTESIAN_POINT('',(0.0015,-0.029999999,0.02795));
#1957=DIRECTION('',(0.562930221,0.582840909,-0.586008568));
#1958=VECTOR('',#1957,0.022098654);
#1959=LINE('',#1956,#1958);
#1960=EDGE_CURVE('1106',#429,#1749,#1959,.T.);
#1961=ORIENTED_EDGE('',*,*,#1960,.F.);
#1962=CARTESIAN_POINT('',(0.0013,-0.02925,0.0272));
#1963=DIRECTION('',(0.185296512,-0.69486157,0.69486157));
#1964=VECTOR('',#1963,0.001079351);
#1965=LINE('',#1962,#1964);
#1966=EDGE_CURVE('970',#1552,#429,#1965,.T.);
#1967=ORIENTED_EDGE('',*,*,#1966,.F.);
#1968=ORIENTED_EDGE('',*,*,#1760,.T.);
#1969=EDGE_LOOP('',(#1961,#1967,#1968));
#1970=FACE_BOUND('',#1969,.T.);
#1971=ADVANCED_FACE('1952',(#1970),#1955,.T.);
#1972=CARTESIAN_POINT('',(0.015,-0.01684,0.015));
#1973=DIRECTION('',(-0.406908668,-0.817834283,-0.406905912));
#1974=DIRECTION('',(0.590235872,-0.575370641,0.566189226));
#1975=AXIS2_PLACEMENT_3D('',#1972,#1973,#1974);
#1976=PLANE('',#1975);
#1977=CARTESIAN_POINT('',(0.0285,-0.029999999,0.02795));
#1978=DIRECTION('',(-0.590235872,0.575370641,-0.566189226));
#1979=VECTOR('',#1978,0.022872212);
#1980=LINE('',#1977,#1979);
#1981=EDGE_CURVE('1108',#405,#1684,#1980,.T.);
#1982=ORIENTED_EDGE('',*,*,#1981,.F.);
#1983=ORIENTED_EDGE('',*,*,#410,.F.);
#1984=ORIENTED_EDGE('',*,*,#456,.F.);
#1985=ORIENTED_EDGE('',*,*,#1695,.T.);
#1986=EDGE_LOOP('',(#1982,#1983,#1984,#1985));
#1987=FACE_BOUND('',#1986,.T.);
#1988=ADVANCED_FACE('1950',(#1987),#1976,.T.);
#1989=CARTESIAN_POINT('',(0.01288,-0.01606,0.015));
#1990=DIRECTION('',(-0.707518586,-0.003116441,-0.706687865));
#1991=DIRECTION('',(-0.568197261,-0.592086799,0.571476242));
#1992=AXIS2_PLACEMENT_3D('',#1989,#1990,#1991);
#1993=PLANE('',#1992);
#1994=ORIENTED_EDGE('',*,*,#1784,.T.);
#1995=CARTESIAN_POINT('',(0.00075,-0.0287,0.0272));
#1996=DIRECTION('',(-0.694861779,0.185296158,0.694861455));
#1997=VECTOR('',#1996,0.001079355);
#1998=LINE('',#1995,#1997);
#1999=EDGE_CURVE('1064',#1562,#555,#1998,.T.);
#2000=ORIENTED_EDGE('',*,*,#1999,.T.);
#2001=CARTESIAN_POINT('',(0.01288,-0.01606,0.015));
#2002=DIRECTION('',(-0.58284094,-0.5629302,0.586008557));
#2003=VECTOR('',#2002,0.022098656);
#2004=LINE('',#2001,#2003);
#2005=EDGE_CURVE('1100',#1772,#555,#2004,.T.);
#2006=ORIENTED_EDGE('',*,*,#2005,.F.);
#2007=EDGE_LOOP('',(#1994,#2000,#2006));
#2008=FACE_BOUND('',#2007,.T.);
#2009=ADVANCED_FACE('1966',(#2008),#1993,.T.);
#2010=CARTESIAN_POINT('',(0.00075,-0.0287,0.0028));
#2011=DIRECTION('',(-0.577801387,-0.207415546,0.789382258));
#2012=DIRECTION('',(0.589279311,0.563163,0.579307629));
#2013=AXIS2_PLACEMENT_3D('',#2010,#2011,#2012);
#2014=PLANE('',#2013);
#2015=ORIENTED_EDGE('',*,*,#1800,.T.);
#2016=ORIENTED_EDGE('',*,*,#1777,.T.);
#2017=CARTESIAN_POINT('',(0.00075,-0.0287,0.0028));
#2018=DIRECTION('',(0.568197275,0.592086813,0.571476213));
#2019=VECTOR('',#2018,0.02134822);
#2020=LINE('',#2017,#2019);
#2021=EDGE_CURVE('1040',#1795,#1772,#2020,.T.);
#2022=ORIENTED_EDGE('',*,*,#2021,.F.);
#2023=EDGE_LOOP('',(#2015,#2016,#2022));
#2024=FACE_BOUND('',#2023,.T.);
#2025=ADVANCED_FACE('1964',(#2024),#2014,.T.);
#2026=CARTESIAN_POINT('',(0.00075,-0.0287,0.0028));
#2027=DIRECTION('',(0.25766224,0.966235049,-0.));
#2028=DIRECTION('',(-0.694861675,0.18529613,-0.694861567));
#2029=AXIS2_PLACEMENT_3D('',#2026,#2027,#2028);
#2030=PLANE('',#2029);
#2031=CARTESIAN_POINT('',(-0.,-0.0285,0.00205));
#2032=DIRECTION('',(0.694861675,-0.18529613,0.694861567));
#2033=VECTOR('',#2032,0.001079352);
#2034=LINE('',#2031,#2033);
#2035=EDGE_CURVE('1090',#499,#1795,#2034,.T.);
#2036=ORIENTED_EDGE('',*,*,#2035,.F.);
#2037=CARTESIAN_POINT('',(0.,-0.0285,0.027950004));
#2038=DIRECTION('',(0.,0.,-1.));
#2039=VECTOR('',#2038,0.025900005);
#2040=LINE('',#2037,#2039);
#2041=EDGE_CURVE('674',#555,#499,#2040,.T.);
#2042=ORIENTED_EDGE('',*,*,#2041,.F.);
#2043=ORIENTED_EDGE('',*,*,#1999,.F.);
#2044=ORIENTED_EDGE('',*,*,#1899,.T.);
#2045=EDGE_LOOP('',(#2036,#2042,#2043,#2044));
#2046=FACE_BOUND('',#2045,.T.);
#2047=ADVANCED_FACE('1962',(#2046),#2030,.T.);
#2048=CARTESIAN_POINT('',(0.00075,-0.0272,0.0287));
#2049=DIRECTION('',(0.707106781,0.,-0.707106781));
#2050=DIRECTION('',(-0.,1.,-0.));
#2051=AXIS2_PLACEMENT_3D('',#2048,#2049,#2050);
#2052=PLANE('',#2051);
#2053=CARTESIAN_POINT('',(0.00075,-0.0028,0.0287));
#2054=VERTEX_POINT('202',#2053);
#2055=CARTESIAN_POINT('',(0.00075,-0.0028,0.0287));
#2056=DIRECTION('',(0.,-1.,0.));
#2057=VECTOR('',#2056,0.0244);
#2058=LINE('',#2055,#2057);
#2059=EDGE_CURVE('882',#2054,#1848,#2058,.T.);
#2060=ORIENTED_EDGE('',*,*,#2059,.F.);
#2061=CARTESIAN_POINT('',(0.00106,-0.0028,0.02901));
#2062=VERTEX_POINT('100',#2061);
#2063=CARTESIAN_POINT('',(0.00106,-0.0028,0.02901));
#2064=DIRECTION('',(-0.707106781,0.,-0.707106781));
#2065=VECTOR('',#2064,0.000438406);
#2066=LINE('',#2063,#2065);
#2067=EDGE_CURVE('1074',#2062,#2054,#2066,.T.);
#2068=ORIENTED_EDGE('',*,*,#2067,.F.);
#2069=CARTESIAN_POINT('',(0.00106,-0.013447272,0.02901));
#2070=VERTEX_POINT('118',#2069);
#2071=CARTESIAN_POINT('',(0.00106,-0.0028,0.02901));
#2072=DIRECTION('',(0.,-1.,0.));
#2073=VECTOR('',#2072,0.010647272);
#2074=LINE('',#2071,#2073);
#2075=EDGE_CURVE('1014',#2062,#2070,#2074,.T.);
#2076=ORIENTED_EDGE('',*,*,#2075,.T.);
#2077=CARTESIAN_POINT('',(0.00106,-0.013447272,0.02901));
#2078=DIRECTION('',(0.,-1.,0.));
#2079=VECTOR('',#2078,0.013752729);
#2080=LINE('',#2077,#2079);
#2081=EDGE_CURVE('1010',#2070,#1856,#2080,.T.);
#2082=ORIENTED_EDGE('',*,*,#2081,.T.);
#2083=ORIENTED_EDGE('',*,*,#1861,.F.);
#2084=EDGE_LOOP('',(#2060,#2068,#2076,#2082,#2083));
#2085=FACE_BOUND('',#2084,.T.);
#2086=ADVANCED_FACE('1948',(#2085),#2052,.T.);
#2087=CARTESIAN_POINT('',(0.01316,-0.015,0.01684));
#2088=DIRECTION('',(-0.409702219,-0.815038761,0.409702219));
#2089=DIRECTION('',(-0.574655606,0.579404834,0.57798008));
#2090=AXIS2_PLACEMENT_3D('',#2087,#2088,#2089);
#2091=PLANE('',#2090);
#2092=ORIENTED_EDGE('',*,*,#1621,.T.);
#2093=CARTESIAN_POINT('',(0.001529363,-0.003035939,0.02901));
#2094=DIRECTION('',(-0.893467985,0.449126886,0.));
#2095=VECTOR('',#2094,0.000525327);
#2096=LINE('',#2093,#2095);
#2097=EDGE_CURVE('1024',#1610,#2062,#2096,.T.);
#2098=ORIENTED_EDGE('',*,*,#2097,.T.);
#2099=ORIENTED_EDGE('',*,*,#2067,.T.);
#2100=CARTESIAN_POINT('',(0.01316,-0.015,0.01684));
#2101=DIRECTION('',(-0.589279311,0.579307629,0.563163));
#2102=VECTOR('',#2101,0.021059622);
#2103=LINE('',#2100,#2102);
#2104=EDGE_CURVE('948',#1462,#2054,#2103,.T.);
#2105=ORIENTED_EDGE('',*,*,#2104,.F.);
#2106=EDGE_LOOP('',(#2092,#2098,#2099,#2105));
#2107=FACE_BOUND('',#2106,.T.);
#2108=ADVANCED_FACE('1960',(#2107),#2091,.T.);
#2109=CARTESIAN_POINT('',(0.00075,-0.0272,0.0287));
#2110=DIRECTION('',(-0.577801414,0.789382235,0.207415556));
#2111=DIRECTION('',(0.589279296,0.579307659,-0.563162985));
#2112=AXIS2_PLACEMENT_3D('',#2109,#2110,#2111);
#2113=PLANE('',#2112);
#2114=ORIENTED_EDGE('',*,*,#1853,.T.);
#2115=CARTESIAN_POINT('',(0.01288,-0.015,0.01606));
#2116=VERTEX_POINT('210',#2115);
#2117=CARTESIAN_POINT('',(0.01288,-0.015,0.01606));
#2118=DIRECTION('',(0.337864269,0.,0.941194845));
#2119=VECTOR('',#2118,0.000828733);
#2120=LINE('',#2117,#2119);
#2121=EDGE_CURVE('972',#2116,#1462,#2120,.T.);
#2122=ORIENTED_EDGE('',*,*,#2121,.F.);
#2123=CARTESIAN_POINT('',(0.00075,-0.0272,0.0287));
#2124=DIRECTION('',(0.568197261,0.571476242,-0.592086799));
#2125=VECTOR('',#2124,0.02134822);
#2126=LINE('',#2123,#2125);
#2127=EDGE_CURVE('940',#1848,#2116,#2126,.T.);
#2128=ORIENTED_EDGE('',*,*,#2127,.F.);
#2129=EDGE_LOOP('',(#2114,#2122,#2128));
#2130=FACE_BOUND('',#2129,.T.);
#2131=ADVANCED_FACE('1956',(#2130),#2113,.T.);
#2132=CARTESIAN_POINT('',(0.015,-0.01316,0.01684));
#2133=DIRECTION('',(-0.789383709,0.20742127,0.577797349));
#2134=DIRECTION('',(0.579459797,0.562563103,0.589702551));
#2135=AXIS2_PLACEMENT_3D('',#2132,#2133,#2134);
#2136=PLANE('',#2135);
#2137=CARTESIAN_POINT('',(0.015,-0.01316,0.01684));
#2138=VERTEX_POINT('230',#2137);
#2139=CARTESIAN_POINT('',(0.015,-0.01394,0.01712));
#2140=DIRECTION('',(0.,0.941194616,-0.337864907));
#2141=VECTOR('',#2140,0.000828734);
#2142=LINE('',#2139,#2141);
#2143=EDGE_CURVE('1102',#1292,#2138,#2142,.T.);
#2144=ORIENTED_EDGE('',*,*,#2143,.F.);
#2145=ORIENTED_EDGE('',*,*,#1652,.T.);
#2146=CARTESIAN_POINT('',(0.026964061,-0.001529363,0.02901));
#2147=VERTEX_POINT('204',#2146);
#2148=CARTESIAN_POINT('',(0.026958615,-0.001550091,0.02901));
#2149=DIRECTION('',(0.254136591,0.967168337,0.));
#2150=VECTOR('',#2149,0.000021431);
#2151=LINE('',#2148,#2150);
#2152=EDGE_CURVE('960',#1641,#2147,#2151,.T.);
#2153=ORIENTED_EDGE('',*,*,#2152,.T.);
#2154=CARTESIAN_POINT('',(0.015,-0.01316,0.01684));
#2155=DIRECTION('',(0.579307636,0.56316298,0.589279322));
#2156=VECTOR('',#2155,0.020652345);
#2157=LINE('',#2154,#2156);
#2158=EDGE_CURVE('876',#2138,#2147,#2157,.T.);
#2159=ORIENTED_EDGE('',*,*,#2158,.F.);
#2160=EDGE_LOOP('',(#2144,#2145,#2153,#2159));
#2161=FACE_BOUND('',#2160,.T.);
#2162=ADVANCED_FACE('1954',(#2161),#2136,.T.);
#2163=CARTESIAN_POINT('',(0.015,-0.01684,0.015));
#2164=DIRECTION('',(0.406907316,-0.817834257,-0.406907316));
#2165=DIRECTION('',(-0.566189206,-0.575370651,0.590235883));
#2166=AXIS2_PLACEMENT_3D('',#2163,#2164,#2165);
#2167=PLANE('',#2166);
#2168=ORIENTED_EDGE('',*,*,#1884,.T.);
#2169=ORIENTED_EDGE('',*,*,#442,.F.);
#2170=CARTESIAN_POINT('',(0.015,-0.01684,0.015));
#2171=DIRECTION('',(-0.590235852,-0.575370652,0.566189237));
#2172=VECTOR('',#2171,0.022872212);
#2173=LINE('',#2170,#2172);
#2174=EDGE_CURVE('1042',#1684,#429,#2173,.T.);
#2175=ORIENTED_EDGE('',*,*,#2174,.F.);
#2176=EDGE_LOOP('',(#2168,#2169,#2175));
#2177=FACE_BOUND('',#2176,.T.);
#2178=ADVANCED_FACE('1958',(#2177),#2167,.T.);
#2179=CARTESIAN_POINT('',(0.01684,-0.015,0.01684));
#2180=DIRECTION('',(0.409702216,-0.815038765,0.409702216));
#2181=DIRECTION('',(0.589279322,0.579307624,0.563162994));
#2182=AXIS2_PLACEMENT_3D('',#2179,#2180,#2181);
#2183=PLANE('',#2182);
#2184=CARTESIAN_POINT('',(0.02925,-0.0028,0.0287));
#2185=VERTEX_POINT('208',#2184);
#2186=CARTESIAN_POINT('',(0.02925,-0.0028,0.0287));
#2187=DIRECTION('',(-0.589279322,-0.579307624,-0.563162994));
#2188=VECTOR('',#2187,0.021059622);
#2189=LINE('',#2186,#2188);
#2190=EDGE_CURVE('1209',#2185,#1720,#2189,.T.);
#2191=ORIENTED_EDGE('',*,*,#2190,.F.);
#2192=CARTESIAN_POINT('',(0.02894,-0.0028,0.02901));
#2193=VERTEX_POINT('174',#2192);
#2194=CARTESIAN_POINT('',(0.02925,-0.0028,0.0287));
#2195=DIRECTION('',(-0.707106781,0.,0.707106781));
#2196=VECTOR('',#2195,0.000438406);
#2197=LINE('',#2194,#2196);
#2198=EDGE_CURVE('1036',#2185,#2193,#2197,.T.);
#2199=ORIENTED_EDGE('',*,*,#2198,.T.);
#2200=CARTESIAN_POINT('',(0.02894,-0.0028,0.02901));
#2201=DIRECTION('',(-0.893468343,-0.449126174,0.));
#2202=VECTOR('',#2201,0.000525328);
#2203=LINE('',#2200,#2202);
#2204=EDGE_CURVE('956',#2193,#1727,#2203,.T.);
#2205=ORIENTED_EDGE('',*,*,#2204,.T.);
#2206=ORIENTED_EDGE('',*,*,#1732,.T.);
#2207=EDGE_LOOP('',(#2191,#2199,#2205,#2206));
#2208=FACE_BOUND('',#2207,.T.);
#2209=ADVANCED_FACE('1940',(#2208),#2183,.T.);
#2210=CARTESIAN_POINT('',(0.02894,-0.01655273,0.02901));
#2211=DIRECTION('',(-0.707106781,0.,-0.707106781));
#2212=DIRECTION('',(0.022529538,0.999492291,-0.022529538));
#2213=AXIS2_PLACEMENT_3D('',#2210,#2211,#2212);
#2214=PLANE('',#2213);
#2215=CARTESIAN_POINT('',(0.02894,-0.01655273,0.02901));
#2216=VERTEX_POINT('162',#2215);
#2217=CARTESIAN_POINT('',(0.02894,-0.01655273,0.02901));
#2218=DIRECTION('',(0.,1.,0.));
#2219=VECTOR('',#2218,0.01375273);
#2220=LINE('',#2217,#2219);
#2221=EDGE_CURVE('982',#2216,#2193,#2220,.T.);
#2222=ORIENTED_EDGE('',*,*,#2221,.T.);
#2223=ORIENTED_EDGE('',*,*,#2198,.F.);
#2224=CARTESIAN_POINT('',(0.02925,-0.0272,0.0287));
#2225=VERTEX_POINT('226',#2224);
#2226=CARTESIAN_POINT('',(0.02925,-0.0272,0.0287));
#2227=DIRECTION('',(0.,1.,0.));
#2228=VECTOR('',#2227,0.0244);
#2229=LINE('',#2226,#2228);
#2230=EDGE_CURVE('870',#2225,#2185,#2229,.T.);
#2231=ORIENTED_EDGE('',*,*,#2230,.F.);
#2232=CARTESIAN_POINT('',(0.02894,-0.0272,0.02901));
#2233=VERTEX_POINT('168',#2232);
#2234=CARTESIAN_POINT('',(0.02894,-0.0272,0.02901));
#2235=DIRECTION('',(0.707106781,0.,-0.707106781));
#2236=VECTOR('',#2235,0.000438406);
#2237=LINE('',#2234,#2236);
#2238=EDGE_CURVE('934',#2233,#2225,#2237,.T.);
#2239=ORIENTED_EDGE('',*,*,#2238,.F.);
#2240=CARTESIAN_POINT('',(0.02894,-0.0272,0.02901));
#2241=DIRECTION('',(0.,1.,0.));
#2242=VECTOR('',#2241,0.010647271);
#2243=LINE('',#2240,#2242);
#2244=EDGE_CURVE('988',#2233,#2216,#2243,.T.);
#2245=ORIENTED_EDGE('',*,*,#2244,.T.);
#2246=EDGE_LOOP('',(#2222,#2223,#2231,#2239,#2245));
#2247=FACE_BOUND('',#2246,.T.);
#2248=ADVANCED_FACE('1936',(#2247),#2214,.T.);
#2249=CARTESIAN_POINT('',(0.01394,-0.01712,0.015));
#2250=DIRECTION('',(-0.003116004,-0.707518803,0.706687649));
#2251=DIRECTION('',(-0.59208684,-0.568197248,-0.571476213));
#2252=AXIS2_PLACEMENT_3D('',#2249,#2250,#2251);
#2253=PLANE('',#2252);
#2254=ORIENTED_EDGE('',*,*,#1944,.T.);
#2255=CARTESIAN_POINT('',(0.0015,-0.029999999,0.00205));
#2256=DIRECTION('',(-0.185296484,0.694861466,0.694861681));
#2257=VECTOR('',#2256,0.001079351);
#2258=LINE('',#2255,#2257);
#2259=EDGE_CURVE('932',#381,#1803,#2258,.T.);
#2260=ORIENTED_EDGE('',*,*,#2259,.F.);
#2261=CARTESIAN_POINT('',(0.01394,-0.01712,0.015));
#2262=DIRECTION('',(-0.562930231,-0.58284092,-0.586008547));
#2263=VECTOR('',#2262,0.022098653);
#2264=LINE('',#2261,#2263);
#2265=EDGE_CURVE('936',#1749,#381,#2264,.T.);
#2266=ORIENTED_EDGE('',*,*,#2265,.F.);
#2267=EDGE_LOOP('',(#2254,#2260,#2266));
#2268=FACE_BOUND('',#2267,.T.);
#2269=ADVANCED_FACE('1934',(#2268),#2253,.T.);
#2270=CARTESIAN_POINT('',(0.01394,-0.01712,0.015));
#2271=DIRECTION('',(0.207624725,-0.786006901,-0.582310162));
#2272=DIRECTION('',(0.966837743,0.255391422,-0.));
#2273=AXIS2_PLACEMENT_3D('',#2270,#2271,#2272);
#2274=PLANE('',#2273);
#2275=CARTESIAN_POINT('',(0.015,-0.01684,0.015));
#2276=DIRECTION('',(-0.966837743,-0.255391422,0.));
#2277=VECTOR('',#2276,0.001096357);
#2278=LINE('',#2275,#2277);
#2279=EDGE_CURVE('926',#1684,#1749,#2278,.T.);
#2280=ORIENTED_EDGE('',*,*,#2279,.F.);
#2281=ORIENTED_EDGE('',*,*,#2174,.T.);
#2282=ORIENTED_EDGE('',*,*,#1960,.T.);
#2283=EDGE_LOOP('',(#2280,#2281,#2282));
#2284=FACE_BOUND('',#2283,.T.);
#2285=ADVANCED_FACE('1932',(#2284),#2274,.T.);
#2286=CARTESIAN_POINT('',(0.015,-0.01684,0.015));
#2287=DIRECTION('',(-0.207624529,-0.786006849,-0.582310303));
#2288=DIRECTION('',(0.966837798,-0.255391213,-0.));
#2289=AXIS2_PLACEMENT_3D('',#2286,#2287,#2288);
#2290=PLANE('',#2289);
#2291=CARTESIAN_POINT('',(0.01606,-0.01712,0.015));
#2292=VERTEX_POINT('216',#2291);
#2293=CARTESIAN_POINT('',(0.01606,-0.01712,0.015));
#2294=DIRECTION('',(-0.966837798,0.255391213,0.));
#2295=VECTOR('',#2294,0.001096358);
#2296=LINE('',#2293,#2295);
#2297=EDGE_CURVE('968',#2292,#1684,#2296,.T.);
#2298=ORIENTED_EDGE('',*,*,#2297,.F.);
#2299=CARTESIAN_POINT('',(0.0285,-0.029999999,0.02795));
#2300=DIRECTION('',(-0.562930214,0.582840912,-0.586008571));
#2301=VECTOR('',#2300,0.022098653);
#2302=LINE('',#2299,#2301);
#2303=EDGE_CURVE('954',#405,#2292,#2302,.T.);
#2304=ORIENTED_EDGE('',*,*,#2303,.F.);
#2305=ORIENTED_EDGE('',*,*,#1981,.T.);
#2306=EDGE_LOOP('',(#2298,#2304,#2305));
#2307=FACE_BOUND('',#2306,.T.);
#2308=ADVANCED_FACE('1906',(#2307),#2290,.T.);
#2309=CARTESIAN_POINT('',(0.01316,-0.015,0.015));
#2310=DIRECTION('',(-0.786006632,0.207623781,-0.582310862));
#2311=DIRECTION('',(-0.255390419,-0.966838008,-0.));
#2312=AXIS2_PLACEMENT_3D('',#2309,#2310,#2311);
#2313=PLANE('',#2312);
#2314=CARTESIAN_POINT('',(0.01316,-0.015,0.015));
#2315=VERTEX_POINT('244',#2314);
#2316=CARTESIAN_POINT('',(0.01288,-0.01606,0.015));
#2317=DIRECTION('',(0.255390419,0.966838008,0.));
#2318=VECTOR('',#2317,0.001096358);
#2319=LINE('',#2316,#2318);
#2320=EDGE_CURVE('862',#1772,#2315,#2319,.T.);
#2321=ORIENTED_EDGE('',*,*,#2320,.F.);
#2322=ORIENTED_EDGE('',*,*,#2005,.T.);
#2323=CARTESIAN_POINT('',(-0.000000001,-0.028500001,0.027950001));
#2324=DIRECTION('',(0.575370641,0.590235872,-0.566189226));
#2325=VECTOR('',#2324,0.022872215);
#2326=LINE('',#2323,#2325);
#2327=EDGE_CURVE('952',#555,#2315,#2326,.T.);
#2328=ORIENTED_EDGE('',*,*,#2327,.T.);
#2329=EDGE_LOOP('',(#2321,#2322,#2328));
#2330=FACE_BOUND('',#2329,.T.);
#2331=ADVANCED_FACE('1924',(#2330),#2313,.T.);
#2332=CARTESIAN_POINT('',(0.01288,-0.01606,0.015));
#2333=DIRECTION('',(-0.707518668,-0.003116231,0.706687784));
#2334=DIRECTION('',(-0.582840951,-0.56293021,-0.586008536));
#2335=AXIS2_PLACEMENT_3D('',#2332,#2333,#2334);
#2336=PLANE('',#2335);
#2337=CARTESIAN_POINT('',(-0.,-0.0285,0.00205));
#2338=DIRECTION('',(0.582840951,0.56293021,0.586008536));
#2339=VECTOR('',#2338,0.022098654);
#2340=LINE('',#2337,#2339);
#2341=EDGE_CURVE('858',#499,#1772,#2340,.T.);
#2342=ORIENTED_EDGE('',*,*,#2341,.F.);
#2343=ORIENTED_EDGE('',*,*,#2035,.T.);
#2344=ORIENTED_EDGE('',*,*,#2021,.T.);
#2345=EDGE_LOOP('',(#2342,#2343,#2344));
#2346=FACE_BOUND('',#2345,.T.);
#2347=ADVANCED_FACE('1920',(#2346),#2336,.T.);
#2348=CARTESIAN_POINT('',(0.003041385,-0.001550091,0.02901));
#2349=DIRECTION('',(0.789383716,0.207421272,0.577797339));
#2350=DIRECTION('',(0.579459789,-0.562563107,-0.589702555));
#2351=AXIS2_PLACEMENT_3D('',#2348,#2349,#2350);
#2352=PLANE('',#2351);
#2353=ORIENTED_EDGE('',*,*,#1831,.T.);
#2354=ORIENTED_EDGE('',*,*,#2143,.T.);
#2355=CARTESIAN_POINT('',(0.003035939,-0.001529363,0.02901));
#2356=VERTEX_POINT('214',#2355);
#2357=CARTESIAN_POINT('',(0.003035939,-0.001529363,0.02901));
#2358=DIRECTION('',(0.579307629,-0.563162984,-0.589279326));
#2359=VECTOR('',#2358,0.020652345);
#2360=LINE('',#2357,#2359);
#2361=EDGE_CURVE('910',#2356,#2138,#2360,.T.);
#2362=ORIENTED_EDGE('',*,*,#2361,.F.);
#2363=CARTESIAN_POINT('',(0.003035939,-0.001529363,0.02901));
#2364=DIRECTION('',(0.254136591,-0.967168337,0.));
#2365=VECTOR('',#2364,0.000021431);
#2366=LINE('',#2363,#2365);
#2367=EDGE_CURVE('1028',#2356,#1826,#2366,.T.);
#2368=ORIENTED_EDGE('',*,*,#2367,.T.);
#2369=EDGE_LOOP('',(#2353,#2354,#2362,#2368));
#2370=FACE_BOUND('',#2369,.T.);
#2371=ADVANCED_FACE('1938',(#2370),#2352,.T.);
#2372=CARTESIAN_POINT('',(0.01655273,-0.00106,0.02901));
#2373=DIRECTION('',(0.,0.,-1.));
#2374=DIRECTION('',(1.,0.,0.));
#2375=AXIS2_PLACEMENT_3D('',#2372,#2373,#2374);
#2376=PLANE('',#2375);
#2377=CARTESIAN_POINT('',(0.0272,-0.00106,0.02901));
#2378=VERTEX_POINT('212',#2377);
#2379=CARTESIAN_POINT('',(0.01655273,-0.00106,0.02901));
#2380=VERTEX_POINT('220',#2379);
#2381=CARTESIAN_POINT('',(0.0272,-0.00106,0.02901));
#2382=DIRECTION('',(-1.,0.,0.));
#2383=VECTOR('',#2382,0.010647271);
#2384=LINE('',#2381,#2383);
#2385=EDGE_CURVE('908',#2378,#2380,#2384,.T.);
#2386=ORIENTED_EDGE('',*,*,#2385,.F.);
#2387=CARTESIAN_POINT('',(0.026964061,-0.001529363,0.02901));
#2388=DIRECTION('',(0.449127947,0.893467452,0.));
#2389=VECTOR('',#2388,0.000525328);
#2390=LINE('',#2387,#2389);
#2391=EDGE_CURVE('920',#2147,#2378,#2390,.T.);
#2392=ORIENTED_EDGE('',*,*,#2391,.F.);
#2393=ORIENTED_EDGE('',*,*,#2152,.F.);
#2394=ORIENTED_EDGE('',*,*,#1646,.T.);
#2395=ORIENTED_EDGE('',*,*,#1638,.F.);
#2396=ORIENTED_EDGE('',*,*,#1306,.F.);
#2397=ORIENTED_EDGE('',*,*,#1128,.F.);
#2398=ORIENTED_EDGE('',*,*,#1120,.F.);
#2399=ORIENTED_EDGE('',*,*,#1112,.F.);
#2400=ORIENTED_EDGE('',*,*,#1060,.F.);
#2401=ORIENTED_EDGE('',*,*,#1436,.F.);
#2402=ORIENTED_EDGE('',*,*,#1450,.F.);
#2403=ORIENTED_EDGE('',*,*,#1738,.F.);
#2404=ORIENTED_EDGE('',*,*,#2204,.F.);
#2405=ORIENTED_EDGE('',*,*,#2221,.F.);
#2406=ORIENTED_EDGE('',*,*,#2244,.F.);
#2407=CARTESIAN_POINT('',(0.028470635,-0.026964061,0.02901));
#2408=DIRECTION('',(0.893467809,-0.449127236,0.));
#2409=VECTOR('',#2408,0.000525329);
#2410=LINE('',#2407,#2409);
#2411=EDGE_CURVE('962',#1917,#2233,#2410,.T.);
#2412=ORIENTED_EDGE('',*,*,#2411,.F.);
#2413=ORIENTED_EDGE('',*,*,#1930,.F.);
#2414=ORIENTED_EDGE('',*,*,#1541,.T.);
#2415=ORIENTED_EDGE('',*,*,#1412,.T.);
#2416=ORIENTED_EDGE('',*,*,#1089,.T.);
#2417=ORIENTED_EDGE('',*,*,#973,.T.);
#2418=ORIENTED_EDGE('',*,*,#819,.T.);
#2419=ORIENTED_EDGE('',*,*,#949,.T.);
#2420=ORIENTED_EDGE('',*,*,#1234,.T.);
#2421=ORIENTED_EDGE('',*,*,#1389,.F.);
#2422=ORIENTED_EDGE('',*,*,#1383,.F.);
#2423=ORIENTED_EDGE('',*,*,#1343,.F.);
#2424=ORIENTED_EDGE('',*,*,#1034,.F.);
#2425=ORIENTED_EDGE('',*,*,#855,.F.);
#2426=ORIENTED_EDGE('',*,*,#885,.F.);
#2427=ORIENTED_EDGE('',*,*,#924,.F.);
#2428=ORIENTED_EDGE('',*,*,#918,.F.);
#2429=ORIENTED_EDGE('',*,*,#910,.F.);
#2430=ORIENTED_EDGE('',*,*,#1010,.F.);
#2431=ORIENTED_EDGE('',*,*,#1203,.T.);
#2432=ORIENTED_EDGE('',*,*,#1197,.T.);
#2433=ORIENTED_EDGE('',*,*,#1189,.F.);
#2434=ORIENTED_EDGE('',*,*,#1481,.F.);
#2435=ORIENTED_EDGE('',*,*,#1867,.F.);
#2436=ORIENTED_EDGE('',*,*,#2081,.F.);
#2437=ORIENTED_EDGE('',*,*,#2075,.F.);
#2438=ORIENTED_EDGE('',*,*,#2097,.F.);
#2439=ORIENTED_EDGE('',*,*,#1615,.F.);
#2440=ORIENTED_EDGE('',*,*,#1275,.F.);
#2441=ORIENTED_EDGE('',*,*,#1159,.F.);
#2442=ORIENTED_EDGE('',*,*,#1257,.T.);
#2443=ORIENTED_EDGE('',*,*,#1595,.F.);
#2444=ORIENTED_EDGE('',*,*,#1837,.F.);
#2445=ORIENTED_EDGE('',*,*,#2367,.F.);
#2446=CARTESIAN_POINT('',(0.0028,-0.00106,0.02901));
#2447=VERTEX_POINT('218',#2446);
#2448=CARTESIAN_POINT('',(0.0028,-0.00106,0.02901));
#2449=DIRECTION('',(0.449126886,-0.893467985,0.));
#2450=VECTOR('',#2449,0.000525327);
#2451=LINE('',#2448,#2450);
#2452=EDGE_CURVE('894',#2447,#2356,#2451,.T.);
#2453=ORIENTED_EDGE('',*,*,#2452,.F.);
#2454=CARTESIAN_POINT('',(0.01655273,-0.00106,0.02901));
#2455=DIRECTION('',(-1.,0.,0.));
#2456=VECTOR('',#2455,0.01375273);
#2457=LINE('',#2454,#2456);
#2458=EDGE_CURVE('892',#2380,#2447,#2457,.T.);
#2459=ORIENTED_EDGE('',*,*,#2458,.F.);
#2460=EDGE_LOOP('',(#2386,#2392,#2393,#2394,#2395,#2396,#2397,#2398,#2399,#2400,#2401,#2402,#2403,#2404,#2405,#2406,#2412,#2413,#2414,#2415,#2416,#2417,#2418,#2419,#2420,#2421,
#2422,#2423,#2424,#2425,#2426,#2427,#2428,#2429,#2430,#2431,#2432,#2433,#2434,#2435,#2436,#2437,#2438,#2439,#2440,#2441,#2442,#2443,#2444,#2445,#2453,
#2459));
#2461=FACE_BOUND('',#2460,.T.);
#2462=ADVANCED_FACE('1914',(#2461),#2376,.T.);
#2463=CARTESIAN_POINT('',(0.01288,-0.015,0.01606));
#2464=DIRECTION('',(-0.577801387,-0.789382258,0.207415546));
#2465=DIRECTION('',(0.337864269,-0.,0.941194845));
#2466=AXIS2_PLACEMENT_3D('',#2463,#2464,#2465);
#2467=PLANE('',#2466);
#2468=ORIENTED_EDGE('',*,*,#2121,.T.);
#2469=ORIENTED_EDGE('',*,*,#2104,.T.);
#2470=CARTESIAN_POINT('',(0.01288,-0.015,0.01606));
#2471=DIRECTION('',(-0.568197275,0.571476213,0.592086813));
#2472=VECTOR('',#2471,0.02134822);
#2473=LINE('',#2470,#2472);
#2474=EDGE_CURVE('880',#2116,#2054,#2473,.T.);
#2475=ORIENTED_EDGE('',*,*,#2474,.F.);
#2476=EDGE_LOOP('',(#2468,#2469,#2475));
#2477=FACE_BOUND('',#2476,.T.);
#2478=ADVANCED_FACE('1904',(#2477),#2467,.T.);
#2479=CARTESIAN_POINT('',(0.01288,-0.015,0.01606));
#2480=DIRECTION('',(-0.707518586,0.706687865,0.003116441));
#2481=DIRECTION('',(-0.58284094,-0.586008557,0.5629302));
#2482=AXIS2_PLACEMENT_3D('',#2479,#2480,#2481);
#2483=PLANE('',#2482);
#2484=CARTESIAN_POINT('',(-0.,-0.02795,0.0285));
#2485=DIRECTION('',(0.58284094,0.586008557,-0.5629302));
#2486=VECTOR('',#2485,0.022098654);
#2487=LINE('',#2484,#2486);
#2488=EDGE_CURVE('856',#595,#2116,#2487,.T.);
#2489=ORIENTED_EDGE('',*,*,#2488,.F.);
#2490=CARTESIAN_POINT('',(0.00075,-0.0272,0.0287));
#2491=DIRECTION('',(-0.694861779,-0.694861455,-0.185296158));
#2492=VECTOR('',#2491,0.001079351);
#2493=LINE('',#2490,#2492);
#2494=EDGE_CURVE('872',#1848,#595,#2493,.T.);
#2495=ORIENTED_EDGE('',*,*,#2494,.F.);
#2496=ORIENTED_EDGE('',*,*,#2127,.T.);
#2497=EDGE_LOOP('',(#2489,#2495,#2496));
#2498=FACE_BOUND('',#2497,.T.);
#2499=ADVANCED_FACE('1944',(#2498),#2483,.T.);
#2500=CARTESIAN_POINT('',(0.01316,-0.015,0.015));
#2501=DIRECTION('',(-0.817834283,0.406905912,-0.406908668));
#2502=DIRECTION('',(-0.575453808,-0.578296168,0.578296168));
#2503=AXIS2_PLACEMENT_3D('',#2500,#2501,#2502);
#2504=PLANE('',#2503);
#2505=ORIENTED_EDGE('',*,*,#2327,.F.);
#2506=ORIENTED_EDGE('',*,*,#560,.F.);
#2507=ORIENTED_EDGE('',*,*,#606,.F.);
#2508=CARTESIAN_POINT('',(0.01316,-0.015,0.015));
#2509=DIRECTION('',(-0.575370641,-0.566189226,0.590235872));
#2510=VECTOR('',#2509,0.022872213);
#2511=LINE('',#2508,#2510);
#2512=EDGE_CURVE('878',#2315,#595,#2511,.T.);
#2513=ORIENTED_EDGE('',*,*,#2512,.F.);
#2514=EDGE_LOOP('',(#2505,#2506,#2507,#2513));
#2515=FACE_BOUND('',#2514,.T.);
#2516=ADVANCED_FACE('1900',(#2515),#2504,.T.);
#2517=CARTESIAN_POINT('',(0.0015,-0.029999999,0.00205));
#2518=DIRECTION('',(0.966234907,0.257662772,0.));
#2519=DIRECTION('',(-0.185296484,0.694861466,0.694861681));
#2520=AXIS2_PLACEMENT_3D('',#2517,#2518,#2519);
#2521=PLANE('',#2520);
#2522=ORIENTED_EDGE('',*,*,#2259,.T.);
#2523=ORIENTED_EDGE('',*,*,#1906,.T.);
#2524=ORIENTED_EDGE('',*,*,#1966,.T.);
#2525=CARTESIAN_POINT('',(0.0015,-0.029999999,0.00205));
#2526=DIRECTION('',(0.,0.,1.));
#2527=VECTOR('',#2526,0.0259);
#2528=LINE('',#2525,#2527);
#2529=EDGE_CURVE('826',#381,#429,#2528,.T.);
#2530=ORIENTED_EDGE('',*,*,#2529,.F.);
#2531=EDGE_LOOP('',(#2522,#2523,#2524,#2530));
#2532=FACE_BOUND('',#2531,.T.);
#2533=ADVANCED_FACE('1926',(#2532),#2521,.T.);
#2534=CARTESIAN_POINT('',(0.02894,-0.0272,0.02901));
#2535=DIRECTION('',(0.409702236,0.815038745,0.409702236));
#2536=DIRECTION('',(0.707106781,0.,-0.707106781));
#2537=AXIS2_PLACEMENT_3D('',#2534,#2535,#2536);
#2538=PLANE('',#2537);
#2539=ORIENTED_EDGE('',*,*,#2238,.T.);
#2540=CARTESIAN_POINT('',(0.01684,-0.015,0.01684));
#2541=DIRECTION('',(0.589279307,-0.579307653,0.56316298));
#2542=VECTOR('',#2541,0.021059623);
#2543=LINE('',#2540,#2542);
#2544=EDGE_CURVE('1212',#1720,#2225,#2543,.T.);
#2545=ORIENTED_EDGE('',*,*,#2544,.F.);
#2546=ORIENTED_EDGE('',*,*,#1922,.T.);
#2547=ORIENTED_EDGE('',*,*,#2411,.T.);
#2548=EDGE_LOOP('',(#2539,#2545,#2546,#2547));
#2549=FACE_BOUND('',#2548,.T.);
#2550=ADVANCED_FACE('1902',(#2549),#2538,.T.);
#2551=CARTESIAN_POINT('',(0.01606,-0.01712,0.015));
#2552=DIRECTION('',(0.003116214,-0.707518721,-0.706687731));
#2553=DIRECTION('',(0.592086808,-0.568197243,0.571476251));
#2554=AXIS2_PLACEMENT_3D('',#2551,#2552,#2553);
#2555=PLANE('',#2554);
#2556=CARTESIAN_POINT('',(0.0287,-0.02925,0.0272));
#2557=VERTEX_POINT('234',#2556);
#2558=CARTESIAN_POINT('',(0.0287,-0.02925,0.0272));
#2559=DIRECTION('',(-0.592086808,0.568197243,-0.571476251));
#2560=VECTOR('',#2559,0.02134822);
#2561=LINE('',#2558,#2560);
#2562=EDGE_CURVE('898',#2557,#2292,#2561,.T.);
#2563=ORIENTED_EDGE('',*,*,#2562,.F.);
#2564=CARTESIAN_POINT('',(0.0287,-0.02925,0.0272));
#2565=DIRECTION('',(-0.1852962,-0.694861612,0.694861612));
#2566=VECTOR('',#2565,0.001079351);
#2567=LINE('',#2564,#2566);
#2568=EDGE_CURVE('964',#2557,#405,#2567,.T.);
#2569=ORIENTED_EDGE('',*,*,#2568,.T.);
#2570=ORIENTED_EDGE('',*,*,#2303,.T.);
#2571=EDGE_LOOP('',(#2563,#2569,#2570));
#2572=FACE_BOUND('',#2571,.T.);
#2573=ADVANCED_FACE('1918',(#2572),#2555,.T.);
#2574=CARTESIAN_POINT('',(0.0287,-0.02925,0.0272));
#2575=DIRECTION('',(-0.966235019,0.257662352,-0.));
#2576=DIRECTION('',(0.,0.,-1.));
#2577=AXIS2_PLACEMENT_3D('',#2574,#2575,#2576);
#2578=PLANE('',#2577);
#2579=CARTESIAN_POINT('',(0.0287,-0.02925,0.0028));
#2580=VERTEX_POINT('228',#2579);
#2581=CARTESIAN_POINT('',(0.0287,-0.02925,0.0028));
#2582=DIRECTION('',(0.,0.,1.));
#2583=VECTOR('',#2582,0.0244);
#2584=LINE('',#2581,#2583);
#2585=EDGE_CURVE('806',#2580,#2557,#2584,.T.);
#2586=ORIENTED_EDGE('',*,*,#2585,.F.);
#2587=CARTESIAN_POINT('',(0.0285,-0.03,0.00205));
#2588=DIRECTION('',(0.185296172,0.694861507,0.694861723));
#2589=VECTOR('',#2588,0.001079352);
#2590=LINE('',#2587,#2589);
#2591=EDGE_CURVE('900',#349,#2580,#2590,.T.);
#2592=ORIENTED_EDGE('',*,*,#2591,.F.);
#2593=CARTESIAN_POINT('',(0.0285,-0.029999999,0.02795));
#2594=DIRECTION('',(0.,0.,-1.));
#2595=VECTOR('',#2594,0.025900001);
#2596=LINE('',#2593,#2595);
#2597=EDGE_CURVE('744',#405,#349,#2596,.T.);
#2598=ORIENTED_EDGE('',*,*,#2597,.F.);
#2599=ORIENTED_EDGE('',*,*,#2568,.F.);
#2600=EDGE_LOOP('',(#2586,#2592,#2598,#2599));
#2601=FACE_BOUND('',#2600,.T.);
#2602=ADVANCED_FACE('1930',(#2601),#2578,.T.);
#2603=CARTESIAN_POINT('',(0.01684,-0.015,0.01684));
#2604=DIRECTION('',(0.57780099,-0.789382404,0.207416094));
#2605=DIRECTION('',(0.337865264,-0.,-0.941194487));
#2606=AXIS2_PLACEMENT_3D('',#2603,#2604,#2605);
#2607=PLANE('',#2606);
#2608=CARTESIAN_POINT('',(0.01712,-0.015,0.01606));
#2609=VERTEX_POINT('236',#2608);
#2610=CARTESIAN_POINT('',(0.01712,-0.015,0.01606));
#2611=DIRECTION('',(-0.337865264,0.,0.941194487));
#2612=VECTOR('',#2611,0.000828734);
#2613=LINE('',#2610,#2612);
#2614=EDGE_CURVE('1215',#2609,#1720,#2613,.T.);
#2615=ORIENTED_EDGE('',*,*,#2614,.F.);
#2616=CARTESIAN_POINT('',(0.02925,-0.0028,0.0287));
#2617=DIRECTION('',(-0.568197257,-0.571476222,-0.592086823));
#2618=VECTOR('',#2617,0.021348219);
#2619=LINE('',#2616,#2618);
#2620=EDGE_CURVE('874',#2185,#2609,#2619,.T.);
#2621=ORIENTED_EDGE('',*,*,#2620,.F.);
#2622=ORIENTED_EDGE('',*,*,#2190,.T.);
#2623=EDGE_LOOP('',(#2615,#2621,#2622));
#2624=FACE_BOUND('',#2623,.T.);
#2625=ADVANCED_FACE('1916',(#2624),#2607,.T.);
#2626=CARTESIAN_POINT('',(0.0015,-0.029999999,0.00205));
#2627=DIRECTION('',(0.207624721,-0.786006887,0.582310183));
#2628=DIRECTION('',(0.590235863,0.575370662,0.566189216));
#2629=AXIS2_PLACEMENT_3D('',#2626,#2627,#2628);
#2630=PLANE('',#2629);
#2631=CARTESIAN_POINT('',(0.015,-0.01684,0.015));
#2632=DIRECTION('',(-0.590235863,-0.575370662,-0.566189216));
#2633=VECTOR('',#2632,0.022872212);
#2634=LINE('',#2631,#2633);
#2635=EDGE_CURVE('854',#1684,#381,#2634,.T.);
#2636=ORIENTED_EDGE('',*,*,#2635,.F.);
#2637=ORIENTED_EDGE('',*,*,#2279,.T.);
#2638=ORIENTED_EDGE('',*,*,#2265,.T.);
#2639=EDGE_LOOP('',(#2636,#2637,#2638));
#2640=FACE_BOUND('',#2639,.T.);
#2641=ADVANCED_FACE('1928',(#2640),#2630,.T.);
#2642=CARTESIAN_POINT('',(0.015,-0.01684,0.015));
#2643=DIRECTION('',(-0.207624525,-0.786006835,0.582310323));
#2644=DIRECTION('',(0.590235883,-0.575370651,-0.566189206));
#2645=AXIS2_PLACEMENT_3D('',#2642,#2643,#2644);
#2646=PLANE('',#2645);
#2647=CARTESIAN_POINT('',(0.0285,-0.029999999,0.00205));
#2648=DIRECTION('',(-0.590235883,0.575370651,0.566189206));
#2649=VECTOR('',#2648,0.022872212);
#2650=LINE('',#2647,#2649);
#2651=EDGE_CURVE('868',#349,#1684,#2650,.T.);
#2652=ORIENTED_EDGE('',*,*,#2651,.F.);
#2653=CARTESIAN_POINT('',(0.01606,-0.01712,0.015));
#2654=DIRECTION('',(0.562930224,-0.582840923,-0.58600855));
#2655=VECTOR('',#2654,0.022098653);
#2656=LINE('',#2653,#2655);
#2657=EDGE_CURVE('922',#2292,#349,#2656,.T.);
#2658=ORIENTED_EDGE('',*,*,#2657,.F.);
#2659=ORIENTED_EDGE('',*,*,#2297,.T.);
#2660=EDGE_LOOP('',(#2652,#2658,#2659));
#2661=FACE_BOUND('',#2660,.T.);
#2662=ADVANCED_FACE('1908',(#2661),#2646,.T.);
#2663=CARTESIAN_POINT('',(0.,-0.0285,0.00205));
#2664=DIRECTION('',(-0.786006618,0.207623777,0.582310883));
#2665=DIRECTION('',(0.582840951,0.56293021,0.586008536));
#2666=AXIS2_PLACEMENT_3D('',#2663,#2664,#2665);
#2667=PLANE('',#2666);
#2668=ORIENTED_EDGE('',*,*,#2341,.T.);
#2669=ORIENTED_EDGE('',*,*,#2320,.T.);
#2670=CARTESIAN_POINT('',(0.,-0.0285,0.00205));
#2671=DIRECTION('',(0.575370651,0.590235883,0.566189206));
#2672=VECTOR('',#2671,0.022872212);
#2673=LINE('',#2670,#2672);
#2674=EDGE_CURVE('896',#499,#2315,#2673,.T.);
#2675=ORIENTED_EDGE('',*,*,#2674,.F.);
#2676=EDGE_LOOP('',(#2668,#2669,#2675));
#2677=FACE_BOUND('',#2676,.T.);
#2678=ADVANCED_FACE('1946',(#2677),#2667,.T.);
#2679=CARTESIAN_POINT('',(0.00075,-0.0272,0.0287));
#2680=DIRECTION('',(0.25766224,-0.,-0.966235049));
#2681=DIRECTION('',(-0.694861779,-0.694861455,-0.185296158));
#2682=AXIS2_PLACEMENT_3D('',#2679,#2680,#2681);
#2683=PLANE('',#2682);
#2684=ORIENTED_EDGE('',*,*,#2494,.T.);
#2685=ORIENTED_EDGE('',*,*,#600,.F.);
#2686=CARTESIAN_POINT('',(0.00075,-0.0028,0.0287));
#2687=DIRECTION('',(-0.694861675,0.694861567,-0.18529613));
#2688=VECTOR('',#2687,0.001079352);
#2689=LINE('',#2686,#2688);
#2690=EDGE_CURVE('912',#2054,#587,#2689,.T.);
#2691=ORIENTED_EDGE('',*,*,#2690,.F.);
#2692=ORIENTED_EDGE('',*,*,#2059,.T.);
#2693=EDGE_LOOP('',(#2684,#2685,#2691,#2692));
#2694=FACE_BOUND('',#2693,.T.);
#2695=ADVANCED_FACE('1910',(#2694),#2683,.T.);
#2696=CARTESIAN_POINT('',(0.01288,-0.015,0.01606));
#2697=DIRECTION('',(-0.707518668,-0.706687784,0.003116231));
#2698=DIRECTION('',(-0.568197275,0.571476213,0.592086813));
#2699=AXIS2_PLACEMENT_3D('',#2696,#2697,#2698);
#2700=PLANE('',#2699);
#2701=ORIENTED_EDGE('',*,*,#2474,.T.);
#2702=ORIENTED_EDGE('',*,*,#2690,.T.);
#2703=CARTESIAN_POINT('',(0.01288,-0.015,0.01606));
#2704=DIRECTION('',(-0.582840951,0.586008536,0.56293021));
#2705=VECTOR('',#2704,0.022098654);
#2706=LINE('',#2703,#2705);
#2707=EDGE_CURVE('906',#2116,#587,#2706,.T.);
#2708=ORIENTED_EDGE('',*,*,#2707,.F.);
#2709=EDGE_LOOP('',(#2701,#2702,#2708));
#2710=FACE_BOUND('',#2709,.T.);
#2711=ADVANCED_FACE('1922',(#2710),#2700,.T.);
#2712=CARTESIAN_POINT('',(0.01316,-0.015,0.015));
#2713=DIRECTION('',(-0.786006632,0.582310862,-0.207623781));
#2714=DIRECTION('',(-0.575370641,-0.566189226,0.590235872));
#2715=AXIS2_PLACEMENT_3D('',#2712,#2713,#2714);
#2716=PLANE('',#2715);
#2717=ORIENTED_EDGE('',*,*,#2512,.T.);
#2718=ORIENTED_EDGE('',*,*,#2488,.T.);
#2719=CARTESIAN_POINT('',(0.01316,-0.015,0.015));
#2720=DIRECTION('',(-0.255390419,0.,0.966838008));
#2721=VECTOR('',#2720,0.001096358);
#2722=LINE('',#2719,#2721);
#2723=EDGE_CURVE('886',#2315,#2116,#2722,.T.);
#2724=ORIENTED_EDGE('',*,*,#2723,.F.);
#2725=EDGE_LOOP('',(#2717,#2718,#2724));
#2726=FACE_BOUND('',#2725,.T.);
#2727=ADVANCED_FACE('1912',(#2726),#2716,.T.);
#2728=CARTESIAN_POINT('',(0.015,-0.01316,0.01684));
#2729=DIRECTION('',(-0.815038741,0.40970224,0.40970224));
#2730=DIRECTION('',(0.579404864,0.574655591,0.577980065));
#2731=AXIS2_PLACEMENT_3D('',#2728,#2729,#2730);
#2732=PLANE('',#2731);
#2733=ORIENTED_EDGE('',*,*,#2158,.T.);
#2734=ORIENTED_EDGE('',*,*,#2391,.T.);
#2735=CARTESIAN_POINT('',(0.0272,-0.00075,0.0287));
#2736=VERTEX_POINT('240',#2735);
#2737=CARTESIAN_POINT('',(0.0272,-0.00106,0.02901));
#2738=DIRECTION('',(0.,0.707106781,-0.707106781));
#2739=VECTOR('',#2738,0.000438406);
#2740=LINE('',#2737,#2739);
#2741=EDGE_CURVE('914',#2378,#2736,#2740,.T.);
#2742=ORIENTED_EDGE('',*,*,#2741,.T.);
#2743=CARTESIAN_POINT('',(0.015,-0.01316,0.01684));
#2744=DIRECTION('',(0.579307659,0.589279296,0.563162985));
#2745=VECTOR('',#2744,0.021059623);
#2746=LINE('',#2743,#2745);
#2747=EDGE_CURVE('866',#2138,#2736,#2746,.T.);
#2748=ORIENTED_EDGE('',*,*,#2747,.F.);
#2749=EDGE_LOOP('',(#2733,#2734,#2742,#2748));
#2750=FACE_BOUND('',#2749,.T.);
#2751=ADVANCED_FACE('1942',(#2750),#2732,.T.);
#2752=CARTESIAN_POINT('',(0.01606,-0.01712,0.015));
#2753=DIRECTION('',(0.003116005,-0.707518803,0.70668765));
#2754=DIRECTION('',(0.562930224,-0.582840923,-0.58600855));
#2755=AXIS2_PLACEMENT_3D('',#2752,#2753,#2754);
#2756=PLANE('',#2755);
#2757=ORIENTED_EDGE('',*,*,#2657,.T.);
#2758=ORIENTED_EDGE('',*,*,#2591,.T.);
#2759=CARTESIAN_POINT('',(0.01606,-0.01712,0.015));
#2760=DIRECTION('',(0.592086823,-0.568197257,-0.571476222));
#2761=VECTOR('',#2760,0.021348219);
#2762=LINE('',#2759,#2761);
#2763=EDGE_CURVE('860',#2292,#2580,#2762,.T.);
#2764=ORIENTED_EDGE('',*,*,#2763,.F.);
#2765=EDGE_LOOP('',(#2757,#2758,#2764));
#2766=FACE_BOUND('',#2765,.T.);
#2767=ADVANCED_FACE('1892',(#2766),#2756,.T.);
#2768=CARTESIAN_POINT('',(0.029999999,-0.02795,0.0285));
#2769=DIRECTION('',(-0.257662352,-0.,-0.966235019));
#2770=DIRECTION('',(-0.694861612,0.694861612,0.1852962));
#2771=AXIS2_PLACEMENT_3D('',#2768,#2769,#2770);
#2772=PLANE('',#2771);
#2773=CARTESIAN_POINT('',(0.02925,-0.0272,0.0287));
#2774=DIRECTION('',(0.694861612,-0.694861612,-0.1852962));
#2775=VECTOR('',#2774,0.001079351);
#2776=LINE('',#2773,#2775);
#2777=EDGE_CURVE('924',#2225,#159,#2776,.T.);
#2778=ORIENTED_EDGE('',*,*,#2777,.F.);
#2779=ORIENTED_EDGE('',*,*,#2230,.T.);
#2780=CARTESIAN_POINT('',(0.029999999,-0.00205,0.0285));
#2781=DIRECTION('',(-0.694861507,-0.694861723,0.185296172));
#2782=VECTOR('',#2781,0.001079351);
#2783=LINE('',#2780,#2782);
#2784=EDGE_CURVE('884',#167,#2185,#2783,.T.);
#2785=ORIENTED_EDGE('',*,*,#2784,.F.);
#2786=ORIENTED_EDGE('',*,*,#172,.F.);
#2787=EDGE_LOOP('',(#2778,#2779,#2785,#2786));
#2788=FACE_BOUND('',#2787,.T.);
#2789=ADVANCED_FACE('1888',(#2788),#2772,.T.);
#2790=CARTESIAN_POINT('',(0.02925,-0.0272,0.0287));
#2791=DIRECTION('',(0.577801018,0.789382381,0.207416104));
#2792=DIRECTION('',(-0.568197243,0.571476251,-0.592086808));
#2793=AXIS2_PLACEMENT_3D('',#2790,#2791,#2792);
#2794=PLANE('',#2793);
#2795=CARTESIAN_POINT('',(0.01712,-0.015,0.01606));
#2796=DIRECTION('',(0.568197243,-0.571476251,0.592086808));
#2797=VECTOR('',#2796,0.02134822);
#2798=LINE('',#2795,#2797);
#2799=EDGE_CURVE('916',#2609,#2225,#2798,.T.);
#2800=ORIENTED_EDGE('',*,*,#2799,.F.);
#2801=ORIENTED_EDGE('',*,*,#2614,.T.);
#2802=ORIENTED_EDGE('',*,*,#2544,.T.);
#2803=EDGE_LOOP('',(#2800,#2801,#2802));
#2804=FACE_BOUND('',#2803,.T.);
#2805=ADVANCED_FACE('1886',(#2804),#2794,.T.);
#2806=CARTESIAN_POINT('',(0.0287,-0.02925,0.0272));
#2807=DIRECTION('',(0.207416104,-0.577801018,-0.789382381));
#2808=DIRECTION('',(-0.592086808,0.568197243,-0.571476251));
#2809=AXIS2_PLACEMENT_3D('',#2806,#2807,#2808);
#2810=PLANE('',#2809);
#2811=ORIENTED_EDGE('',*,*,#2562,.T.);
#2812=CARTESIAN_POINT('',(0.01684,-0.01684,0.015));
#2813=VERTEX_POINT('264',#2812);
#2814=CARTESIAN_POINT('',(0.01684,-0.01684,0.015));
#2815=DIRECTION('',(-0.941194487,-0.337865264,0.));
#2816=VECTOR('',#2815,0.000828734);
#2817=LINE('',#2814,#2816);
#2818=EDGE_CURVE('902',#2813,#2292,#2817,.T.);
#2819=ORIENTED_EDGE('',*,*,#2818,.F.);
#2820=CARTESIAN_POINT('',(0.0287,-0.02925,0.0272));
#2821=DIRECTION('',(-0.56316298,0.589279307,-0.579307653));
#2822=VECTOR('',#2821,0.021059623);
#2823=LINE('',#2820,#2822);
#2824=EDGE_CURVE('822',#2557,#2813,#2823,.T.);
#2825=ORIENTED_EDGE('',*,*,#2824,.F.);
#2826=EDGE_LOOP('',(#2811,#2819,#2825));
#2827=FACE_BOUND('',#2826,.T.);
#2828=ADVANCED_FACE('1860',(#2827),#2810,.T.);
#2829=CARTESIAN_POINT('',(0.01712,-0.015,0.01606));
#2830=DIRECTION('',(0.707518803,-0.70668765,0.003116005));
#2831=DIRECTION('',(0.582840923,0.58600855,0.562930224));
#2832=AXIS2_PLACEMENT_3D('',#2829,#2830,#2831);
#2833=PLANE('',#2832);
#2834=CARTESIAN_POINT('',(0.029999999,-0.00205,0.0285));
#2835=DIRECTION('',(-0.582840923,-0.58600855,-0.562930224));
#2836=VECTOR('',#2835,0.022098653);
#2837=LINE('',#2834,#2836);
#2838=EDGE_CURVE('802',#167,#2609,#2837,.T.);
#2839=ORIENTED_EDGE('',*,*,#2838,.F.);
#2840=ORIENTED_EDGE('',*,*,#2784,.T.);
#2841=ORIENTED_EDGE('',*,*,#2620,.T.);
#2842=EDGE_LOOP('',(#2839,#2840,#2841));
#2843=FACE_BOUND('',#2842,.T.);
#2844=ADVANCED_FACE('1858',(#2843),#2833,.T.);
#2845=CARTESIAN_POINT('',(0.015,-0.01684,0.015));
#2846=DIRECTION('',(-0.406907316,-0.817834257,0.406907316));
#2847=DIRECTION('',(0.566189237,-0.575370652,-0.590235852));
#2848=AXIS2_PLACEMENT_3D('',#2845,#2846,#2847);
#2849=PLANE('',#2848);
#2850=CARTESIAN_POINT('',(0.02795,-0.029999999,0.0015));
#2851=DIRECTION('',(-0.566189237,0.575370652,0.590235852));
#2852=VECTOR('',#2851,0.022872212);
#2853=LINE('',#2850,#2852);
#2854=EDGE_CURVE('784',#357,#1684,#2853,.T.);
#2855=ORIENTED_EDGE('',*,*,#2854,.F.);
#2856=ORIENTED_EDGE('',*,*,#362,.T.);
#2857=ORIENTED_EDGE('',*,*,#2651,.T.);
#2858=EDGE_LOOP('',(#2855,#2856,#2857));
#2859=FACE_BOUND('',#2858,.T.);
#2860=ADVANCED_FACE('1870',(#2859),#2849,.T.);
#2861=CARTESIAN_POINT('',(0.01316,-0.015,0.015));
#2862=DIRECTION('',(-0.81783425,-0.406907323,0.406907323));
#2863=DIRECTION('',(-0.575453855,0.578296144,-0.578296144));
#2864=AXIS2_PLACEMENT_3D('',#2861,#2862,#2863);
#2865=PLANE('',#2864);
#2866=CARTESIAN_POINT('',(-0.,-0.0015,0.00205));
#2867=DIRECTION('',(0.575370662,-0.590235863,0.566189216));
#2868=VECTOR('',#2867,0.022872212);
#2869=LINE('',#2866,#2868);
#2870=EDGE_CURVE('864',#531,#2315,#2869,.T.);
#2871=ORIENTED_EDGE('',*,*,#2870,.F.);
#2872=ORIENTED_EDGE('',*,*,#536,.F.);
#2873=ORIENTED_EDGE('',*,*,#528,.T.);
#2874=CARTESIAN_POINT('',(0.01316,-0.015,0.015));
#2875=DIRECTION('',(-0.575370662,0.566189216,-0.590235863));
#2876=VECTOR('',#2875,0.022872212);
#2877=LINE('',#2874,#2876);
#2878=EDGE_CURVE('782',#2315,#515,#2877,.T.);
#2879=ORIENTED_EDGE('',*,*,#2878,.F.);
#2880=EDGE_LOOP('',(#2871,#2872,#2873,#2879));
#2881=FACE_BOUND('',#2880,.T.);
#2882=ADVANCED_FACE('1854',(#2881),#2865,.T.);
#2883=CARTESIAN_POINT('',(0.01316,-0.015,0.015));
#2884=DIRECTION('',(-0.817834257,0.406907316,0.406907316));
#2885=DIRECTION('',(-0.575370652,-0.566189237,-0.590235852));
#2886=AXIS2_PLACEMENT_3D('',#2883,#2884,#2885);
#2887=PLANE('',#2886);
#2888=CARTESIAN_POINT('',(0.,-0.02795,0.0015));
#2889=DIRECTION('',(0.575370652,0.566189237,0.590235852));
#2890=VECTOR('',#2889,0.022872212);
#2891=LINE('',#2888,#2890);
#2892=EDGE_CURVE('832',#507,#2315,#2891,.T.);
#2893=ORIENTED_EDGE('',*,*,#2892,.F.);
#2894=ORIENTED_EDGE('',*,*,#512,.T.);
#2895=ORIENTED_EDGE('',*,*,#2674,.T.);
#2896=EDGE_LOOP('',(#2893,#2894,#2895));
#2897=FACE_BOUND('',#2896,.T.);
#2898=ADVANCED_FACE('1878',(#2897),#2887,.T.);
#2899=CARTESIAN_POINT('',(0.015,-0.01316,0.01684));
#2900=DIRECTION('',(0.815038761,0.409702219,0.409702219));
#2901=DIRECTION('',(-0.579307629,0.589279311,0.563163));
#2902=AXIS2_PLACEMENT_3D('',#2899,#2900,#2901);
#2903=PLANE('',#2902);
#2904=CARTESIAN_POINT('',(0.0028,-0.00075,0.0287));
#2905=VERTEX_POINT('238',#2904);
#2906=CARTESIAN_POINT('',(0.0028,-0.00075,0.0287));
#2907=DIRECTION('',(0.579307629,-0.589279311,-0.563163));
#2908=VECTOR('',#2907,0.021059622);
#2909=LINE('',#2906,#2908);
#2910=EDGE_CURVE('808',#2905,#2138,#2909,.T.);
#2911=ORIENTED_EDGE('',*,*,#2910,.F.);
#2912=CARTESIAN_POINT('',(0.0028,-0.00075,0.0287));
#2913=DIRECTION('',(0.,-0.707106781,0.707106781));
#2914=VECTOR('',#2913,0.000438406);
#2915=LINE('',#2912,#2914);
#2916=EDGE_CURVE('918',#2905,#2447,#2915,.T.);
#2917=ORIENTED_EDGE('',*,*,#2916,.T.);
#2918=ORIENTED_EDGE('',*,*,#2452,.T.);
#2919=ORIENTED_EDGE('',*,*,#2361,.T.);
#2920=EDGE_LOOP('',(#2911,#2917,#2918,#2919));
#2921=FACE_BOUND('',#2920,.T.);
#2922=ADVANCED_FACE('1864',(#2921),#2903,.T.);
#2923=CARTESIAN_POINT('',(0.0028,-0.00075,0.0287));
#2924=DIRECTION('',(0.,-0.707106781,-0.707106781));
#2925=DIRECTION('',(1.,0.,-0.));
#2926=AXIS2_PLACEMENT_3D('',#2923,#2924,#2925);
#2927=PLANE('',#2926);
#2928=CARTESIAN_POINT('',(0.0272,-0.00075,0.0287));
#2929=DIRECTION('',(-1.,0.,0.));
#2930=VECTOR('',#2929,0.0244);
#2931=LINE('',#2928,#2930);
#2932=EDGE_CURVE('804',#2736,#2905,#2931,.T.);
#2933=ORIENTED_EDGE('',*,*,#2932,.F.);
#2934=ORIENTED_EDGE('',*,*,#2741,.F.);
#2935=ORIENTED_EDGE('',*,*,#2385,.T.);
#2936=ORIENTED_EDGE('',*,*,#2458,.T.);
#2937=ORIENTED_EDGE('',*,*,#2916,.F.);
#2938=EDGE_LOOP('',(#2933,#2934,#2935,#2936,#2937));
#2939=FACE_BOUND('',#2938,.T.);
#2940=ADVANCED_FACE('1852',(#2939),#2927,.T.);
#2941=CARTESIAN_POINT('',(0.01288,-0.01394,0.015));
#2942=DIRECTION('',(-0.707518586,0.003116439,-0.706687865));
#2943=DIRECTION('',(-0.582840937,0.562930207,0.586008553));
#2944=AXIS2_PLACEMENT_3D('',#2941,#2942,#2943);
#2945=PLANE('',#2944);
#2946=CARTESIAN_POINT('',(0.01288,-0.01394,0.015));
#2947=VERTEX_POINT('246',#2946);
#2948=CARTESIAN_POINT('',(0.,-0.0015,0.02795));
#2949=DIRECTION('',(0.582840937,-0.562930207,-0.586008553));
#2950=VECTOR('',#2949,0.022098654);
#2951=LINE('',#2948,#2950);
#2952=EDGE_CURVE('890',#579,#2947,#2951,.T.);
#2953=ORIENTED_EDGE('',*,*,#2952,.F.);
#2954=CARTESIAN_POINT('',(0.00075,-0.0013,0.0272));
#2955=VERTEX_POINT('242',#2954);
#2956=CARTESIAN_POINT('',(0.00075,-0.0013,0.0272));
#2957=DIRECTION('',(-0.694861737,-0.18529647,0.694861414));
#2958=VECTOR('',#2957,0.001079351);
#2959=LINE('',#2956,#2958);
#2960=EDGE_CURVE('904',#2955,#579,#2959,.T.);
#2961=ORIENTED_EDGE('',*,*,#2960,.F.);
#2962=CARTESIAN_POINT('',(0.01288,-0.01394,0.015));
#2963=DIRECTION('',(-0.568197252,0.592086816,0.571476233));
#2964=VECTOR('',#2963,0.021348221);
#2965=LINE('',#2962,#2964);
#2966=EDGE_CURVE('852',#2947,#2955,#2965,.T.);
#2967=ORIENTED_EDGE('',*,*,#2966,.F.);
#2968=EDGE_LOOP('',(#2953,#2961,#2967));
#2969=FACE_BOUND('',#2968,.T.);
#2970=ADVANCED_FACE('1856',(#2969),#2945,.T.);
#2971=CARTESIAN_POINT('',(0.01316,-0.015,0.015));
#2972=DIRECTION('',(-0.78600667,-0.207623973,0.582310742));
#2973=DIRECTION('',(-0.255390628,0.966837953,-0.));
#2974=AXIS2_PLACEMENT_3D('',#2971,#2972,#2973);
#2975=PLANE('',#2974);
#2976=CARTESIAN_POINT('',(0.01288,-0.01394,0.015));
#2977=DIRECTION('',(0.255390628,-0.966837953,0.));
#2978=VECTOR('',#2977,0.001096357);
#2979=LINE('',#2976,#2978);
#2980=EDGE_CURVE('888',#2947,#2315,#2979,.T.);
#2981=ORIENTED_EDGE('',*,*,#2980,.F.);
#2982=CARTESIAN_POINT('',(-0.,-0.0015,0.00205));
#2983=DIRECTION('',(0.582840947,-0.562930218,0.586008533));
#2984=VECTOR('',#2983,0.022098654);
#2985=LINE('',#2982,#2984);
#2986=EDGE_CURVE('824',#531,#2947,#2985,.T.);
#2987=ORIENTED_EDGE('',*,*,#2986,.F.);
#2988=ORIENTED_EDGE('',*,*,#2870,.T.);
#2989=EDGE_LOOP('',(#2981,#2987,#2988));
#2990=FACE_BOUND('',#2989,.T.);
#2991=ADVANCED_FACE('1884',(#2990),#2975,.T.);
#2992=CARTESIAN_POINT('',(0.01316,-0.015,0.015));
#2993=DIRECTION('',(-0.786006684,-0.207623977,-0.582310722));
#2994=DIRECTION('',(-0.575370652,0.590235852,0.566189237));
#2995=AXIS2_PLACEMENT_3D('',#2992,#2993,#2994);
#2996=PLANE('',#2995);
#2997=CARTESIAN_POINT('',(-0.,-0.0015,0.02795));
#2998=DIRECTION('',(0.575370652,-0.590235852,-0.566189237));
#2999=VECTOR('',#2998,0.022872212);
#3000=LINE('',#2997,#2999);
#3001=EDGE_CURVE('772',#579,#2315,#3000,.T.);
#3002=ORIENTED_EDGE('',*,*,#3001,.F.);
#3003=ORIENTED_EDGE('',*,*,#2952,.T.);
#3004=ORIENTED_EDGE('',*,*,#2980,.T.);
#3005=EDGE_LOOP('',(#3002,#3003,#3004));
#3006=FACE_BOUND('',#3005,.T.);
#3007=ADVANCED_FACE('1880',(#3006),#2996,.T.);
#3008=CARTESIAN_POINT('',(0.01316,-0.015,0.015));
#3009=DIRECTION('',(-0.786006618,-0.582310883,-0.207623777));
#3010=DIRECTION('',(-0.255390419,-0.,0.966838008));
#3011=AXIS2_PLACEMENT_3D('',#3008,#3009,#3010);
#3012=PLANE('',#3011);
#3013=ORIENTED_EDGE('',*,*,#2723,.T.);
#3014=ORIENTED_EDGE('',*,*,#2707,.T.);
#3015=CARTESIAN_POINT('',(0.01316,-0.015,0.015));
#3016=DIRECTION('',(-0.575370651,0.566189206,0.590235883));
#3017=VECTOR('',#3016,0.022872212);
#3018=LINE('',#3015,#3017);
#3019=EDGE_CURVE('786',#2315,#587,#3018,.T.);
#3020=ORIENTED_EDGE('',*,*,#3019,.F.);
#3021=EDGE_LOOP('',(#3013,#3014,#3020));
#3022=FACE_BOUND('',#3021,.T.);
#3023=ADVANCED_FACE('1862',(#3022),#3012,.T.);
#3024=CARTESIAN_POINT('',(0.015,-0.01288,0.01606));
#3025=DIRECTION('',(-0.789382235,0.577801414,0.207415556));
#3026=DIRECTION('',(0.,-0.337864269,0.941194845));
#3027=AXIS2_PLACEMENT_3D('',#3024,#3025,#3026);
#3028=PLANE('',#3027);
#3029=CARTESIAN_POINT('',(0.015,-0.01288,0.01606));
#3030=VERTEX_POINT('248',#3029);
#3031=CARTESIAN_POINT('',(0.015,-0.01316,0.01684));
#3032=DIRECTION('',(0.,0.337864269,-0.941194845));
#3033=VECTOR('',#3032,0.000828733);
#3034=LINE('',#3031,#3033);
#3035=EDGE_CURVE('816',#2138,#3030,#3034,.T.);
#3036=ORIENTED_EDGE('',*,*,#3035,.F.);
#3037=ORIENTED_EDGE('',*,*,#2747,.T.);
#3038=CARTESIAN_POINT('',(0.015,-0.01288,0.01606));
#3039=DIRECTION('',(0.571476242,0.568197261,0.592086799));
#3040=VECTOR('',#3039,0.02134822);
#3041=LINE('',#3038,#3040);
#3042=EDGE_CURVE('830',#3030,#2736,#3041,.T.);
#3043=ORIENTED_EDGE('',*,*,#3042,.F.);
#3044=EDGE_LOOP('',(#3036,#3037,#3043));
#3045=FACE_BOUND('',#3044,.T.);
#3046=ADVANCED_FACE('1876',(#3045),#3028,.T.);
#3047=CARTESIAN_POINT('',(0.,-0.0015,0.02795));
#3048=DIRECTION('',(0.25766266,-0.966234937,-0.));
#3049=DIRECTION('',(-0.,-0.,-1.));
#3050=AXIS2_PLACEMENT_3D('',#3047,#3048,#3049);
#3051=PLANE('',#3050);
#3052=CARTESIAN_POINT('',(0.,-0.0015,0.00205));
#3053=DIRECTION('',(0.,0.,1.));
#3054=VECTOR('',#3053,0.0259);
#3055=LINE('',#3052,#3054);
#3056=EDGE_CURVE('758',#531,#579,#3055,.T.);
#3057=ORIENTED_EDGE('',*,*,#3056,.F.);
#3058=CARTESIAN_POINT('',(0.00075,-0.0013,0.0028));
#3059=VERTEX_POINT('250',#3058);
#3060=CARTESIAN_POINT('',(0.00075,-0.0013,0.0028));
#3061=DIRECTION('',(-0.694861633,-0.185296443,-0.694861525));
#3062=VECTOR('',#3061,0.001079352);
#3063=LINE('',#3060,#3062);
#3064=EDGE_CURVE('814',#3059,#531,#3063,.T.);
#3065=ORIENTED_EDGE('',*,*,#3064,.F.);
#3066=CARTESIAN_POINT('',(0.00075,-0.0013,0.0272));
#3067=DIRECTION('',(0.,0.,-1.));
#3068=VECTOR('',#3067,0.0244);
#3069=LINE('',#3066,#3068);
#3070=EDGE_CURVE('842',#2955,#3059,#3069,.T.);
#3071=ORIENTED_EDGE('',*,*,#3070,.F.);
#3072=ORIENTED_EDGE('',*,*,#2960,.T.);
#3073=EDGE_LOOP('',(#3057,#3065,#3071,#3072));
#3074=FACE_BOUND('',#3073,.T.);
#3075=ADVANCED_FACE('1882',(#3074),#3051,.T.);
#3076=CARTESIAN_POINT('',(0.0287,-0.02925,0.0028));
#3077=DIRECTION('',(0.207416094,-0.57780099,0.789382404));
#3078=DIRECTION('',(-0.563162994,0.589279322,0.579307624));
#3079=AXIS2_PLACEMENT_3D('',#3076,#3077,#3078);
#3080=PLANE('',#3079);
#3081=CARTESIAN_POINT('',(0.01684,-0.01684,0.015));
#3082=DIRECTION('',(0.563162994,-0.589279322,-0.579307624));
#3083=VECTOR('',#3082,0.021059622);
#3084=LINE('',#3081,#3083);
#3085=EDGE_CURVE('774',#2813,#2580,#3084,.T.);
#3086=ORIENTED_EDGE('',*,*,#3085,.F.);
#3087=ORIENTED_EDGE('',*,*,#2818,.T.);
#3088=ORIENTED_EDGE('',*,*,#2763,.T.);
#3089=EDGE_LOOP('',(#3086,#3087,#3088));
#3090=FACE_BOUND('',#3089,.T.);
#3091=ADVANCED_FACE('1890',(#3090),#3080,.T.);
#3092=CARTESIAN_POINT('',(0.01712,-0.015,0.01606));
#3093=DIRECTION('',(0.707518721,0.706687731,0.003116214));
#3094=DIRECTION('',(0.568197243,-0.571476251,0.592086808));
#3095=AXIS2_PLACEMENT_3D('',#3092,#3093,#3094);
#3096=PLANE('',#3095);
#3097=ORIENTED_EDGE('',*,*,#2799,.T.);
#3098=ORIENTED_EDGE('',*,*,#2777,.T.);
#3099=CARTESIAN_POINT('',(0.01712,-0.015,0.01606));
#3100=DIRECTION('',(0.582840912,-0.586008571,0.562930214));
#3101=VECTOR('',#3100,0.022098653);
#3102=LINE('',#3099,#3101);
#3103=EDGE_CURVE('780',#2609,#159,#3102,.T.);
#3104=ORIENTED_EDGE('',*,*,#3103,.F.);
#3105=EDGE_LOOP('',(#3097,#3098,#3104));
#3106=FACE_BOUND('',#3105,.T.);
#3107=ADVANCED_FACE('1866',(#3106),#3096,.T.);
#3108=CARTESIAN_POINT('',(0.01684,-0.01684,0.015));
#3109=DIRECTION('',(0.409702236,-0.409702236,-0.815038745));
#3110=DIRECTION('',(0.589279307,-0.56316298,0.579307653));
#3111=AXIS2_PLACEMENT_3D('',#3108,#3109,#3110);
#3112=PLANE('',#3111);
#3113=CARTESIAN_POINT('',(0.02925,-0.0287,0.0272));
#3114=VERTEX_POINT('266',#3113);
#3115=CARTESIAN_POINT('',(0.02925,-0.0287,0.0272));
#3116=DIRECTION('',(-0.589279307,0.56316298,-0.579307653));
#3117=VECTOR('',#3116,0.021059623);
#3118=LINE('',#3115,#3117);
#3119=EDGE_CURVE('810',#3114,#2813,#3118,.T.);
#3120=ORIENTED_EDGE('',*,*,#3119,.F.);
#3121=CARTESIAN_POINT('',(0.02925,-0.0287,0.0272));
#3122=DIRECTION('',(-0.707106781,-0.707106781,0.));
#3123=VECTOR('',#3122,0.000777817);
#3124=LINE('',#3121,#3123);
#3125=EDGE_CURVE('820',#3114,#2557,#3124,.T.);
#3126=ORIENTED_EDGE('',*,*,#3125,.T.);
#3127=ORIENTED_EDGE('',*,*,#2824,.T.);
#3128=EDGE_LOOP('',(#3120,#3126,#3127));
#3129=FACE_BOUND('',#3128,.T.);
#3130=ADVANCED_FACE('1868',(#3129),#3112,.T.);
#3131=CARTESIAN_POINT('',(0.02925,-0.0287,0.0272));
#3132=DIRECTION('',(-0.707106781,0.707106781,0.));
#3133=DIRECTION('',(0.,0.,-1.));
#3134=AXIS2_PLACEMENT_3D('',#3131,#3132,#3133);
#3135=PLANE('',#3134);
#3136=CARTESIAN_POINT('',(0.02925,-0.0287,0.0028));
#3137=VERTEX_POINT('286',#3136);
#3138=CARTESIAN_POINT('',(0.02925,-0.0287,0.0028));
#3139=DIRECTION('',(0.,0.,1.));
#3140=VECTOR('',#3139,0.0244);
#3141=LINE('',#3138,#3140);
#3142=EDGE_CURVE('724',#3137,#3114,#3141,.T.);
#3143=ORIENTED_EDGE('',*,*,#3142,.F.);
#3144=CARTESIAN_POINT('',(0.0287,-0.02925,0.0028));
#3145=DIRECTION('',(0.707106781,0.707106781,0.));
#3146=VECTOR('',#3145,0.000777817);
#3147=LINE('',#3144,#3146);
#3148=EDGE_CURVE('838',#2580,#3137,#3147,.T.);
#3149=ORIENTED_EDGE('',*,*,#3148,.F.);
#3150=ORIENTED_EDGE('',*,*,#2585,.T.);
#3151=ORIENTED_EDGE('',*,*,#3125,.F.);
#3152=EDGE_LOOP('',(#3143,#3149,#3150,#3151));
#3153=FACE_BOUND('',#3152,.T.);
#3154=ADVANCED_FACE('1874',(#3153),#3135,.T.);
#3155=CARTESIAN_POINT('',(0.01712,-0.015,0.01606));
#3156=DIRECTION('',(0.786006835,-0.582310323,-0.207624525));
#3157=DIRECTION('',(-0.255391213,-0.,-0.966837798));
#3158=AXIS2_PLACEMENT_3D('',#3155,#3156,#3157);
#3159=PLANE('',#3158);
#3160=CARTESIAN_POINT('',(0.01684,-0.015,0.015));
#3161=VERTEX_POINT('328',#3160);
#3162=CARTESIAN_POINT('',(0.01684,-0.015,0.015));
#3163=DIRECTION('',(0.255391213,0.,0.966837798));
#3164=VECTOR('',#3163,0.001096358);
#3165=LINE('',#3162,#3164);
#3166=EDGE_CURVE('840',#3161,#2609,#3165,.T.);
#3167=ORIENTED_EDGE('',*,*,#3166,.F.);
#3168=CARTESIAN_POINT('',(0.029999999,-0.00205,0.0285));
#3169=DIRECTION('',(-0.575370651,-0.566189206,-0.590235883));
#3170=VECTOR('',#3169,0.022872212);
#3171=LINE('',#3168,#3170);
#3172=EDGE_CURVE('770',#167,#3161,#3171,.T.);
#3173=ORIENTED_EDGE('',*,*,#3172,.F.);
#3174=ORIENTED_EDGE('',*,*,#2838,.T.);
#3175=EDGE_LOOP('',(#3167,#3173,#3174));
#3176=FACE_BOUND('',#3175,.T.);
#3177=ADVANCED_FACE('1872',(#3176),#3159,.T.);
#3178=CARTESIAN_POINT('',(0.015,-0.01684,0.015));
#3179=DIRECTION('',(0.406907323,-0.81783425,0.406907323));
#3180=DIRECTION('',(-0.578296144,-0.575453855,-0.578296144));
#3181=AXIS2_PLACEMENT_3D('',#3178,#3179,#3180);
#3182=PLANE('',#3181);
#3183=ORIENTED_EDGE('',*,*,#2635,.T.);
#3184=ORIENTED_EDGE('',*,*,#386,.T.);
#3185=ORIENTED_EDGE('',*,*,#378,.T.);
#3186=CARTESIAN_POINT('',(0.015,-0.01684,0.015));
#3187=DIRECTION('',(-0.566189216,-0.575370662,-0.590235863));
#3188=VECTOR('',#3187,0.022872212);
#3189=LINE('',#3186,#3188);
#3190=EDGE_CURVE('828',#1684,#365,#3189,.T.);
#3191=ORIENTED_EDGE('',*,*,#3190,.F.);
#3192=EDGE_LOOP('',(#3183,#3184,#3185,#3191));
#3193=FACE_BOUND('',#3192,.T.);
#3194=ADVANCED_FACE('1894',(#3193),#3182,.T.);
#3195=CARTESIAN_POINT('',(0.015,-0.01684,0.015));
#3196=DIRECTION('',(-0.582310162,-0.786006901,0.207624725));
#3197=DIRECTION('',(-0.,-0.255391422,-0.966837743));
#3198=AXIS2_PLACEMENT_3D('',#3195,#3196,#3197);
#3199=PLANE('',#3198);
#3200=CARTESIAN_POINT('',(0.015,-0.01712,0.01394));
#3201=VERTEX_POINT('288',#3200);
#3202=CARTESIAN_POINT('',(0.015,-0.01712,0.01394));
#3203=DIRECTION('',(0.,0.255391422,0.966837743));
#3204=VECTOR('',#3203,0.001096357);
#3205=LINE('',#3202,#3204);
#3206=EDGE_CURVE('850',#3201,#1684,#3205,.T.);
#3207=ORIENTED_EDGE('',*,*,#3206,.F.);
#3208=CARTESIAN_POINT('',(0.02795,-0.029999999,0.0015));
#3209=DIRECTION('',(-0.586008568,0.582840909,0.562930221));
#3210=VECTOR('',#3209,0.022098654);
#3211=LINE('',#3208,#3210);
#3212=EDGE_CURVE('798',#357,#3201,#3211,.T.);
#3213=ORIENTED_EDGE('',*,*,#3212,.F.);
#3214=ORIENTED_EDGE('',*,*,#2854,.T.);
#3215=EDGE_LOOP('',(#3207,#3213,#3214));
#3216=FACE_BOUND('',#3215,.T.);
#3217=ADVANCED_FACE('1896',(#3216),#3199,.T.);
#3218=CARTESIAN_POINT('',(0.01288,-0.015,0.01394));
#3219=DIRECTION('',(-0.78600667,-0.582310742,0.207623973));
#3220=DIRECTION('',(0.255390628,-0.,0.966837953));
#3221=AXIS2_PLACEMENT_3D('',#3218,#3219,#3220);
#3222=PLANE('',#3221);
#3223=CARTESIAN_POINT('',(0.01288,-0.015,0.01394));
#3224=VERTEX_POINT('252',#3223);
#3225=CARTESIAN_POINT('',(0.01316,-0.015,0.015));
#3226=DIRECTION('',(-0.255390628,0.,-0.966837953));
#3227=VECTOR('',#3226,0.001096357);
#3228=LINE('',#3225,#3227);
#3229=EDGE_CURVE('800',#2315,#3224,#3228,.T.);
#3230=ORIENTED_EDGE('',*,*,#3229,.F.);
#3231=ORIENTED_EDGE('',*,*,#2878,.T.);
#3232=CARTESIAN_POINT('',(0.01288,-0.015,0.01394));
#3233=DIRECTION('',(-0.582840947,0.586008533,-0.562930218));
#3234=VECTOR('',#3233,0.022098654);
#3235=LINE('',#3232,#3234);
#3236=EDGE_CURVE('796',#3224,#515,#3235,.T.);
#3237=ORIENTED_EDGE('',*,*,#3236,.F.);
#3238=EDGE_LOOP('',(#3230,#3231,#3237));
#3239=FACE_BOUND('',#3238,.T.);
#3240=ADVANCED_FACE('1898',(#3239),#3222,.T.);
#3241=CARTESIAN_POINT('',(0.,-0.02795,0.0015));
#3242=DIRECTION('',(-0.786006684,0.582310722,0.207623977));
#3243=DIRECTION('',(0.575370652,0.566189237,0.590235852));
#3244=AXIS2_PLACEMENT_3D('',#3241,#3242,#3243);
#3245=PLANE('',#3244);
#3246=ORIENTED_EDGE('',*,*,#2892,.T.);
#3247=ORIENTED_EDGE('',*,*,#3229,.T.);
#3248=CARTESIAN_POINT('',(0.,-0.02795,0.0015));
#3249=DIRECTION('',(0.582840937,0.586008553,0.562930207));
#3250=VECTOR('',#3249,0.022098654);
#3251=LINE('',#3248,#3250);
#3252=EDGE_CURVE('834',#507,#3224,#3251,.T.);
#3253=ORIENTED_EDGE('',*,*,#3252,.F.);
#3254=EDGE_LOOP('',(#3246,#3247,#3253));
#3255=FACE_BOUND('',#3254,.T.);
#3256=ADVANCED_FACE('1840',(#3255),#3245,.T.);
#3257=CARTESIAN_POINT('',(0.0028,-0.00075,0.0287));
#3258=DIRECTION('',(0.789382258,0.577801387,0.207415546));
#3259=DIRECTION('',(0.579307629,-0.589279311,-0.563163));
#3260=AXIS2_PLACEMENT_3D('',#3257,#3258,#3259);
#3261=PLANE('',#3260);
#3262=ORIENTED_EDGE('',*,*,#2910,.T.);
#3263=ORIENTED_EDGE('',*,*,#3035,.T.);
#3264=CARTESIAN_POINT('',(0.0028,-0.00075,0.0287));
#3265=DIRECTION('',(0.571476213,-0.568197275,-0.592086813));
#3266=VECTOR('',#3265,0.02134822);
#3267=LINE('',#3264,#3266);
#3268=EDGE_CURVE('794',#2905,#3030,#3267,.T.);
#3269=ORIENTED_EDGE('',*,*,#3268,.F.);
#3270=EDGE_LOOP('',(#3262,#3263,#3269));
#3271=FACE_BOUND('',#3270,.T.);
#3272=ADVANCED_FACE('1837',(#3271),#3261,.T.);
#3273=CARTESIAN_POINT('',(0.00075,-0.0013,0.0272));
#3274=DIRECTION('',(-0.577801556,0.20741536,-0.789382183));
#3275=DIRECTION('',(0.589279301,-0.563162974,-0.579307664));
#3276=AXIS2_PLACEMENT_3D('',#3273,#3274,#3275);
#3277=PLANE('',#3276);
#3278=CARTESIAN_POINT('',(0.01316,-0.01316,0.015));
#3279=VERTEX_POINT('290',#3278);
#3280=CARTESIAN_POINT('',(0.01316,-0.01316,0.015));
#3281=DIRECTION('',(-0.589279301,0.563162974,0.579307664));
#3282=VECTOR('',#3281,0.021059622);
#3283=LINE('',#3280,#3282);
#3284=EDGE_CURVE('790',#3279,#2955,#3283,.T.);
#3285=ORIENTED_EDGE('',*,*,#3284,.F.);
#3286=CARTESIAN_POINT('',(0.01288,-0.01394,0.015));
#3287=DIRECTION('',(0.337863911,0.941194973,0.));
#3288=VECTOR('',#3287,0.000828734);
#3289=LINE('',#3286,#3288);
#3290=EDGE_CURVE('848',#2947,#3279,#3289,.T.);
#3291=ORIENTED_EDGE('',*,*,#3290,.F.);
#3292=ORIENTED_EDGE('',*,*,#2966,.T.);
#3293=EDGE_LOOP('',(#3285,#3291,#3292));
#3294=FACE_BOUND('',#3293,.T.);
#3295=ADVANCED_FACE('1835',(#3294),#3277,.T.);
#3296=CARTESIAN_POINT('',(0.01288,-0.01394,0.015));
#3297=DIRECTION('',(-0.707518668,0.00311623,0.706687783));
#3298=DIRECTION('',(-0.568197266,0.592086831,-0.571476204));
#3299=AXIS2_PLACEMENT_3D('',#3296,#3297,#3298);
#3300=PLANE('',#3299);
#3301=CARTESIAN_POINT('',(0.00075,-0.0013,0.0028));
#3302=DIRECTION('',(0.568197266,-0.592086831,0.571476204));
#3303=VECTOR('',#3302,0.02134822);
#3304=LINE('',#3301,#3303);
#3305=EDGE_CURVE('788',#3059,#2947,#3304,.T.);
#3306=ORIENTED_EDGE('',*,*,#3305,.F.);
#3307=ORIENTED_EDGE('',*,*,#3064,.T.);
#3308=ORIENTED_EDGE('',*,*,#2986,.T.);
#3309=EDGE_LOOP('',(#3306,#3307,#3308));
#3310=FACE_BOUND('',#3309,.T.);
#3311=ADVANCED_FACE('2680',(#3310),#3300,.T.);
#3312=CARTESIAN_POINT('',(0.00205,0.,0.0285));
#3313=DIRECTION('',(-0.,-0.25766224,-0.966235049));
#3314=DIRECTION('',(1.,0.,-0.));
#3315=AXIS2_PLACEMENT_3D('',#3312,#3313,#3314);
#3316=PLANE('',#3315);
#3317=ORIENTED_EDGE('',*,*,#228,.F.);
#3318=CARTESIAN_POINT('',(0.0272,-0.00075,0.0287));
#3319=DIRECTION('',(0.694861455,0.694861779,-0.185296158));
#3320=VECTOR('',#3319,0.001079351);
#3321=LINE('',#3318,#3320);
#3322=EDGE_CURVE('778',#2736,#215,#3321,.T.);
#3323=ORIENTED_EDGE('',*,*,#3322,.F.);
#3324=ORIENTED_EDGE('',*,*,#2932,.T.);
#3325=CARTESIAN_POINT('',(0.00205,0.,0.0285));
#3326=DIRECTION('',(0.694861567,-0.694861675,0.18529613));
#3327=VECTOR('',#3326,0.001079352);
#3328=LINE('',#3325,#3327);
#3329=EDGE_CURVE('776',#223,#2905,#3328,.T.);
#3330=ORIENTED_EDGE('',*,*,#3329,.F.);
#3331=EDGE_LOOP('',(#3317,#3323,#3324,#3330));
#3332=FACE_BOUND('',#3331,.T.);
#3333=ADVANCED_FACE('2678',(#3332),#3316,.T.);
#3334=CARTESIAN_POINT('',(0.01316,-0.015,0.015));
#3335=DIRECTION('',(-0.817834257,-0.406907316,-0.406907316));
#3336=DIRECTION('',(-0.575370651,0.566189206,0.590235883));
#3337=AXIS2_PLACEMENT_3D('',#3334,#3335,#3336);
#3338=PLANE('',#3337);
#3339=ORIENTED_EDGE('',*,*,#3019,.T.);
#3340=ORIENTED_EDGE('',*,*,#592,.F.);
#3341=ORIENTED_EDGE('',*,*,#3001,.T.);
#3342=EDGE_LOOP('',(#3339,#3340,#3341));
#3343=FACE_BOUND('',#3342,.T.);
#3344=ADVANCED_FACE('2674',(#3343),#3338,.T.);
#3345=CARTESIAN_POINT('',(0.015,-0.01288,0.01606));
#3346=DIRECTION('',(-0.706687865,0.707518586,0.003116441));
#3347=DIRECTION('',(0.571476242,0.568197261,0.592086799));
#3348=AXIS2_PLACEMENT_3D('',#3345,#3346,#3347);
#3349=PLANE('',#3348);
#3350=ORIENTED_EDGE('',*,*,#3042,.T.);
#3351=ORIENTED_EDGE('',*,*,#3322,.T.);
#3352=CARTESIAN_POINT('',(0.015,-0.01288,0.01606));
#3353=DIRECTION('',(0.586008557,0.58284094,0.5629302));
#3354=VECTOR('',#3353,0.022098654);
#3355=LINE('',#3352,#3354);
#3356=EDGE_CURVE('846',#3030,#215,#3355,.T.);
#3357=ORIENTED_EDGE('',*,*,#3356,.F.);
#3358=EDGE_LOOP('',(#3350,#3351,#3357));
#3359=FACE_BOUND('',#3358,.T.);
#3360=ADVANCED_FACE('2670',(#3359),#3349,.T.);
#3361=CARTESIAN_POINT('',(0.,0.,0.031499999));
#3362=DIRECTION('',(0.,0.,1.));
#3363=DIRECTION('',(0.,-1.,0.));
#3364=AXIS2_PLACEMENT_3D('',#3361,#3362,#3363);
#3365=PLANE('',#3364);
#3366=ORIENTED_EDGE('',*,*,#328,.F.);
#3367=ORIENTED_EDGE('',*,*,#196,.F.);
#3368=ORIENTED_EDGE('',*,*,#793,.F.);
#3369=ORIENTED_EDGE('',*,*,#576,.T.);
#3370=ORIENTED_EDGE('',*,*,#637,.F.);
#3371=ORIENTED_EDGE('',*,*,#426,.T.);
#3372=ORIENTED_EDGE('',*,*,#478,.F.);
#3373=ORIENTED_EDGE('',*,*,#148,.T.);
#3374=EDGE_LOOP('',(#3366,#3367,#3368,#3369,#3370,#3371,#3372,#3373));
#3375=FACE_BOUND('',#3374,.T.);
#3376=ADVANCED_FACE('3239',(#3375),#3365,.T.);
#3377=CARTESIAN_POINT('',(0.01684,-0.01684,0.015));
#3378=DIRECTION('',(0.409702216,-0.409702216,0.815038765));
#3379=DIRECTION('',(0.563162994,-0.589279322,-0.579307624));
#3380=AXIS2_PLACEMENT_3D('',#3377,#3378,#3379);
#3381=PLANE('',#3380);
#3382=ORIENTED_EDGE('',*,*,#3085,.T.);
#3383=ORIENTED_EDGE('',*,*,#3148,.T.);
#3384=CARTESIAN_POINT('',(0.01684,-0.01684,0.015));
#3385=DIRECTION('',(0.589279322,-0.563162994,-0.579307624));
#3386=VECTOR('',#3385,0.021059622);
#3387=LINE('',#3384,#3386);
#3388=EDGE_CURVE('764',#2813,#3137,#3387,.T.);
#3389=ORIENTED_EDGE('',*,*,#3388,.F.);
#3390=EDGE_LOOP('',(#3382,#3383,#3389));
#3391=FACE_BOUND('',#3390,.T.);
#3392=ADVANCED_FACE('2668',(#3391),#3381,.T.);
#3393=CARTESIAN_POINT('',(0.029999999,-0.02795,0.0285));
#3394=DIRECTION('',(0.786006849,0.582310303,-0.207624529));
#3395=DIRECTION('',(-0.575370641,0.566189226,-0.590235872));
#3396=AXIS2_PLACEMENT_3D('',#3393,#3394,#3395);
#3397=PLANE('',#3396);
#3398=CARTESIAN_POINT('',(0.01684,-0.015,0.015));
#3399=DIRECTION('',(0.575370641,-0.566189226,0.590235872));
#3400=VECTOR('',#3399,0.022872213);
#3401=LINE('',#3398,#3400);
#3402=EDGE_CURVE('714',#3161,#159,#3401,.T.);
#3403=ORIENTED_EDGE('',*,*,#3402,.F.);
#3404=ORIENTED_EDGE('',*,*,#3166,.T.);
#3405=ORIENTED_EDGE('',*,*,#3103,.T.);
#3406=EDGE_LOOP('',(#3403,#3404,#3405));
#3407=FACE_BOUND('',#3406,.T.);
#3408=ADVANCED_FACE('1829',(#3407),#3397,.T.);
#3409=CARTESIAN_POINT('',(0.02925,-0.0287,0.0272));
#3410=DIRECTION('',(0.577801018,-0.207416104,-0.789382381));
#3411=DIRECTION('',(-0.589279307,0.56316298,-0.579307653));
#3412=AXIS2_PLACEMENT_3D('',#3409,#3410,#3411);
#3413=PLANE('',#3412);
#3414=ORIENTED_EDGE('',*,*,#3119,.T.);
#3415=CARTESIAN_POINT('',(0.01712,-0.01606,0.015));
#3416=VERTEX_POINT('294',#3415);
#3417=CARTESIAN_POINT('',(0.01712,-0.01606,0.015));
#3418=DIRECTION('',(-0.337865264,-0.941194487,0.));
#3419=VECTOR('',#3418,0.000828734);
#3420=LINE('',#3417,#3419);
#3421=EDGE_CURVE('732',#3416,#2813,#3420,.T.);
#3422=ORIENTED_EDGE('',*,*,#3421,.F.);
#3423=CARTESIAN_POINT('',(0.02925,-0.0287,0.0272));
#3424=DIRECTION('',(-0.568197243,0.592086808,-0.571476251));
#3425=VECTOR('',#3424,0.02134822);
#3426=LINE('',#3423,#3425);
#3427=EDGE_CURVE('766',#3114,#3416,#3426,.T.);
#3428=ORIENTED_EDGE('',*,*,#3427,.F.);
#3429=EDGE_LOOP('',(#3414,#3422,#3428));
#3430=FACE_BOUND('',#3429,.T.);
#3431=ADVANCED_FACE('1826',(#3430),#3413,.T.);
#3432=CARTESIAN_POINT('',(0.02925,-0.0013,0.0272));
#3433=DIRECTION('',(0.57780116,0.207415907,-0.789382329));
#3434=DIRECTION('',(-0.568197233,-0.592086825,-0.571476242));
#3435=AXIS2_PLACEMENT_3D('',#3432,#3433,#3434);
#3436=PLANE('',#3435);
#3437=CARTESIAN_POINT('',(0.01712,-0.01394,0.015));
#3438=VERTEX_POINT('306',#3437);
#3439=CARTESIAN_POINT('',(0.02925,-0.0013,0.0272));
#3440=VERTEX_POINT('272',#3439);
#3441=CARTESIAN_POINT('',(0.01712,-0.01394,0.015));
#3442=DIRECTION('',(0.568197233,0.592086825,0.571476242));
#3443=VECTOR('',#3442,0.02134822);
#3444=LINE('',#3441,#3443);
#3445=EDGE_CURVE('722',#3438,#3440,#3444,.T.);
#3446=ORIENTED_EDGE('',*,*,#3445,.F.);
#3447=CARTESIAN_POINT('',(0.01684,-0.01316,0.015));
#3448=VERTEX_POINT('304',#3447);
#3449=CARTESIAN_POINT('',(0.01684,-0.01316,0.015));
#3450=DIRECTION('',(0.337864907,-0.941194616,0.));
#3451=VECTOR('',#3450,0.000828734);
#3452=LINE('',#3449,#3451);
#3453=EDGE_CURVE('768',#3448,#3438,#3452,.T.);
#3454=ORIENTED_EDGE('',*,*,#3453,.F.);
#3455=CARTESIAN_POINT('',(0.02925,-0.0013,0.0272));
#3456=DIRECTION('',(-0.589279312,-0.563162969,-0.579307658));
#3457=VECTOR('',#3456,0.021059623);
#3458=LINE('',#3455,#3457);
#3459=EDGE_CURVE('792',#3440,#3448,#3458,.T.);
#3460=ORIENTED_EDGE('',*,*,#3459,.F.);
#3461=EDGE_LOOP('',(#3446,#3454,#3460));
#3462=FACE_BOUND('',#3461,.T.);
#3463=ADVANCED_FACE('1828',(#3462),#3436,.T.);
#3464=CARTESIAN_POINT('',(0.00205,-0.029999999,0.0015));
#3465=DIRECTION('',(0.582310183,-0.786006887,0.207624721));
#3466=DIRECTION('',(0.586008547,0.58284092,0.562930231));
#3467=AXIS2_PLACEMENT_3D('',#3464,#3465,#3466);
#3468=PLANE('',#3467);
#3469=CARTESIAN_POINT('',(0.015,-0.01712,0.01394));
#3470=DIRECTION('',(-0.586008547,-0.58284092,-0.562930231));
#3471=VECTOR('',#3470,0.022098653);
#3472=LINE('',#3469,#3471);
#3473=EDGE_CURVE('760',#3201,#365,#3472,.T.);
#3474=ORIENTED_EDGE('',*,*,#3473,.F.);
#3475=ORIENTED_EDGE('',*,*,#3206,.T.);
#3476=ORIENTED_EDGE('',*,*,#3190,.T.);
#3477=EDGE_LOOP('',(#3474,#3475,#3476));
#3478=FACE_BOUND('',#3477,.T.);
#3479=ADVANCED_FACE('2665',(#3478),#3468,.T.);
#3480=CARTESIAN_POINT('',(0.015,-0.01712,0.01394));
#3481=DIRECTION('',(-0.706687731,-0.707518721,-0.003116213));
#3482=DIRECTION('',(0.571476242,-0.568197233,-0.592086825));
#3483=AXIS2_PLACEMENT_3D('',#3480,#3481,#3482);
#3484=PLANE('',#3483);
#3485=CARTESIAN_POINT('',(0.0272,-0.02925,0.0013));
#3486=VERTEX_POINT('302',#3485);
#3487=CARTESIAN_POINT('',(0.0272,-0.02925,0.0013));
#3488=DIRECTION('',(-0.571476242,0.568197233,0.592086825));
#3489=VECTOR('',#3488,0.02134822);
#3490=LINE('',#3487,#3489);
#3491=EDGE_CURVE('720',#3486,#3201,#3490,.T.);
#3492=ORIENTED_EDGE('',*,*,#3491,.F.);
#3493=CARTESIAN_POINT('',(0.02795,-0.029999999,0.0015));
#3494=DIRECTION('',(-0.69486157,0.69486157,-0.185296512));
#3495=VECTOR('',#3494,0.001079351);
#3496=LINE('',#3493,#3495);
#3497=EDGE_CURVE('1634',#357,#3486,#3496,.T.);
#3498=ORIENTED_EDGE('',*,*,#3497,.F.);
#3499=ORIENTED_EDGE('',*,*,#3212,.T.);
#3500=EDGE_LOOP('',(#3492,#3498,#3499));
#3501=FACE_BOUND('',#3500,.T.);
#3502=ADVANCED_FACE('2663',(#3501),#3484,.T.);
#3503=CARTESIAN_POINT('',(0.01288,-0.015,0.01394));
#3504=DIRECTION('',(-0.707518668,-0.706687783,-0.00311623));
#3505=DIRECTION('',(-0.582840947,0.586008533,-0.562930218));
#3506=AXIS2_PLACEMENT_3D('',#3503,#3504,#3505);
#3507=PLANE('',#3506);
#3508=ORIENTED_EDGE('',*,*,#3236,.T.);
#3509=CARTESIAN_POINT('',(0.00075,-0.0028,0.0013));
#3510=VERTEX_POINT('310',#3509);
#3511=CARTESIAN_POINT('',(0.00075,-0.0028,0.0013));
#3512=DIRECTION('',(-0.694861633,0.694861525,0.185296443));
#3513=VECTOR('',#3512,0.001079352);
#3514=LINE('',#3511,#3513);
#3515=EDGE_CURVE('844',#3510,#515,#3514,.T.);
#3516=ORIENTED_EDGE('',*,*,#3515,.F.);
#3517=CARTESIAN_POINT('',(0.01288,-0.015,0.01394));
#3518=DIRECTION('',(-0.568197266,0.571476204,-0.592086831));
#3519=VECTOR('',#3518,0.02134822);
#3520=LINE('',#3517,#3519);
#3521=EDGE_CURVE('754',#3224,#3510,#3520,.T.);
#3522=ORIENTED_EDGE('',*,*,#3521,.F.);
#3523=EDGE_LOOP('',(#3508,#3516,#3522));
#3524=FACE_BOUND('',#3523,.T.);
#3525=ADVANCED_FACE('2661',(#3524),#3507,.T.);
#3526=CARTESIAN_POINT('',(0.00075,-0.0272,0.0013));
#3527=DIRECTION('',(0.25766266,-0.,0.966234937));
#3528=DIRECTION('',(0.,1.,-0.));
#3529=AXIS2_PLACEMENT_3D('',#3526,#3527,#3528);
#3530=PLANE('',#3529);
#3531=CARTESIAN_POINT('',(0.00075,-0.0272,0.0013));
#3532=VERTEX_POINT('292',#3531);
#3533=CARTESIAN_POINT('',(0.00075,-0.0028,0.0013));
#3534=DIRECTION('',(0.,-1.,0.));
#3535=VECTOR('',#3534,0.0244);
#3536=LINE('',#3533,#3535);
#3537=EDGE_CURVE('688',#3510,#3532,#3536,.T.);
#3538=ORIENTED_EDGE('',*,*,#3537,.F.);
#3539=ORIENTED_EDGE('',*,*,#3515,.T.);
#3540=ORIENTED_EDGE('',*,*,#520,.T.);
#3541=CARTESIAN_POINT('',(0.00075,-0.0272,0.0013));
#3542=DIRECTION('',(-0.694861737,-0.694861414,0.18529647));
#3543=VECTOR('',#3542,0.001079351);
#3544=LINE('',#3541,#3543);
#3545=EDGE_CURVE('836',#3532,#507,#3544,.T.);
#3546=ORIENTED_EDGE('',*,*,#3545,.F.);
#3547=EDGE_LOOP('',(#3538,#3539,#3540,#3546));
#3548=FACE_BOUND('',#3547,.T.);
#3549=ADVANCED_FACE('1844',(#3548),#3530,.T.);
#3550=CARTESIAN_POINT('',(0.01288,-0.015,0.01394));
#3551=DIRECTION('',(-0.707518586,0.706687865,-0.003116439));
#3552=DIRECTION('',(-0.568197252,-0.571476233,-0.592086816));
#3553=AXIS2_PLACEMENT_3D('',#3550,#3551,#3552);
#3554=PLANE('',#3553);
#3555=CARTESIAN_POINT('',(0.00075,-0.0272,0.0013));
#3556=DIRECTION('',(0.568197252,0.571476233,0.592086816));
#3557=VECTOR('',#3556,0.021348221);
#3558=LINE('',#3555,#3557);
#3559=EDGE_CURVE('750',#3532,#3224,#3558,.T.);
#3560=ORIENTED_EDGE('',*,*,#3559,.F.);
#3561=ORIENTED_EDGE('',*,*,#3545,.T.);
#3562=ORIENTED_EDGE('',*,*,#3252,.T.);
#3563=EDGE_LOOP('',(#3560,#3561,#3562));
#3564=FACE_BOUND('',#3563,.T.);
#3565=ADVANCED_FACE('2676',(#3564),#3554,.T.);
#3566=CARTESIAN_POINT('',(0.015,-0.01288,0.01606));
#3567=DIRECTION('',(0.706687784,0.707518668,0.003116231));
#3568=DIRECTION('',(-0.586008536,0.582840951,0.56293021));
#3569=AXIS2_PLACEMENT_3D('',#3566,#3567,#3568);
#3570=PLANE('',#3569);
#3571=CARTESIAN_POINT('',(0.00205,-0.,0.0285));
#3572=DIRECTION('',(0.586008536,-0.582840951,-0.56293021));
#3573=VECTOR('',#3572,0.022098654);
#3574=LINE('',#3571,#3573);
#3575=EDGE_CURVE('734',#223,#3030,#3574,.T.);
#3576=ORIENTED_EDGE('',*,*,#3575,.F.);
#3577=ORIENTED_EDGE('',*,*,#3329,.T.);
#3578=ORIENTED_EDGE('',*,*,#3268,.T.);
#3579=EDGE_LOOP('',(#3576,#3577,#3578));
#3580=FACE_BOUND('',#3579,.T.);
#3581=ADVANCED_FACE('1850',(#3580),#3570,.T.);
#3582=CARTESIAN_POINT('',(0.01316,-0.01316,0.015));
#3583=DIRECTION('',(-0.409702244,0.409702244,-0.815038737));
#3584=DIRECTION('',(-0.589279301,0.563162974,0.579307664));
#3585=AXIS2_PLACEMENT_3D('',#3582,#3583,#3584);
#3586=PLANE('',#3585);
#3587=ORIENTED_EDGE('',*,*,#3284,.T.);
#3588=CARTESIAN_POINT('',(0.0013,-0.00075,0.0272));
#3589=VERTEX_POINT('314',#3588);
#3590=CARTESIAN_POINT('',(0.00075,-0.0013,0.0272));
#3591=DIRECTION('',(0.707106781,0.707106781,0.));
#3592=VECTOR('',#3591,0.000777817);
#3593=LINE('',#3590,#3592);
#3594=EDGE_CURVE('818',#2955,#3589,#3593,.T.);
#3595=ORIENTED_EDGE('',*,*,#3594,.T.);
#3596=CARTESIAN_POINT('',(0.01316,-0.01316,0.015));
#3597=DIRECTION('',(-0.563162974,0.589279301,0.579307664));
#3598=VECTOR('',#3597,0.021059622);
#3599=LINE('',#3596,#3598);
#3600=EDGE_CURVE('718',#3279,#3589,#3599,.T.);
#3601=ORIENTED_EDGE('',*,*,#3600,.F.);
#3602=EDGE_LOOP('',(#3587,#3595,#3601));
#3603=FACE_BOUND('',#3602,.T.);
#3604=ADVANCED_FACE('1842',(#3603),#3586,.T.);
#3605=CARTESIAN_POINT('',(0.00075,-0.0013,0.0028));
#3606=DIRECTION('',(-0.577801529,0.20741535,0.789382205));
#3607=DIRECTION('',(0.568197266,-0.592086831,0.571476204));
#3608=AXIS2_PLACEMENT_3D('',#3605,#3606,#3607);
#3609=PLANE('',#3608);
#3610=ORIENTED_EDGE('',*,*,#3305,.T.);
#3611=ORIENTED_EDGE('',*,*,#3290,.T.);
#3612=CARTESIAN_POINT('',(0.00075,-0.0013,0.0028));
#3613=DIRECTION('',(0.589279317,-0.563162988,0.579307635));
#3614=VECTOR('',#3613,0.021059622);
#3615=LINE('',#3612,#3614);
#3616=EDGE_CURVE('762',#3059,#3279,#3615,.T.);
#3617=ORIENTED_EDGE('',*,*,#3616,.F.);
#3618=EDGE_LOOP('',(#3610,#3611,#3617));
#3619=FACE_BOUND('',#3618,.T.);
#3620=ADVANCED_FACE('1848',(#3619),#3609,.T.);
#3621=CARTESIAN_POINT('',(0.0013,-0.00075,0.0272));
#3622=DIRECTION('',(0.707106781,-0.707106781,0.));
#3623=DIRECTION('',(-0.022529539,-0.022529539,-0.999492291));
#3624=AXIS2_PLACEMENT_3D('',#3621,#3622,#3623);
#3625=PLANE('',#3624);
#3626=ORIENTED_EDGE('',*,*,#3594,.F.);
#3627=ORIENTED_EDGE('',*,*,#3070,.T.);
#3628=CARTESIAN_POINT('',(0.0013,-0.00075,0.0028));
#3629=VERTEX_POINT('298',#3628);
#3630=CARTESIAN_POINT('',(0.0013,-0.00075,0.0028));
#3631=DIRECTION('',(-0.707106781,-0.707106781,0.));
#3632=VECTOR('',#3631,0.000777817);
#3633=LINE('',#3630,#3632);
#3634=EDGE_CURVE('728',#3629,#3059,#3633,.T.);
#3635=ORIENTED_EDGE('',*,*,#3634,.F.);
#3636=CARTESIAN_POINT('',(0.0013,-0.00075,0.0272));
#3637=DIRECTION('',(0.,0.,-1.));
#3638=VECTOR('',#3637,0.0244);
#3639=LINE('',#3636,#3638);
#3640=EDGE_CURVE('1616',#3589,#3629,#3639,.T.);
#3641=ORIENTED_EDGE('',*,*,#3640,.F.);
#3642=EDGE_LOOP('',(#3626,#3627,#3635,#3641));
#3643=FACE_BOUND('',#3642,.T.);
#3644=ADVANCED_FACE('1846',(#3643),#3625,.T.);
#3645=CARTESIAN_POINT('',(0.01684,-0.01316,0.015));
#3646=DIRECTION('',(0.40970224,0.40970224,-0.815038741));
#3647=DIRECTION('',(0.563162985,0.589279296,0.579307659));
#3648=AXIS2_PLACEMENT_3D('',#3645,#3646,#3647);
#3649=PLANE('',#3648);
#3650=CARTESIAN_POINT('',(0.0287,-0.00075,0.0272));
#3651=VERTEX_POINT('308',#3650);
#3652=CARTESIAN_POINT('',(0.0287,-0.00075,0.0272));
#3653=DIRECTION('',(-0.563162985,-0.589279296,-0.579307659));
#3654=VECTOR('',#3653,0.021059623);
#3655=LINE('',#3652,#3654);
#3656=EDGE_CURVE('746',#3651,#3448,#3655,.T.);
#3657=ORIENTED_EDGE('',*,*,#3656,.F.);
#3658=CARTESIAN_POINT('',(0.02925,-0.0013,0.0272));
#3659=DIRECTION('',(-0.707106781,0.707106781,0.));
#3660=VECTOR('',#3659,0.000777817);
#3661=LINE('',#3658,#3660);
#3662=EDGE_CURVE('657',#3440,#3651,#3661,.T.);
#3663=ORIENTED_EDGE('',*,*,#3662,.F.);
#3664=ORIENTED_EDGE('',*,*,#3459,.T.);
#3665=EDGE_LOOP('',(#3657,#3663,#3664));
#3666=FACE_BOUND('',#3665,.T.);
#3667=ADVANCED_FACE('1833',(#3666),#3649,.T.);
#3668=CARTESIAN_POINT('',(0.015,-0.01316,0.015));
#3669=DIRECTION('',(-0.582310862,0.786006632,-0.207623781));
#3670=DIRECTION('',(0.,0.255390419,0.966838008));
#3671=AXIS2_PLACEMENT_3D('',#3668,#3669,#3670);
#3672=PLANE('',#3671);
#3673=CARTESIAN_POINT('',(0.015,-0.01316,0.015));
#3674=VERTEX_POINT('334',#3673);
#3675=CARTESIAN_POINT('',(0.015,-0.01288,0.01606));
#3676=DIRECTION('',(0.,-0.255390419,-0.966838008));
#3677=VECTOR('',#3676,0.001096358);
#3678=LINE('',#3675,#3677);
#3679=EDGE_CURVE('740',#3030,#3674,#3678,.T.);
#3680=ORIENTED_EDGE('',*,*,#3679,.F.);
#3681=ORIENTED_EDGE('',*,*,#3356,.T.);
#3682=CARTESIAN_POINT('',(0.015,-0.01316,0.015));
#3683=DIRECTION('',(0.566189226,0.575370641,0.590235872));
#3684=VECTOR('',#3683,0.022872213);
#3685=LINE('',#3682,#3684);
#3686=EDGE_CURVE('1594',#3674,#215,#3685,.T.);
#3687=ORIENTED_EDGE('',*,*,#3686,.F.);
#3688=EDGE_LOOP('',(#3680,#3681,#3687));
#3689=FACE_BOUND('',#3688,.T.);
#3690=ADVANCED_FACE('2672',(#3689),#3672,.T.);
#3691=CARTESIAN_POINT('',(0.029999999,-0.0285,0.02795));
#3692=DIRECTION('',(-0.257662352,0.966235019,-0.));
#3693=DIRECTION('',(0.,0.,-1.));
#3694=AXIS2_PLACEMENT_3D('',#3691,#3692,#3693);
#3695=PLANE('',#3694);
#3696=CARTESIAN_POINT('',(0.029999999,-0.0285,0.002049999));
#3697=DIRECTION('',(0.,0.,1.));
#3698=VECTOR('',#3697,0.025900001);
#3699=LINE('',#3696,#3698);
#3700=EDGE_CURVE('1561',#103,#151,#3699,.T.);
#3701=ORIENTED_EDGE('',*,*,#3700,.F.);
#3702=CARTESIAN_POINT('',(0.02925,-0.0287,0.0028));
#3703=DIRECTION('',(0.694861507,0.185296172,-0.694861723));
#3704=VECTOR('',#3703,0.001079352);
#3705=LINE('',#3702,#3704);
#3706=EDGE_CURVE('682',#3137,#103,#3705,.T.);
#3707=ORIENTED_EDGE('',*,*,#3706,.F.);
#3708=ORIENTED_EDGE('',*,*,#3142,.T.);
#3709=CARTESIAN_POINT('',(0.029999999,-0.0285,0.02795));
#3710=DIRECTION('',(-0.694861612,-0.1852962,-0.694861612));
#3711=VECTOR('',#3710,0.001079351);
#3712=LINE('',#3709,#3711);
#3713=EDGE_CURVE('708',#151,#3114,#3712,.T.);
#3714=ORIENTED_EDGE('',*,*,#3713,.F.);
#3715=EDGE_LOOP('',(#3701,#3707,#3708,#3714));
#3716=FACE_BOUND('',#3715,.T.);
#3717=ADVANCED_FACE('2647',(#3716),#3695,.T.);
#3718=CARTESIAN_POINT('',(0.02925,-0.0287,0.0028));
#3719=DIRECTION('',(0.57780099,-0.207416094,0.789382404));
#3720=DIRECTION('',(-0.568197257,0.592086823,0.571476222));
#3721=AXIS2_PLACEMENT_3D('',#3718,#3719,#3720);
#3722=PLANE('',#3721);
#3723=CARTESIAN_POINT('',(0.01712,-0.01606,0.015));
#3724=DIRECTION('',(0.568197257,-0.592086823,-0.571476222));
#3725=VECTOR('',#3724,0.021348219);
#3726=LINE('',#3723,#3725);
#3727=EDGE_CURVE('702',#3416,#3137,#3726,.T.);
#3728=ORIENTED_EDGE('',*,*,#3727,.F.);
#3729=ORIENTED_EDGE('',*,*,#3421,.T.);
#3730=ORIENTED_EDGE('',*,*,#3388,.T.);
#3731=EDGE_LOOP('',(#3728,#3729,#3730));
#3732=FACE_BOUND('',#3731,.T.);
#3733=ADVANCED_FACE('2643',(#3732),#3722,.T.);
#3734=CARTESIAN_POINT('',(0.01684,-0.015,0.015));
#3735=DIRECTION('',(0.817834264,0.406907309,-0.406907309));
#3736=DIRECTION('',(0.575370641,-0.566189226,0.590235872));
#3737=AXIS2_PLACEMENT_3D('',#3734,#3735,#3736);
#3738=PLANE('',#3737);
#3739=ORIENTED_EDGE('',*,*,#3402,.T.);
#3740=ORIENTED_EDGE('',*,*,#164,.T.);
#3741=CARTESIAN_POINT('',(0.01684,-0.015,0.015));
#3742=DIRECTION('',(0.575370641,-0.590235872,0.566189226));
#3743=VECTOR('',#3742,0.022872212);
#3744=LINE('',#3741,#3743);
#3745=EDGE_CURVE('664',#3161,#151,#3744,.T.);
#3746=ORIENTED_EDGE('',*,*,#3745,.F.);
#3747=EDGE_LOOP('',(#3739,#3740,#3746));
#3748=FACE_BOUND('',#3747,.T.);
#3749=ADVANCED_FACE('2639',(#3748),#3738,.T.);
#3750=CARTESIAN_POINT('',(0.01712,-0.01606,0.015));
#3751=DIRECTION('',(0.707518721,-0.003116214,-0.706687731));
#3752=DIRECTION('',(0.582840912,-0.562930214,0.586008571));
#3753=AXIS2_PLACEMENT_3D('',#3750,#3751,#3752);
#3754=PLANE('',#3753);
#3755=CARTESIAN_POINT('',(0.029999999,-0.0285,0.02795));
#3756=DIRECTION('',(-0.582840912,0.562930214,-0.586008571));
#3757=VECTOR('',#3756,0.022098653);
#3758=LINE('',#3755,#3757);
#3759=EDGE_CURVE('698',#151,#3416,#3758,.T.);
#3760=ORIENTED_EDGE('',*,*,#3759,.F.);
#3761=ORIENTED_EDGE('',*,*,#3713,.T.);
#3762=ORIENTED_EDGE('',*,*,#3427,.T.);
#3763=EDGE_LOOP('',(#3760,#3761,#3762));
#3764=FACE_BOUND('',#3763,.T.);
#3765=ADVANCED_FACE('2623',(#3764),#3754,.T.);
#3766=CARTESIAN_POINT('',(0.01684,-0.015,0.015));
#3767=DIRECTION('',(0.817834251,-0.406906892,-0.406907753));
#3768=DIRECTION('',(0.575370652,0.590235852,0.566189237));
#3769=AXIS2_PLACEMENT_3D('',#3766,#3767,#3768);
#3770=PLANE('',#3769);
#3771=CARTESIAN_POINT('',(0.029999999,-0.0015,0.02795));
#3772=DIRECTION('',(-0.575370652,-0.590235852,-0.566189237));
#3773=VECTOR('',#3772,0.022872212);
#3774=LINE('',#3771,#3773);
#3775=EDGE_CURVE('690',#125,#3161,#3774,.T.);
#3776=ORIENTED_EDGE('',*,*,#3775,.F.);
#3777=ORIENTED_EDGE('',*,*,#132,.T.);
#3778=ORIENTED_EDGE('',*,*,#178,.T.);
#3779=ORIENTED_EDGE('',*,*,#3172,.T.);
#3780=EDGE_LOOP('',(#3776,#3777,#3778,#3779));
#3781=FACE_BOUND('',#3780,.T.);
#3782=ADVANCED_FACE('2637',(#3781),#3770,.T.);
#3783=CARTESIAN_POINT('',(0.01712,-0.01394,0.015));
#3784=DIRECTION('',(0.707518721,0.003116213,-0.706687731));
#3785=DIRECTION('',(0.568197233,0.592086825,0.571476242));
#3786=AXIS2_PLACEMENT_3D('',#3783,#3784,#3785);
#3787=PLANE('',#3786);
#3788=ORIENTED_EDGE('',*,*,#3445,.T.);
#3789=CARTESIAN_POINT('',(0.029999999,-0.0015,0.02795));
#3790=DIRECTION('',(-0.69486157,0.185296512,-0.69486157));
#3791=VECTOR('',#3790,0.001079351);
#3792=LINE('',#3789,#3791);
#3793=EDGE_CURVE('706',#125,#3440,#3792,.T.);
#3794=ORIENTED_EDGE('',*,*,#3793,.F.);
#3795=CARTESIAN_POINT('',(0.01712,-0.01394,0.015));
#3796=DIRECTION('',(0.582840909,0.562930221,0.586008568));
#3797=VECTOR('',#3796,0.022098654);
#3798=LINE('',#3795,#3797);
#3799=EDGE_CURVE('700',#3438,#125,#3798,.T.);
#3800=ORIENTED_EDGE('',*,*,#3799,.F.);
#3801=EDGE_LOOP('',(#3788,#3794,#3800));
#3802=FACE_BOUND('',#3801,.T.);
#3803=ADVANCED_FACE('2625',(#3802),#3787,.T.);
#3804=CARTESIAN_POINT('',(0.02925,-0.0013,0.0028));
#3805=DIRECTION('',(0.577801133,0.207415897,0.789382351));
#3806=DIRECTION('',(-0.589279327,-0.563162983,0.579307629));
#3807=AXIS2_PLACEMENT_3D('',#3804,#3805,#3806);
#3808=PLANE('',#3807);
#3809=CARTESIAN_POINT('',(0.02925,-0.0013,0.0028));
#3810=VERTEX_POINT('278',#3809);
#3811=CARTESIAN_POINT('',(0.01684,-0.01316,0.015));
#3812=DIRECTION('',(0.589279327,0.563162983,-0.579307629));
#3813=VECTOR('',#3812,0.021059622);
#3814=LINE('',#3811,#3813);
#3815=EDGE_CURVE('712',#3448,#3810,#3814,.T.);
#3816=ORIENTED_EDGE('',*,*,#3815,.F.);
#3817=ORIENTED_EDGE('',*,*,#3453,.T.);
#3818=CARTESIAN_POINT('',(0.02925,-0.0013,0.0028));
#3819=DIRECTION('',(-0.568197248,-0.59208684,0.571476213));
#3820=VECTOR('',#3819,0.02134822);
#3821=LINE('',#3818,#3820);
#3822=EDGE_CURVE('684',#3810,#3438,#3821,.T.);
#3823=ORIENTED_EDGE('',*,*,#3822,.F.);
#3824=EDGE_LOOP('',(#3816,#3817,#3823));
#3825=FACE_BOUND('',#3824,.T.);
#3826=ADVANCED_FACE('2621',(#3825),#3808,.T.);
#3827=CARTESIAN_POINT('',(0.015,-0.01712,0.01394));
#3828=DIRECTION('',(0.706687649,-0.707518803,-0.003116004));
#3829=DIRECTION('',(-0.586008547,-0.58284092,-0.562930231));
#3830=AXIS2_PLACEMENT_3D('',#3827,#3828,#3829);
#3831=PLANE('',#3830);
#3832=ORIENTED_EDGE('',*,*,#3473,.T.);
#3833=CARTESIAN_POINT('',(0.0028,-0.02925,0.0013));
#3834=VERTEX_POINT('300',#3833);
#3835=CARTESIAN_POINT('',(0.0028,-0.02925,0.0013));
#3836=DIRECTION('',(-0.694861681,-0.694861466,0.185296484));
#3837=VECTOR('',#3836,0.001079351);
#3838=LINE('',#3835,#3837);
#3839=EDGE_CURVE('3800',#3834,#365,#3838,.T.);
#3840=ORIENTED_EDGE('',*,*,#3839,.F.);
#3841=CARTESIAN_POINT('',(0.015,-0.01712,0.01394));
#3842=DIRECTION('',(-0.571476213,-0.568197248,-0.59208684));
#3843=VECTOR('',#3842,0.02134822);
#3844=LINE('',#3841,#3843);
#3845=EDGE_CURVE('704',#3201,#3834,#3844,.T.);
#3846=ORIENTED_EDGE('',*,*,#3845,.F.);
#3847=EDGE_LOOP('',(#3832,#3840,#3846));
#3848=FACE_BOUND('',#3847,.T.);
#3849=ADVANCED_FACE('2615',(#3848),#3831,.T.);
#3850=CARTESIAN_POINT('',(0.015,-0.01712,0.01394));
#3851=DIRECTION('',(-0.789382329,-0.57780116,-0.207415907));
#3852=DIRECTION('',(-0.,0.337864907,-0.941194616));
#3853=AXIS2_PLACEMENT_3D('',#3850,#3851,#3852);
#3854=PLANE('',#3853);
#3855=CARTESIAN_POINT('',(0.015,-0.01684,0.01316));
#3856=VERTEX_POINT('318',#3855);
#3857=CARTESIAN_POINT('',(0.015,-0.01684,0.01316));
#3858=DIRECTION('',(0.,-0.337864907,0.941194616));
#3859=VECTOR('',#3858,0.000828734);
#3860=LINE('',#3857,#3859);
#3861=EDGE_CURVE('3805',#3856,#3201,#3860,.T.);
#3862=ORIENTED_EDGE('',*,*,#3861,.F.);
#3863=CARTESIAN_POINT('',(0.0272,-0.02925,0.0013));
#3864=DIRECTION('',(-0.579307658,0.589279312,0.563162969));
#3865=VECTOR('',#3864,0.021059623);
#3866=LINE('',#3863,#3865);
#3867=EDGE_CURVE('1646',#3486,#3856,#3866,.T.);
#3868=ORIENTED_EDGE('',*,*,#3867,.F.);
#3869=ORIENTED_EDGE('',*,*,#3491,.T.);
#3870=EDGE_LOOP('',(#3862,#3868,#3869));
#3871=FACE_BOUND('',#3870,.T.);
#3872=ADVANCED_FACE('2629',(#3871),#3854,.T.);
#3873=CARTESIAN_POINT('',(0.01316,-0.015,0.01316));
#3874=DIRECTION('',(-0.577801529,-0.789382205,-0.20741535));
#3875=DIRECTION('',(-0.337863911,0.,0.941194973));
#3876=AXIS2_PLACEMENT_3D('',#3873,#3874,#3875);
#3877=PLANE('',#3876);
#3878=CARTESIAN_POINT('',(0.01316,-0.015,0.01316));
#3879=VERTEX_POINT('330',#3878);
#3880=CARTESIAN_POINT('',(0.01288,-0.015,0.01394));
#3881=DIRECTION('',(0.337863911,0.,-0.941194973));
#3882=VECTOR('',#3881,0.000828734);
#3883=LINE('',#3880,#3882);
#3884=EDGE_CURVE('730',#3224,#3879,#3883,.T.);
#3885=ORIENTED_EDGE('',*,*,#3884,.F.);
#3886=ORIENTED_EDGE('',*,*,#3521,.T.);
#3887=CARTESIAN_POINT('',(0.01316,-0.015,0.01316));
#3888=DIRECTION('',(-0.589279317,0.579307635,-0.563162988));
#3889=VECTOR('',#3888,0.021059622);
#3890=LINE('',#3887,#3889);
#3891=EDGE_CURVE('1600',#3879,#3510,#3890,.T.);
#3892=ORIENTED_EDGE('',*,*,#3891,.F.);
#3893=EDGE_LOOP('',(#3885,#3886,#3892));
#3894=FACE_BOUND('',#3893,.T.);
#3895=ADVANCED_FACE('2659',(#3894),#3877,.T.);
#3896=CARTESIAN_POINT('',(0.00075,-0.0272,0.0013));
#3897=DIRECTION('',(-0.577801556,0.789382183,-0.20741536));
#3898=DIRECTION('',(0.568197252,0.571476233,0.592086816));
#3899=AXIS2_PLACEMENT_3D('',#3896,#3897,#3898);
#3900=PLANE('',#3899);
#3901=ORIENTED_EDGE('',*,*,#3559,.T.);
#3902=ORIENTED_EDGE('',*,*,#3884,.T.);
#3903=CARTESIAN_POINT('',(0.00075,-0.0272,0.0013));
#3904=DIRECTION('',(0.589279301,0.579307664,0.563162974));
#3905=VECTOR('',#3904,0.021059622);
#3906=LINE('',#3903,#3905);
#3907=EDGE_CURVE('1602',#3532,#3879,#3906,.T.);
#3908=ORIENTED_EDGE('',*,*,#3907,.F.);
#3909=EDGE_LOOP('',(#3901,#3902,#3908));
#3910=FACE_BOUND('',#3909,.T.);
#3911=ADVANCED_FACE('2635',(#3910),#3900,.T.);
#3912=CARTESIAN_POINT('',(0.00205,0.,0.0285));
#3913=DIRECTION('',(0.582310883,0.786006618,-0.207623777));
#3914=DIRECTION('',(0.586008536,-0.582840951,-0.56293021));
#3915=AXIS2_PLACEMENT_3D('',#3912,#3913,#3914);
#3916=PLANE('',#3915);
#3917=ORIENTED_EDGE('',*,*,#3575,.T.);
#3918=ORIENTED_EDGE('',*,*,#3679,.T.);
#3919=CARTESIAN_POINT('',(0.00205,0.,0.0285));
#3920=DIRECTION('',(0.566189206,-0.575370651,-0.590235883));
#3921=VECTOR('',#3920,0.022872212);
#3922=LINE('',#3919,#3921);
#3923=EDGE_CURVE('678',#223,#3674,#3922,.T.);
#3924=ORIENTED_EDGE('',*,*,#3923,.F.);
#3925=EDGE_LOOP('',(#3917,#3918,#3924));
#3926=FACE_BOUND('',#3925,.T.);
#3927=ADVANCED_FACE('2619',(#3926),#3916,.T.);
#3928=CARTESIAN_POINT('',(0.0013,-0.00075,0.0272));
#3929=DIRECTION('',(-0.20741536,0.577801556,-0.789382183));
#3930=DIRECTION('',(0.592086816,-0.568197252,-0.571476233));
#3931=AXIS2_PLACEMENT_3D('',#3928,#3929,#3930);
#3932=PLANE('',#3931);
#3933=CARTESIAN_POINT('',(0.01394,-0.01288,0.015));
#3934=VERTEX_POINT('312',#3933);
#3935=CARTESIAN_POINT('',(0.01394,-0.01288,0.015));
#3936=DIRECTION('',(-0.592086816,0.568197252,0.571476233));
#3937=VECTOR('',#3936,0.021348221);
#3938=LINE('',#3935,#3937);
#3939=EDGE_CURVE('680',#3934,#3589,#3938,.T.);
#3940=ORIENTED_EDGE('',*,*,#3939,.F.);
#3941=CARTESIAN_POINT('',(0.01316,-0.01316,0.015));
#3942=DIRECTION('',(0.941194973,0.337863911,0.));
#3943=VECTOR('',#3942,0.000828734);
#3944=LINE('',#3941,#3943);
#3945=EDGE_CURVE('676',#3279,#3934,#3944,.T.);
#3946=ORIENTED_EDGE('',*,*,#3945,.F.);
#3947=ORIENTED_EDGE('',*,*,#3600,.T.);
#3948=EDGE_LOOP('',(#3940,#3946,#3947));
#3949=FACE_BOUND('',#3948,.T.);
#3950=ADVANCED_FACE('2633',(#3949),#3932,.T.);
#3951=CARTESIAN_POINT('',(0.01316,-0.01316,0.015));
#3952=DIRECTION('',(-0.409702223,0.409702223,0.815038758));
#3953=DIRECTION('',(-0.563162988,0.589279317,-0.579307635));
#3954=AXIS2_PLACEMENT_3D('',#3951,#3952,#3953);
#3955=PLANE('',#3954);
#3956=CARTESIAN_POINT('',(0.0013,-0.00075,0.0028));
#3957=DIRECTION('',(0.563162988,-0.589279317,0.579307635));
#3958=VECTOR('',#3957,0.021059622);
#3959=LINE('',#3956,#3958);
#3960=EDGE_CURVE('1618',#3629,#3279,#3959,.T.);
#3961=ORIENTED_EDGE('',*,*,#3960,.F.);
#3962=ORIENTED_EDGE('',*,*,#3634,.T.);
#3963=ORIENTED_EDGE('',*,*,#3616,.T.);
#3964=EDGE_LOOP('',(#3961,#3962,#3963));
#3965=FACE_BOUND('',#3964,.T.);
#3966=ADVANCED_FACE('2657',(#3965),#3955,.T.);
#3967=CARTESIAN_POINT('',(0.01684,-0.01316,0.015));
#3968=DIRECTION('',(0.409702219,0.409702219,0.815038761));
#3969=DIRECTION('',(0.589279327,0.563162983,-0.579307629));
#3970=AXIS2_PLACEMENT_3D('',#3967,#3968,#3969);
#3971=PLANE('',#3970);
#3972=ORIENTED_EDGE('',*,*,#3815,.T.);
#3973=CARTESIAN_POINT('',(0.0287,-0.00075,0.0028));
#3974=VERTEX_POINT('296',#3973);
#3975=CARTESIAN_POINT('',(0.0287,-0.00075,0.0028));
#3976=DIRECTION('',(0.707106781,-0.707106781,0.));
#3977=VECTOR('',#3976,0.000777817);
#3978=LINE('',#3975,#3977);
#3979=EDGE_CURVE('660',#3974,#3810,#3978,.T.);
#3980=ORIENTED_EDGE('',*,*,#3979,.F.);
#3981=CARTESIAN_POINT('',(0.01684,-0.01316,0.015));
#3982=DIRECTION('',(0.563163,0.589279311,-0.579307629));
#3983=VECTOR('',#3982,0.021059622);
#3984=LINE('',#3981,#3983);
#3985=EDGE_CURVE('1570',#3448,#3974,#3984,.T.);
#3986=ORIENTED_EDGE('',*,*,#3985,.F.);
#3987=EDGE_LOOP('',(#3972,#3980,#3986));
#3988=FACE_BOUND('',#3987,.T.);
#3989=ADVANCED_FACE('2651',(#3988),#3971,.T.);
#3990=CARTESIAN_POINT('',(0.0287,-0.00075,0.0272));
#3991=DIRECTION('',(0.207415556,0.577801414,-0.789382235));
#3992=DIRECTION('',(-0.563162985,-0.589279296,-0.579307659));
#3993=AXIS2_PLACEMENT_3D('',#3990,#3991,#3992);
#3994=PLANE('',#3993);
#3995=ORIENTED_EDGE('',*,*,#3656,.T.);
#3996=CARTESIAN_POINT('',(0.01606,-0.01288,0.015));
#3997=VERTEX_POINT('316',#3996);
#3998=CARTESIAN_POINT('',(0.01606,-0.01288,0.015));
#3999=DIRECTION('',(0.941194845,-0.337864269,0.));
#4000=VECTOR('',#3999,0.000828733);
#4001=LINE('',#3998,#4000);
#4002=EDGE_CURVE('1606',#3997,#3448,#4001,.T.);
#4003=ORIENTED_EDGE('',*,*,#4002,.F.);
#4004=CARTESIAN_POINT('',(0.0287,-0.00075,0.0272));
#4005=DIRECTION('',(-0.592086799,-0.568197261,-0.571476242));
#4006=VECTOR('',#4005,0.02134822);
#4007=LINE('',#4004,#4006);
#4008=EDGE_CURVE('1604',#3651,#3997,#4007,.T.);
#4009=ORIENTED_EDGE('',*,*,#4008,.F.);
#4010=EDGE_LOOP('',(#3995,#4003,#4009));
#4011=FACE_BOUND('',#4010,.T.);
#4012=ADVANCED_FACE('2641',(#4011),#3994,.T.);
#4013=CARTESIAN_POINT('',(0.0287,-0.00075,0.0272));
#4014=DIRECTION('',(-0.707106781,-0.707106781,0.));
#4015=DIRECTION('',(-0.,0.,-1.));
#4016=AXIS2_PLACEMENT_3D('',#4013,#4014,#4015);
#4017=PLANE('',#4016);
#4018=CARTESIAN_POINT('',(0.0287,-0.00075,0.0028));
#4019=DIRECTION('',(0.,0.,1.));
#4020=VECTOR('',#4019,0.0244);
#4021=LINE('',#4018,#4020);
#4022=EDGE_CURVE('1628',#3974,#3651,#4021,.T.);
#4023=ORIENTED_EDGE('',*,*,#4022,.F.);
#4024=ORIENTED_EDGE('',*,*,#3979,.T.);
#4025=CARTESIAN_POINT('',(0.02925,-0.0013,0.0272));
#4026=DIRECTION('',(0.,0.,-1.));
#4027=VECTOR('',#4026,0.0244);
#4028=LINE('',#4025,#4027);
#4029=EDGE_CURVE('666',#3440,#3810,#4028,.T.);
#4030=ORIENTED_EDGE('',*,*,#4029,.F.);
#4031=ORIENTED_EDGE('',*,*,#3662,.T.);
#4032=EDGE_LOOP('',(#4023,#4024,#4030,#4031));
#4033=FACE_BOUND('',#4032,.T.);
#4034=ADVANCED_FACE('2631',(#4033),#4017,.T.);
#4035=CARTESIAN_POINT('',(0.029999999,-0.0015,0.00205));
#4036=DIRECTION('',(-0.257662772,-0.966234907,0.));
#4037=DIRECTION('',(0.,-0.,1.));
#4038=AXIS2_PLACEMENT_3D('',#4035,#4036,#4037);
#4039=PLANE('',#4038);
#4040=CARTESIAN_POINT('',(0.029999999,-0.0015,0.02795));
#4041=DIRECTION('',(0.,0.,-1.));
#4042=VECTOR('',#4041,0.0259);
#4043=LINE('',#4040,#4042);
#4044=EDGE_CURVE('1536',#125,#71,#4043,.T.);
#4045=ORIENTED_EDGE('',*,*,#4044,.F.);
#4046=ORIENTED_EDGE('',*,*,#3793,.T.);
#4047=ORIENTED_EDGE('',*,*,#4029,.T.);
#4048=CARTESIAN_POINT('',(0.029999999,-0.0015,0.00205));
#4049=DIRECTION('',(-0.694861466,0.185296484,0.694861681));
#4050=VECTOR('',#4049,0.001079351);
#4051=LINE('',#4048,#4050);
#4052=EDGE_CURVE('668',#71,#3810,#4051,.T.);
#4053=ORIENTED_EDGE('',*,*,#4052,.F.);
#4054=EDGE_LOOP('',(#4045,#4046,#4047,#4053));
#4055=FACE_BOUND('',#4054,.T.);
#4056=ADVANCED_FACE('2645',(#4055),#4039,.T.);
#4057=CARTESIAN_POINT('',(0.01712,-0.01606,0.015));
#4058=DIRECTION('',(0.707518803,-0.003116005,0.70668765));
#4059=DIRECTION('',(0.568197257,-0.592086823,-0.571476222));
#4060=AXIS2_PLACEMENT_3D('',#4057,#4058,#4059);
#4061=PLANE('',#4060);
#4062=ORIENTED_EDGE('',*,*,#3727,.T.);
#4063=ORIENTED_EDGE('',*,*,#3706,.T.);
#4064=CARTESIAN_POINT('',(0.01712,-0.01606,0.015));
#4065=DIRECTION('',(0.582840923,-0.562930224,-0.58600855));
#4066=VECTOR('',#4065,0.022098653);
#4067=LINE('',#4064,#4066);
#4068=EDGE_CURVE('1592',#3416,#103,#4067,.T.);
#4069=ORIENTED_EDGE('',*,*,#4068,.F.);
#4070=EDGE_LOOP('',(#4062,#4063,#4069));
#4071=FACE_BOUND('',#4070,.T.);
#4072=ADVANCED_FACE('2617',(#4071),#4061,.T.);
#4073=CARTESIAN_POINT('',(0.029999999,-0.0285,0.02795));
#4074=DIRECTION('',(0.786006849,0.207624529,-0.582310303));
#4075=DIRECTION('',(-0.582840912,0.562930214,-0.586008571));
#4076=AXIS2_PLACEMENT_3D('',#4073,#4074,#4075);
#4077=PLANE('',#4076);
#4078=ORIENTED_EDGE('',*,*,#3759,.T.);
#4079=CARTESIAN_POINT('',(0.01684,-0.015,0.015));
#4080=DIRECTION('',(0.255391213,-0.966837798,0.));
#4081=VECTOR('',#4080,0.001096358);
#4082=LINE('',#4079,#4081);
#4083=EDGE_CURVE('1578',#3161,#3416,#4082,.T.);
#4084=ORIENTED_EDGE('',*,*,#4083,.F.);
#4085=ORIENTED_EDGE('',*,*,#3745,.T.);
#4086=EDGE_LOOP('',(#4078,#4084,#4085));
#4087=FACE_BOUND('',#4086,.T.);
#4088=ADVANCED_FACE('2653',(#4087),#4077,.T.);
#4089=CARTESIAN_POINT('',(0.01684,-0.015,0.015));
#4090=DIRECTION('',(0.786006901,-0.207624725,-0.582310162));
#4091=DIRECTION('',(0.255391422,0.966837743,0.));
#4092=AXIS2_PLACEMENT_3D('',#4089,#4090,#4091);
#4093=PLANE('',#4092);
#4094=CARTESIAN_POINT('',(0.01712,-0.01394,0.015));
#4095=DIRECTION('',(-0.255391422,-0.966837743,0.));
#4096=VECTOR('',#4095,0.001096357);
#4097=LINE('',#4094,#4096);
#4098=EDGE_CURVE('1568',#3438,#3161,#4097,.T.);
#4099=ORIENTED_EDGE('',*,*,#4098,.F.);
#4100=ORIENTED_EDGE('',*,*,#3799,.T.);
#4101=ORIENTED_EDGE('',*,*,#3775,.T.);
#4102=EDGE_LOOP('',(#4099,#4100,#4101));
#4103=FACE_BOUND('',#4102,.T.);
#4104=ADVANCED_FACE('2627',(#4103),#4093,.T.);
#4105=CARTESIAN_POINT('',(0.01712,-0.01394,0.015));
#4106=DIRECTION('',(0.707518803,0.003116004,0.706687649));
#4107=DIRECTION('',(0.58284092,0.562930231,-0.586008547));
#4108=AXIS2_PLACEMENT_3D('',#4105,#4106,#4107);
#4109=PLANE('',#4108);
#4110=CARTESIAN_POINT('',(0.029999999,-0.0015,0.00205));
#4111=DIRECTION('',(-0.58284092,-0.562930231,0.586008547));
#4112=VECTOR('',#4111,0.022098653);
#4113=LINE('',#4110,#4112);
#4114=EDGE_CURVE('1572',#71,#3438,#4113,.T.);
#4115=ORIENTED_EDGE('',*,*,#4114,.F.);
#4116=ORIENTED_EDGE('',*,*,#4052,.T.);
#4117=ORIENTED_EDGE('',*,*,#3822,.T.);
#4118=EDGE_LOOP('',(#4115,#4116,#4117));
#4119=FACE_BOUND('',#4118,.T.);
#4120=ADVANCED_FACE('2604',(#4119),#4109,.T.);
#4121=CARTESIAN_POINT('',(0.0028,-0.02925,0.0013));
#4122=DIRECTION('',(-0.,0.257662772,0.966234907));
#4123=DIRECTION('',(-0.694861681,-0.694861466,0.185296484));
#4124=AXIS2_PLACEMENT_3D('',#4121,#4122,#4123);
#4125=PLANE('',#4124);
#4126=ORIENTED_EDGE('',*,*,#3839,.T.);
#4127=ORIENTED_EDGE('',*,*,#370,.T.);
#4128=ORIENTED_EDGE('',*,*,#3497,.T.);
#4129=CARTESIAN_POINT('',(0.0028,-0.02925,0.0013));
#4130=DIRECTION('',(1.,0.,-0.));
#4131=VECTOR('',#4130,0.0244);
#4132=LINE('',#4129,#4131);
#4133=EDGE_CURVE('1620',#3834,#3486,#4132,.T.);
#4134=ORIENTED_EDGE('',*,*,#4133,.F.);
#4135=EDGE_LOOP('',(#4126,#4127,#4128,#4134));
#4136=FACE_BOUND('',#4135,.T.);
#4137=ADVANCED_FACE('3272',(#4136),#4125,.T.);
#4138=CARTESIAN_POINT('',(0.0028,-0.02925,0.0013));
#4139=DIRECTION('',(0.789382351,-0.577801133,-0.207415897));
#4140=DIRECTION('',(0.579307629,0.589279327,0.563162983));
#4141=AXIS2_PLACEMENT_3D('',#4138,#4139,#4140);
#4142=PLANE('',#4141);
#4143=CARTESIAN_POINT('',(0.015,-0.01684,0.01316));
#4144=DIRECTION('',(-0.579307629,-0.589279327,-0.563162983));
#4145=VECTOR('',#4144,0.021059622);
#4146=LINE('',#4143,#4145);
#4147=EDGE_CURVE('1660',#3856,#3834,#4146,.T.);
#4148=ORIENTED_EDGE('',*,*,#4147,.F.);
#4149=ORIENTED_EDGE('',*,*,#3861,.T.);
#4150=ORIENTED_EDGE('',*,*,#3845,.T.);
#4151=EDGE_LOOP('',(#4148,#4149,#4150));
#4152=FACE_BOUND('',#4151,.T.);
#4153=ADVANCED_FACE('3270',(#4152),#4142,.T.);
#4154=CARTESIAN_POINT('',(0.00075,-0.0272,0.0013));
#4155=DIRECTION('',(0.707106781,0.,0.707106781));
#4156=DIRECTION('',(0.707106781,0.,-0.707106781));
#4157=AXIS2_PLACEMENT_3D('',#4154,#4155,#4156);
#4158=PLANE('',#4157);
#4159=CARTESIAN_POINT('',(0.00106,-0.0272,0.00099));
#4160=VERTEX_POINT('470',#4159);
#4161=CARTESIAN_POINT('',(0.00106,-0.0272,0.00099));
#4162=DIRECTION('',(-0.707106781,0.,0.707106781));
#4163=VECTOR('',#4162,0.000438406);
#4164=LINE('',#4161,#4163);
#4165=EDGE_CURVE('1588',#4160,#3532,#4164,.T.);
#4166=ORIENTED_EDGE('',*,*,#4165,.F.);
#4167=CARTESIAN_POINT('',(0.00106,-0.013447272,0.00099));
#4168=VERTEX_POINT('458',#4167);
#4169=CARTESIAN_POINT('',(0.00106,-0.013447272,0.00099));
#4170=DIRECTION('',(0.,-1.,0.));
#4171=VECTOR('',#4170,0.013752729);
#4172=LINE('',#4169,#4171);
#4173=EDGE_CURVE('1290',#4168,#4160,#4172,.T.);
#4174=ORIENTED_EDGE('',*,*,#4173,.F.);
#4175=CARTESIAN_POINT('',(0.00106,-0.0028,0.00099));
#4176=VERTEX_POINT('472',#4175);
#4177=CARTESIAN_POINT('',(0.00106,-0.0028,0.00099));
#4178=DIRECTION('',(0.,-1.,0.));
#4179=VECTOR('',#4178,0.010647272);
#4180=LINE('',#4177,#4179);
#4181=EDGE_CURVE('1288',#4176,#4168,#4180,.T.);
#4182=ORIENTED_EDGE('',*,*,#4181,.F.);
#4183=CARTESIAN_POINT('',(0.00075,-0.0028,0.0013));
#4184=DIRECTION('',(0.707106781,0.,-0.707106781));
#4185=VECTOR('',#4184,0.000438406);
#4186=LINE('',#4183,#4185);
#4187=EDGE_CURVE('1624',#3510,#4176,#4186,.T.);
#4188=ORIENTED_EDGE('',*,*,#4187,.F.);
#4189=ORIENTED_EDGE('',*,*,#3537,.T.);
#4190=EDGE_LOOP('',(#4166,#4174,#4182,#4188,#4189));
#4191=FACE_BOUND('',#4190,.T.);
#4192=ADVANCED_FACE('3268',(#4191),#4158,.T.);
#4193=CARTESIAN_POINT('',(0.01394,-0.01288,0.015));
#4194=DIRECTION('',(-0.003116439,0.707518586,-0.706687865));
#4195=DIRECTION('',(-0.592086816,0.568197252,0.571476233));
#4196=AXIS2_PLACEMENT_3D('',#4193,#4194,#4195);
#4197=PLANE('',#4196);
#4198=ORIENTED_EDGE('',*,*,#3939,.T.);
#4199=CARTESIAN_POINT('',(0.0013,-0.00075,0.0272));
#4200=DIRECTION('',(0.18529647,0.694861737,0.694861414));
#4201=VECTOR('',#4200,0.001079351);
#4202=LINE('',#4199,#4201);
#4203=EDGE_CURVE('1580',#3589,#231,#4202,.T.);
#4204=ORIENTED_EDGE('',*,*,#4203,.T.);
#4205=CARTESIAN_POINT('',(0.01394,-0.01288,0.015));
#4206=DIRECTION('',(-0.562930207,0.582840937,0.586008553));
#4207=VECTOR('',#4206,0.022098654);
#4208=LINE('',#4205,#4207);
#4209=EDGE_CURVE('1614',#3934,#231,#4208,.T.);
#4210=ORIENTED_EDGE('',*,*,#4209,.F.);
#4211=EDGE_LOOP('',(#4198,#4204,#4210));
#4212=FACE_BOUND('',#4211,.T.);
#4213=ADVANCED_FACE('3266',(#4212),#4197,.T.);
#4214=CARTESIAN_POINT('',(0.015,-0.01316,0.015));
#4215=DIRECTION('',(0.406907316,0.817834257,-0.406907316));
#4216=DIRECTION('',(-0.590235852,0.575370652,0.566189237));
#4217=AXIS2_PLACEMENT_3D('',#4214,#4215,#4216);
#4218=PLANE('',#4217);
#4219=CARTESIAN_POINT('',(0.0015,0.,0.02795));
#4220=DIRECTION('',(0.590235852,-0.575370652,-0.566189237));
#4221=VECTOR('',#4220,0.022872212);
#4222=LINE('',#4219,#4221);
#4223=EDGE_CURVE('1632',#231,#3674,#4222,.T.);
#4224=ORIENTED_EDGE('',*,*,#4223,.F.);
#4225=ORIENTED_EDGE('',*,*,#236,.T.);
#4226=ORIENTED_EDGE('',*,*,#3923,.T.);
#4227=EDGE_LOOP('',(#4224,#4225,#4226));
#4228=FACE_BOUND('',#4227,.T.);
#4229=ADVANCED_FACE('1246',(#4228),#4218,.T.);
#4230=CARTESIAN_POINT('',(0.0013,-0.00075,0.0028));
#4231=DIRECTION('',(-0.20741535,0.577801529,0.789382205));
#4232=DIRECTION('',(0.563162988,-0.589279317,0.579307635));
#4233=AXIS2_PLACEMENT_3D('',#4230,#4231,#4232);
#4234=PLANE('',#4233);
#4235=ORIENTED_EDGE('',*,*,#3960,.T.);
#4236=ORIENTED_EDGE('',*,*,#3945,.T.);
#4237=CARTESIAN_POINT('',(0.0013,-0.00075,0.0028));
#4238=DIRECTION('',(0.592086831,-0.568197266,0.571476204));
#4239=VECTOR('',#4238,0.02134822);
#4240=LINE('',#4237,#4239);
#4241=EDGE_CURVE('1626',#3629,#3934,#4240,.T.);
#4242=ORIENTED_EDGE('',*,*,#4241,.F.);
#4243=EDGE_LOOP('',(#4235,#4236,#4242));
#4244=FACE_BOUND('',#4243,.T.);
#4245=ADVANCED_FACE('1244',(#4244),#4234,.T.);
#4246=CARTESIAN_POINT('',(0.0015,0.,0.02795));
#4247=DIRECTION('',(0.966234937,-0.25766266,-0.));
#4248=DIRECTION('',(-0.007948502,-0.029806881,-0.999524072));
#4249=AXIS2_PLACEMENT_3D('',#4246,#4247,#4248);
#4250=PLANE('',#4249);
#4251=ORIENTED_EDGE('',*,*,#4203,.F.);
#4252=ORIENTED_EDGE('',*,*,#3640,.T.);
#4253=CARTESIAN_POINT('',(0.0015,-0.,0.00205));
#4254=DIRECTION('',(-0.185296443,-0.694861633,0.694861525));
#4255=VECTOR('',#4254,0.001079352);
#4256=LINE('',#4253,#4255);
#4257=EDGE_CURVE('1574',#279,#3629,#4256,.T.);
#4258=ORIENTED_EDGE('',*,*,#4257,.F.);
#4259=ORIENTED_EDGE('',*,*,#669,.F.);
#4260=EDGE_LOOP('',(#4251,#4252,#4258,#4259));
#4261=FACE_BOUND('',#4260,.T.);
#4262=ADVANCED_FACE('1240',(#4261),#4250,.T.);
#4263=CARTESIAN_POINT('',(0.0287,-0.00075,0.0028));
#4264=DIRECTION('',(0.207415546,0.577801387,0.789382258));
#4265=DIRECTION('',(-0.592086813,-0.568197275,0.571476213));
#4266=AXIS2_PLACEMENT_3D('',#4263,#4264,#4265);
#4267=PLANE('',#4266);
#4268=CARTESIAN_POINT('',(0.01606,-0.01288,0.015));
#4269=DIRECTION('',(0.592086813,0.568197275,-0.571476213));
#4270=VECTOR('',#4269,0.02134822);
#4271=LINE('',#4268,#4270);
#4272=EDGE_CURVE('1590',#3997,#3974,#4271,.T.);
#4273=ORIENTED_EDGE('',*,*,#4272,.F.);
#4274=ORIENTED_EDGE('',*,*,#4002,.T.);
#4275=ORIENTED_EDGE('',*,*,#3985,.T.);
#4276=EDGE_LOOP('',(#4273,#4274,#4275));
#4277=FACE_BOUND('',#4276,.T.);
#4278=ADVANCED_FACE('1242',(#4277),#4267,.T.);
#4279=CARTESIAN_POINT('',(0.01606,-0.01288,0.015));
#4280=DIRECTION('',(0.003116441,0.707518586,-0.706687865));
#4281=DIRECTION('',(0.5629302,0.58284094,0.586008557));
#4282=AXIS2_PLACEMENT_3D('',#4279,#4280,#4281);
#4283=PLANE('',#4282);
#4284=CARTESIAN_POINT('',(0.0285,-0.,0.02795));
#4285=DIRECTION('',(-0.5629302,-0.58284094,-0.586008557));
#4286=VECTOR('',#4285,0.022098654);
#4287=LINE('',#4284,#4286);
#4288=EDGE_CURVE('1582',#199,#3997,#4287,.T.);
#4289=ORIENTED_EDGE('',*,*,#4288,.F.);
#4290=CARTESIAN_POINT('',(0.0287,-0.00075,0.0272));
#4291=DIRECTION('',(-0.185296158,0.694861779,0.694861455));
#4292=VECTOR('',#4291,0.001079351);
#4293=LINE('',#4290,#4292);
#4294=EDGE_CURVE('1622',#3651,#199,#4293,.T.);
#4295=ORIENTED_EDGE('',*,*,#4294,.F.);
#4296=ORIENTED_EDGE('',*,*,#4008,.T.);
#4297=EDGE_LOOP('',(#4289,#4295,#4296));
#4298=FACE_BOUND('',#4297,.T.);
#4299=ADVANCED_FACE('2613',(#4298),#4283,.T.);
#4300=CARTESIAN_POINT('',(0.015,-0.01316,0.015));
#4301=DIRECTION('',(-0.406908668,0.817834283,-0.406905912));
#4302=DIRECTION('',(0.578296168,0.575453808,0.578296168));
#4303=AXIS2_PLACEMENT_3D('',#4300,#4301,#4302);
#4304=PLANE('',#4303);
#4305=ORIENTED_EDGE('',*,*,#3686,.T.);
#4306=ORIENTED_EDGE('',*,*,#220,.F.);
#4307=ORIENTED_EDGE('',*,*,#212,.F.);
#4308=CARTESIAN_POINT('',(0.015,-0.01316,0.015));
#4309=DIRECTION('',(0.590235872,0.575370641,0.566189226));
#4310=VECTOR('',#4309,0.022872212);
#4311=LINE('',#4308,#4310);
#4312=EDGE_CURVE('1630',#3674,#199,#4311,.T.);
#4313=ORIENTED_EDGE('',*,*,#4312,.F.);
#4314=EDGE_LOOP('',(#4305,#4306,#4307,#4313));
#4315=FACE_BOUND('',#4314,.T.);
#4316=ADVANCED_FACE('3264',(#4315),#4304,.T.);
#4317=CARTESIAN_POINT('',(0.,0.,0.));
#4318=DIRECTION('',(0.,0.,-1.));
#4319=DIRECTION('',(1.,0.,0.));
#4320=AXIS2_PLACEMENT_3D('',#4317,#4318,#4319);
#4321=PLANE('',#4320);
#4322=CARTESIAN_POINT('',(0.029999999,0.,-0.000000001));
#4323=DIRECTION('',(0.,0.,1.));
#4324=DIRECTION('',(1.,0.,-0.));
#4325=AXIS2_PLACEMENT_3D('',#4322,#4323,#4324);
#4326=CIRCLE('',#4325,0.0015);
#4327=EDGE_CURVE('3984',#61,#263,#4326,.T.);
#4328=ORIENTED_EDGE('',*,*,#4327,.F.);
#4329=ORIENTED_EDGE('',*,*,#68,.T.);
#4330=CARTESIAN_POINT('',(0.029999999,-0.029999999,-0.000000001));
#4331=DIRECTION('',(0.,0.,1.));
#4332=DIRECTION('',(1.,0.,-0.));
#4333=AXIS2_PLACEMENT_3D('',#4330,#4331,#4332);
#4334=CIRCLE('',#4333,0.0015);
#4335=EDGE_CURVE('2530',#339,#63,#4334,.T.);
#4336=ORIENTED_EDGE('',*,*,#4335,.F.);
#4337=ORIENTED_EDGE('',*,*,#346,.T.);
#4338=CARTESIAN_POINT('',(-0.0015,-0.029999999,-0.000000001));
#4339=VERTEX_POINT('',#4338);
#4340=CARTESIAN_POINT('',(0.,-0.029999999,-0.000000001));
#4341=DIRECTION('',(0.,0.,1.));
#4342=DIRECTION('',(1.,0.,-0.));
#4343=AXIS2_PLACEMENT_3D('',#4340,#4341,#4342);
#4344=CIRCLE('',#4343,0.0015);
#4345=EDGE_CURVE('2537',#4339,#341,#4344,.T.);
#4346=ORIENTED_EDGE('',*,*,#4345,.F.);
#4347=CARTESIAN_POINT('',(0.,-0.029999999,-0.000000001));
#4348=DIRECTION('',(0.,0.,1.));
#4349=DIRECTION('',(1.,0.,-0.));
#4350=AXIS2_PLACEMENT_3D('',#4347,#4348,#4349);
#4351=CIRCLE('',#4350,0.0015);
#4352=EDGE_CURVE('2537',#489,#4339,#4351,.T.);
#4353=ORIENTED_EDGE('',*,*,#4352,.F.);
#4354=ORIENTED_EDGE('',*,*,#496,.T.);
#4355=CARTESIAN_POINT('',(0.,-0.0015,-0.000000001));
#4356=CARTESIAN_POINT('',(-0.000073631,-0.0015,-0.000000001));
#4357=CARTESIAN_POINT('',(-0.000147262,-0.001494569,-0.000000001));
#4358=CARTESIAN_POINT('',(-0.000220096,-0.001483765,-0.000000001));
#4359=CARTESIAN_POINT('',(-0.00029293,-0.001472961,-0.000000001));
#4360=CARTESIAN_POINT('',(-0.000364966,-0.001456784,-0.000000001));
#4361=CARTESIAN_POINT('',(-0.000435427,-0.001435411,-0.000000001));
#4362=CARTESIAN_POINT('',(-0.000505888,-0.001414037,-0.000000001));
#4363=CARTESIAN_POINT('',(-0.000574771,-0.001387465,-0.000000001));
#4364=CARTESIAN_POINT('',(-0.000641333,-0.001355984,-0.000000001));
#4365=CARTESIAN_POINT('',(-0.000707894,-0.001324503,-0.000000001));
#4366=CARTESIAN_POINT('',(-0.000772133,-0.001288112,-0.000000001));
#4367=CARTESIAN_POINT('',(-0.000833355,-0.001247204,-0.000000001));
#4368=CARTESIAN_POINT('',(-0.000894577,-0.001206297,-0.000000001));
#4369=CARTESIAN_POINT('',(-0.000952781,-0.001160874,-0.000000001));
#4370=CARTESIAN_POINT('',(-0.001007338,-0.001111427,-0.000000001));
#4371=CARTESIAN_POINT('',(-0.001061895,-0.001061979,-0.000000001));
#4372=CARTESIAN_POINT('',(-0.001112805,-0.001008508,-0.000000001));
#4373=CARTESIAN_POINT('',(-0.001159516,-0.00095159,-0.000000001));
#4374=CARTESIAN_POINT('',(-0.001206227,-0.000894672,-0.000000001));
#4375=CARTESIAN_POINT('',(-0.001248739,-0.00083431,-0.000000001));
#4376=CARTESIAN_POINT('',(-0.001286593,-0.000771154,-0.000000001));
#4377=CARTESIAN_POINT('',(-0.001324447,-0.000707999,-0.000000001));
#4378=CARTESIAN_POINT('',(-0.001357642,-0.000642051,-0.000000001));
#4379=CARTESIAN_POINT('',(-0.001385819,-0.000574025,-0.000000001));
#4380=CARTESIAN_POINT('',(-0.001413997,-0.000505999,-0.000000001));
#4381=CARTESIAN_POINT('',(-0.001437156,-0.000435895,-0.000000001));
#4382=CARTESIAN_POINT('',(-0.001455047,-0.00036447,-0.000000001));
#4383=CARTESIAN_POINT('',(-0.001472938,-0.000293046,-0.000000001));
#4384=CARTESIAN_POINT('',(-0.00148556,-0.000220302,-0.000000001));
#4385=CARTESIAN_POINT('',(-0.001492777,-0.000147026,-0.000000001));
#4386=CARTESIAN_POINT('',(-0.001499994,-0.000073749,-0.000000001));
#4387=CARTESIAN_POINT('',(-0.001501806,0.000000059,-0.000000001));
#4388=CARTESIAN_POINT('',(-0.001498193,0.000073602,-0.000000001));
#4389=CARTESIAN_POINT('',(-0.00149458,0.000147144,-0.000000001));
#4390=CARTESIAN_POINT('',(-0.001485543,0.000220419,-0.000000001));
#4391=CARTESIAN_POINT('',(-0.001471178,0.000292635,-0.000000001));
#4392=CARTESIAN_POINT('',(-0.001456813,0.000364852,-0.000000001));
#4393=CARTESIAN_POINT('',(-0.001437122,0.000436008,-0.000000001));
#4394=CARTESIAN_POINT('',(-0.001412316,0.000505335,-0.000000001));
#4395=CARTESIAN_POINT('',(-0.001387511,0.000574662,-0.000000001));
#4396=CARTESIAN_POINT('',(-0.001357591,0.000642158,-0.000000001));
#4397=CARTESIAN_POINT('',(-0.001322882,0.000707095,-0.000000001));
#4398=CARTESIAN_POINT('',(-0.001288172,0.000772032,-0.000000001));
#4399=CARTESIAN_POINT('',(-0.001248673,0.000834408,-0.000000001));
#4400=CARTESIAN_POINT('',(-0.001204811,0.000893549,-0.000000001));
#4401=CARTESIAN_POINT('',(-0.001160949,0.00095269,-0.000000001));
#4402=CARTESIAN_POINT('',(-0.001112725,0.001008595,-0.000000001));
#4403=CARTESIAN_POINT('',(-0.00106066,0.00106066,-0.000000001));
#4404=CARTESIAN_POINT('',(-0.001008595,0.001112725,-0.000000001));
#4405=CARTESIAN_POINT('',(-0.00095269,0.001160949,-0.000000001));
#4406=CARTESIAN_POINT('',(-0.000893549,0.001204811,-0.000000001));
#4407=CARTESIAN_POINT('',(-0.000834408,0.001248673,-0.000000001));
#4408=CARTESIAN_POINT('',(-0.000772032,0.001288172,-0.000000001));
#4409=CARTESIAN_POINT('',(-0.000707095,0.001322882,-0.000000001));
#4410=CARTESIAN_POINT('',(-0.000642158,0.001357591,-0.000000001));
#4411=CARTESIAN_POINT('',(-0.000574662,0.001387511,-0.000000001));
#4412=CARTESIAN_POINT('',(-0.000505335,0.001412316,-0.000000001));
#4413=CARTESIAN_POINT('',(-0.000436008,0.001437122,-0.000000001));
#4414=CARTESIAN_POINT('',(-0.000364852,0.001456813,-0.000000001));
#4415=CARTESIAN_POINT('',(-0.000292635,0.001471178,-0.000000001));
#4416=CARTESIAN_POINT('',(-0.000220419,0.001485543,-0.000000001));
#4417=CARTESIAN_POINT('',(-0.000147144,0.00149458,-0.000000001));
#4418=CARTESIAN_POINT('',(-0.000073602,0.001498193,-0.000000001));
#4419=CARTESIAN_POINT('',(-0.000000059,0.001501806,-0.000000001));
#4420=CARTESIAN_POINT('',(0.000073749,0.001499994,-0.000000001));
#4421=CARTESIAN_POINT('',(0.000147026,0.001492777,-0.000000001));
#4422=CARTESIAN_POINT('',(0.000220302,0.00148556,-0.000000001));
#4423=CARTESIAN_POINT('',(0.000293046,0.001472938,-0.000000001));
#4424=CARTESIAN_POINT('',(0.00036447,0.001455047,-0.000000001));
#4425=CARTESIAN_POINT('',(0.000435895,0.001437156,-0.000000001));
#4426=CARTESIAN_POINT('',(0.000505999,0.001413997,-0.000000001));
#4427=CARTESIAN_POINT('',(0.000574025,0.001385819,-0.000000001));
#4428=CARTESIAN_POINT('',(0.000642051,0.001357642,-0.000000001));
#4429=CARTESIAN_POINT('',(0.000707999,0.001324447,-0.000000001));
#4430=CARTESIAN_POINT('',(0.000771154,0.001286593,-0.000000001));
#4431=CARTESIAN_POINT('',(0.00083431,0.001248739,-0.000000001));
#4432=CARTESIAN_POINT('',(0.000894672,0.001206227,-0.000000001));
#4433=CARTESIAN_POINT('',(0.00095159,0.001159516,-0.000000001));
#4434=CARTESIAN_POINT('',(0.001008508,0.001112805,-0.000000001));
#4435=CARTESIAN_POINT('',(0.001061979,0.001061895,-0.000000001));
#4436=CARTESIAN_POINT('',(0.001111427,0.001007338,-0.000000001));
#4437=CARTESIAN_POINT('',(0.001160874,0.000952781,-0.000000001));
#4438=CARTESIAN_POINT('',(0.001206297,0.000894577,-0.000000001));
#4439=CARTESIAN_POINT('',(0.001247204,0.000833355,-0.000000001));
#4440=CARTESIAN_POINT('',(0.001288112,0.000772133,-0.000000001));
#4441=CARTESIAN_POINT('',(0.001324503,0.000707894,-0.000000001));
#4442=CARTESIAN_POINT('',(0.001355984,0.000641333,-0.000000001));
#4443=CARTESIAN_POINT('',(0.001387465,0.000574771,-0.000000001));
#4444=CARTESIAN_POINT('',(0.001414037,0.000505888,-0.000000001));
#4445=CARTESIAN_POINT('',(0.001435411,0.000435427,-0.000000001));
#4446=CARTESIAN_POINT('',(0.001456784,0.000364966,-0.000000001));
#4447=CARTESIAN_POINT('',(0.001472961,0.00029293,-0.000000001));
#4448=CARTESIAN_POINT('',(0.001483765,0.000220096,-0.000000001));
#4449=CARTESIAN_POINT('',(0.001494569,0.000147262,-0.000000001));
#4450=CARTESIAN_POINT('',(0.0015,0.000073631,-0.000000001));
#4451=CARTESIAN_POINT('',(0.0015,0.,-0.000000001));
#4452=B_SPLINE_CURVE_WITH_KNOTS('',3,(#4355,#4356,#4357,#4358,#4359,#4360,#4361,#4362,#4363,#4364,#4365,#4366,#4367,#4368,#4369,#4370,#4371,#4372,#4373,#4374,#4375,#4376,#4377,#4378,#4379,#4380,
#4381,#4382,#4383,#4384,#4385,#4386,#4387,#4388,#4389,#4390,#4391,#4392,#4393,#4394,#4395,#4396,#4397,#4398,#4399,#4400,#4401,#4402,#4403,#4404,#4405,
#4406,#4407,#4408,#4409,#4410,#4411,#4412,#4413,#4414,#4415,#4416,#4417,#4418,#4419,#4420,#4421,#4422,#4423,#4424,#4425,#4426,#4427,#4428,#4429,#4430,
#4431,#4432,#4433,#4434,#4435,#4436,#4437,#4438,#4439,#4440,#4441,#4442,#4443,#4444,#4445,#4446,#4447,#4448,#4449,#4450,#4451),.UNSPECIFIED.,.F.,.F.,(4,3,3,3,3,3,3,3,3,3,3,3,3,3,3,3,3,3,3,3,3,3,3,3,3,3,
3,3,3,3,3,3,4),(0.,0.03125,0.0625,0.09375,0.125,0.15625,0.1875,0.21875,0.25,0.28125,0.3125,0.34375,0.375,0.40625,0.4375,0.46875,0.5,0.53125,0.5625,0.59375,0.625,0.65625,0.6875,0.71875,0.75,0.78125,
0.8125,0.84375,0.875,0.90625,0.9375,0.96875,1.),.UNSPECIFIED.);
#4453=EDGE_CURVE('2545',#491,#648,#4452,.T.);
#4454=ORIENTED_EDGE('',*,*,#4453,.T.);
#4455=ORIENTED_EDGE('',*,*,#770,.T.);
#4456=ORIENTED_EDGE('',*,*,#276,.F.);
#4457=EDGE_LOOP('',(#4328,#4329,#4336,#4337,#4346,#4353,#4354,#4454,#4455,#4456));
#4458=FACE_BOUND('',#4457,.T.);
#4459=ADVANCED_FACE('1256',(#4458),#4321,.T.);
#4460=CARTESIAN_POINT('',(0.029999999,-0.0285,0.00205));
#4461=DIRECTION('',(0.786006835,0.207624525,0.582310323));
#4462=DIRECTION('',(-0.575370651,0.590235883,0.566189206));
#4463=AXIS2_PLACEMENT_3D('',#4460,#4461,#4462);
#4464=PLANE('',#4463);
#4465=CARTESIAN_POINT('',(0.01684,-0.015,0.015));
#4466=DIRECTION('',(0.575370651,-0.590235883,-0.566189206));
#4467=VECTOR('',#4466,0.022872212);
#4468=LINE('',#4465,#4467);
#4469=EDGE_CURVE('1557',#3161,#103,#4468,.T.);
#4470=ORIENTED_EDGE('',*,*,#4469,.F.);
#4471=ORIENTED_EDGE('',*,*,#4083,.T.);
#4472=ORIENTED_EDGE('',*,*,#4068,.T.);
#4473=EDGE_LOOP('',(#4470,#4471,#4472));
#4474=FACE_BOUND('',#4473,.T.);
#4475=ADVANCED_FACE('3318',(#4474),#4464,.T.);
#4476=CARTESIAN_POINT('',(0.01684,-0.015,0.015));
#4477=DIRECTION('',(0.786006887,-0.207624721,0.582310183));
#4478=DIRECTION('',(0.575370662,0.590235863,-0.566189216));
#4479=AXIS2_PLACEMENT_3D('',#4476,#4477,#4478);
#4480=PLANE('',#4479);
#4481=CARTESIAN_POINT('',(0.029999999,-0.0015,0.00205));
#4482=DIRECTION('',(-0.575370662,-0.590235863,0.566189216));
#4483=VECTOR('',#4482,0.022872212);
#4484=LINE('',#4481,#4483);
#4485=EDGE_CURVE('1612',#71,#3161,#4484,.T.);
#4486=ORIENTED_EDGE('',*,*,#4485,.F.);
#4487=ORIENTED_EDGE('',*,*,#4114,.T.);
#4488=ORIENTED_EDGE('',*,*,#4098,.T.);
#4489=EDGE_LOOP('',(#4486,#4487,#4488));
#4490=FACE_BOUND('',#4489,.T.);
#4491=ADVANCED_FACE('2602',(#4490),#4480,.T.);
#4492=CARTESIAN_POINT('',(0.015,-0.01684,0.01316));
#4493=DIRECTION('',(-0.81503874,-0.409702613,-0.409701869));
#4494=DIRECTION('',(0.579307651,-0.563162967,-0.589279321));
#4495=AXIS2_PLACEMENT_3D('',#4492,#4493,#4494);
#4496=PLANE('',#4495);
#4497=CARTESIAN_POINT('',(0.026964061,-0.028470635,0.00099));
#4498=VERTEX_POINT('434',#4497);
#4499=CARTESIAN_POINT('',(0.026964061,-0.028470635,0.00099));
#4500=DIRECTION('',(-0.579307651,0.563162967,0.589279321));
#4501=VECTOR('',#4500,0.020652345);
#4502=LINE('',#4499,#4501);
#4503=EDGE_CURVE('1666',#4498,#3856,#4502,.T.);
#4504=ORIENTED_EDGE('',*,*,#4503,.F.);
#4505=CARTESIAN_POINT('',(0.0272,-0.02894,0.00099));
#4506=VERTEX_POINT('446',#4505);
#4507=CARTESIAN_POINT('',(0.0272,-0.02894,0.00099));
#4508=DIRECTION('',(-0.449127236,0.893467809,0.));
#4509=VECTOR('',#4508,0.000525329);
#4510=LINE('',#4507,#4509);
#4511=EDGE_CURVE('1320',#4506,#4498,#4510,.T.);
#4512=ORIENTED_EDGE('',*,*,#4511,.F.);
#4513=CARTESIAN_POINT('',(0.0272,-0.02925,0.0013));
#4514=DIRECTION('',(0.,0.707106781,-0.707106781));
#4515=VECTOR('',#4514,0.000438406);
#4516=LINE('',#4513,#4515);
#4517=EDGE_CURVE('1598',#3486,#4506,#4516,.T.);
#4518=ORIENTED_EDGE('',*,*,#4517,.F.);
#4519=ORIENTED_EDGE('',*,*,#3867,.T.);
#4520=EDGE_LOOP('',(#4504,#4512,#4518,#4519));
#4521=FACE_BOUND('',#4520,.T.);
#4522=ADVANCED_FACE('2611',(#4521),#4496,.T.);
#4523=CARTESIAN_POINT('',(0.01316,-0.015,0.01316));
#4524=DIRECTION('',(-0.409702222,-0.815038758,-0.409702225));
#4525=DIRECTION('',(-0.574655611,0.57940484,-0.577980069));
#4526=AXIS2_PLACEMENT_3D('',#4523,#4524,#4525);
#4527=PLANE('',#4526);
#4528=ORIENTED_EDGE('',*,*,#3891,.T.);
#4529=ORIENTED_EDGE('',*,*,#4187,.T.);
#4530=CARTESIAN_POINT('',(0.001529363,-0.003035939,0.00099));
#4531=VERTEX_POINT('448',#4530);
#4532=CARTESIAN_POINT('',(0.00106,-0.0028,0.00099));
#4533=DIRECTION('',(0.893467985,-0.449126886,0.));
#4534=VECTOR('',#4533,0.000525327);
#4535=LINE('',#4532,#4534);
#4536=EDGE_CURVE('1286',#4176,#4531,#4535,.T.);
#4537=ORIENTED_EDGE('',*,*,#4536,.T.);
#4538=CARTESIAN_POINT('',(0.01316,-0.015,0.01316));
#4539=DIRECTION('',(-0.56316299,0.579307635,-0.589279315));
#4540=VECTOR('',#4539,0.020652345);
#4541=LINE('',#4538,#4540);
#4542=EDGE_CURVE('1555',#3879,#4531,#4541,.T.);
#4543=ORIENTED_EDGE('',*,*,#4542,.F.);
#4544=EDGE_LOOP('',(#4528,#4529,#4537,#4543));
#4545=FACE_BOUND('',#4544,.T.);
#4546=ADVANCED_FACE('1250',(#4545),#4527,.T.);
#4547=CARTESIAN_POINT('',(0.00106,-0.0272,0.00099));
#4548=DIRECTION('',(-0.409703424,0.815038734,-0.409701069));
#4549=DIRECTION('',(0.574655597,0.579404869,0.577980054));
#4550=AXIS2_PLACEMENT_3D('',#4547,#4548,#4549);
#4551=PLANE('',#4550);
#4552=ORIENTED_EDGE('',*,*,#4165,.T.);
#4553=ORIENTED_EDGE('',*,*,#3907,.T.);
#4554=CARTESIAN_POINT('',(0.001529363,-0.026964061,0.00099));
#4555=VERTEX_POINT('464',#4554);
#4556=CARTESIAN_POINT('',(0.001529363,-0.026964061,0.00099));
#4557=DIRECTION('',(0.563162986,0.579307642,0.589279311));
#4558=VECTOR('',#4557,0.020652345);
#4559=LINE('',#4556,#4558);
#4560=EDGE_CURVE('1543',#4555,#3879,#4559,.T.);
#4561=ORIENTED_EDGE('',*,*,#4560,.F.);
#4562=CARTESIAN_POINT('',(0.001529363,-0.026964061,0.00099));
#4563=DIRECTION('',(-0.893467452,-0.449127947,0.));
#4564=VECTOR('',#4563,0.000525328);
#4565=LINE('',#4562,#4564);
#4566=EDGE_CURVE('1304',#4555,#4160,#4565,.T.);
#4567=ORIENTED_EDGE('',*,*,#4566,.T.);
#4568=EDGE_LOOP('',(#4552,#4553,#4561,#4567));
#4569=FACE_BOUND('',#4568,.T.);
#4570=ADVANCED_FACE('1248',(#4569),#4551,.T.);
#4571=CARTESIAN_POINT('',(0.0015,0.,0.02795));
#4572=DIRECTION('',(0.207623977,0.786006684,-0.582310722));
#4573=DIRECTION('',(0.590235852,-0.575370652,-0.566189237));
#4574=AXIS2_PLACEMENT_3D('',#4571,#4572,#4573);
#4575=PLANE('',#4574);
#4576=ORIENTED_EDGE('',*,*,#4223,.T.);
#4577=CARTESIAN_POINT('',(0.01394,-0.01288,0.015));
#4578=DIRECTION('',(0.966837953,-0.255390628,0.));
#4579=VECTOR('',#4578,0.001096357);
#4580=LINE('',#4577,#4579);
#4581=EDGE_CURVE('1610',#3934,#3674,#4580,.T.);
#4582=ORIENTED_EDGE('',*,*,#4581,.F.);
#4583=ORIENTED_EDGE('',*,*,#4209,.T.);
#4584=EDGE_LOOP('',(#4576,#4582,#4583));
#4585=FACE_BOUND('',#4584,.T.);
#4586=ADVANCED_FACE('3257',(#4585),#4575,.T.);
#4587=CARTESIAN_POINT('',(0.01394,-0.01288,0.015));
#4588=DIRECTION('',(-0.00311623,0.707518668,0.706687783));
#4589=DIRECTION('',(-0.562930218,0.582840947,-0.586008533));
#4590=AXIS2_PLACEMENT_3D('',#4587,#4588,#4589);
#4591=PLANE('',#4590);
#4592=CARTESIAN_POINT('',(0.0015,-0.,0.00205));
#4593=DIRECTION('',(0.562930218,-0.582840947,0.586008533));
#4594=VECTOR('',#4593,0.022098654);
#4595=LINE('',#4592,#4594);
#4596=EDGE_CURVE('1576',#279,#3934,#4595,.T.);
#4597=ORIENTED_EDGE('',*,*,#4596,.F.);
#4598=ORIENTED_EDGE('',*,*,#4257,.T.);
#4599=ORIENTED_EDGE('',*,*,#4241,.T.);
#4600=EDGE_LOOP('',(#4597,#4598,#4599));
#4601=FACE_BOUND('',#4600,.T.);
#4602=ADVANCED_FACE('2607',(#4601),#4591,.T.);
#4603=CARTESIAN_POINT('',(0.01606,-0.01288,0.015));
#4604=DIRECTION('',(0.003116231,0.707518668,0.706687784));
#4605=DIRECTION('',(0.592086813,0.568197275,-0.571476213));
#4606=AXIS2_PLACEMENT_3D('',#4603,#4604,#4605);
#4607=PLANE('',#4606);
#4608=ORIENTED_EDGE('',*,*,#4272,.T.);
#4609=CARTESIAN_POINT('',(0.0285,0.,0.00205));
#4610=DIRECTION('',(0.18529613,-0.694861675,0.694861567));
#4611=VECTOR('',#4610,0.001079352);
#4612=LINE('',#4609,#4611);
#4613=EDGE_CURVE('1586',#255,#3974,#4612,.T.);
#4614=ORIENTED_EDGE('',*,*,#4613,.F.);
#4615=CARTESIAN_POINT('',(0.01606,-0.01288,0.015));
#4616=DIRECTION('',(0.56293021,0.582840951,-0.586008536));
#4617=VECTOR('',#4616,0.022098654);
#4618=LINE('',#4615,#4617);
#4619=EDGE_CURVE('1608',#3997,#255,#4618,.T.);
#4620=ORIENTED_EDGE('',*,*,#4619,.F.);
#4621=EDGE_LOOP('',(#4608,#4614,#4620));
#4622=FACE_BOUND('',#4621,.T.);
#4623=ADVANCED_FACE('2598',(#4622),#4607,.T.);
#4624=CARTESIAN_POINT('',(0.015,-0.01316,0.015));
#4625=DIRECTION('',(-0.207623781,0.786006632,-0.582310862));
#4626=DIRECTION('',(0.590235872,0.575370641,0.566189226));
#4627=AXIS2_PLACEMENT_3D('',#4624,#4625,#4626);
#4628=PLANE('',#4627);
#4629=ORIENTED_EDGE('',*,*,#4312,.T.);
#4630=ORIENTED_EDGE('',*,*,#4288,.T.);
#4631=CARTESIAN_POINT('',(0.015,-0.01316,0.015));
#4632=DIRECTION('',(0.966838008,0.255390419,0.));
#4633=VECTOR('',#4632,0.001096358);
#4634=LINE('',#4631,#4633);
#4635=EDGE_CURVE('1551',#3674,#3997,#4634,.T.);
#4636=ORIENTED_EDGE('',*,*,#4635,.F.);
#4637=EDGE_LOOP('',(#4629,#4630,#4636));
#4638=FACE_BOUND('',#4637,.T.);
#4639=ADVANCED_FACE('2596',(#4638),#4628,.T.);
#4640=CARTESIAN_POINT('',(0.0285,0.,0.02795));
#4641=DIRECTION('',(-0.966235049,-0.25766224,0.));
#4642=DIRECTION('',(-0.,0.,-1.));
#4643=AXIS2_PLACEMENT_3D('',#4640,#4641,#4642);
#4644=PLANE('',#4643);
#4645=CARTESIAN_POINT('',(0.0285,0.,0.002049999));
#4646=DIRECTION('',(0.,0.,1.));
#4647=VECTOR('',#4646,0.025900001);
#4648=LINE('',#4645,#4647);
#4649=EDGE_CURVE('1484',#255,#199,#4648,.T.);
#4650=ORIENTED_EDGE('',*,*,#4649,.F.);
#4651=ORIENTED_EDGE('',*,*,#4613,.T.);
#4652=ORIENTED_EDGE('',*,*,#4022,.T.);
#4653=ORIENTED_EDGE('',*,*,#4294,.T.);
#4654=EDGE_LOOP('',(#4650,#4651,#4652,#4653));
#4655=FACE_BOUND('',#4654,.T.);
#4656=ADVANCED_FACE('1252',(#4655),#4644,.T.);
#4657=CARTESIAN_POINT('',(0.01684,-0.015,0.015));
#4658=DIRECTION('',(0.81783425,-0.406907323,0.406907323));
#4659=DIRECTION('',(0.575370662,0.566189216,-0.590235863));
#4660=AXIS2_PLACEMENT_3D('',#4657,#4658,#4659);
#4661=PLANE('',#4660);
#4662=CARTESIAN_POINT('',(0.029999999,-0.00205,0.0015));
#4663=DIRECTION('',(-0.575370662,-0.566189216,0.590235863));
#4664=VECTOR('',#4663,0.022872212);
#4665=LINE('',#4662,#4664);
#4666=EDGE_CURVE('1566',#79,#3161,#4665,.T.);
#4667=ORIENTED_EDGE('',*,*,#4666,.F.);
#4668=ORIENTED_EDGE('',*,*,#84,.F.);
#4669=ORIENTED_EDGE('',*,*,#4485,.T.);
#4670=EDGE_LOOP('',(#4667,#4668,#4669));
#4671=FACE_BOUND('',#4670,.T.);
#4672=ADVANCED_FACE('1254',(#4671),#4661,.T.);
#4673=CARTESIAN_POINT('',(0.0028,-0.02894,0.00099));
#4674=DIRECTION('',(0.,0.707106781,0.707106781));
#4675=DIRECTION('',(-0.,-0.707106781,0.707106781));
#4676=AXIS2_PLACEMENT_3D('',#4673,#4674,#4675);
#4677=PLANE('',#4676);
#4678=CARTESIAN_POINT('',(0.0028,-0.02894,0.00099));
#4679=VERTEX_POINT('414',#4678);
#4680=CARTESIAN_POINT('',(0.0028,-0.02894,0.00099));
#4681=DIRECTION('',(0.,-0.707106781,0.707106781));
#4682=VECTOR('',#4681,0.000438406);
#4683=LINE('',#4680,#4682);
#4684=EDGE_CURVE('1584',#4679,#3834,#4683,.T.);
#4685=ORIENTED_EDGE('',*,*,#4684,.T.);
#4686=ORIENTED_EDGE('',*,*,#4133,.T.);
#4687=ORIENTED_EDGE('',*,*,#4517,.T.);
#4688=CARTESIAN_POINT('',(0.01655273,-0.02894,0.00099));
#4689=VERTEX_POINT('442',#4688);
#4690=CARTESIAN_POINT('',(0.01655273,-0.02894,0.00099));
#4691=DIRECTION('',(1.,0.,-0.));
#4692=VECTOR('',#4691,0.010647271);
#4693=LINE('',#4690,#4692);
#4694=EDGE_CURVE('1340',#4689,#4506,#4693,.T.);
#4695=ORIENTED_EDGE('',*,*,#4694,.F.);
#4696=CARTESIAN_POINT('',(0.0028,-0.02894,0.00099));
#4697=DIRECTION('',(1.,0.,-0.));
#4698=VECTOR('',#4697,0.01375273);
#4699=LINE('',#4696,#4698);
#4700=EDGE_CURVE('1332',#4679,#4689,#4699,.T.);
#4701=ORIENTED_EDGE('',*,*,#4700,.F.);
#4702=EDGE_LOOP('',(#4685,#4686,#4687,#4695,#4701));
#4703=FACE_BOUND('',#4702,.T.);
#4704=ADVANCED_FACE('2609',(#4703),#4677,.T.);
#4705=CARTESIAN_POINT('',(0.003035939,-0.028470635,0.00099));
#4706=DIRECTION('',(0.815038763,-0.409701412,-0.409703024));
#4707=DIRECTION('',(0.579307644,0.563162971,0.589279325));
#4708=AXIS2_PLACEMENT_3D('',#4705,#4706,#4707);
#4709=PLANE('',#4708);
#4710=CARTESIAN_POINT('',(0.003035939,-0.028470635,0.00099));
#4711=VERTEX_POINT('416',#4710);
#4712=CARTESIAN_POINT('',(0.015,-0.01684,0.01316));
#4713=DIRECTION('',(-0.579307644,-0.563162971,-0.589279325));
#4714=VECTOR('',#4713,0.020652345);
#4715=LINE('',#4712,#4714);
#4716=EDGE_CURVE('1669',#3856,#4711,#4715,.T.);
#4717=ORIENTED_EDGE('',*,*,#4716,.F.);
#4718=ORIENTED_EDGE('',*,*,#4147,.T.);
#4719=ORIENTED_EDGE('',*,*,#4684,.F.);
#4720=CARTESIAN_POINT('',(0.003035939,-0.028470635,0.00099));
#4721=DIRECTION('',(-0.449126174,-0.893468343,0.));
#4722=VECTOR('',#4721,0.000525328);
#4723=LINE('',#4720,#4722);
#4724=EDGE_CURVE('1314',#4711,#4679,#4723,.T.);
#4725=ORIENTED_EDGE('',*,*,#4724,.F.);
#4726=EDGE_LOOP('',(#4717,#4718,#4719,#4725));
#4727=FACE_BOUND('',#4726,.T.);
#4728=ADVANCED_FACE('3262',(#4727),#4709,.T.);
#4729=CARTESIAN_POINT('',(0.0015,0.,0.00205));
#4730=DIRECTION('',(0.207623973,0.78600667,0.582310742));
#4731=DIRECTION('',(0.562930218,-0.582840947,0.586008533));
#4732=AXIS2_PLACEMENT_3D('',#4729,#4730,#4731);
#4733=PLANE('',#4732);
#4734=ORIENTED_EDGE('',*,*,#4596,.T.);
#4735=ORIENTED_EDGE('',*,*,#4581,.T.);
#4736=CARTESIAN_POINT('',(0.0015,0.,0.00205));
#4737=DIRECTION('',(0.590235863,-0.575370662,0.566189216));
#4738=VECTOR('',#4737,0.022872212);
#4739=LINE('',#4736,#4738);
#4740=EDGE_CURVE('1545',#279,#3674,#4739,.T.);
#4741=ORIENTED_EDGE('',*,*,#4740,.F.);
#4742=EDGE_LOOP('',(#4734,#4735,#4741));
#4743=FACE_BOUND('',#4742,.T.);
#4744=ADVANCED_FACE('1226',(#4743),#4733,.T.);
#4745=CARTESIAN_POINT('',(0.015,-0.01316,0.015));
#4746=DIRECTION('',(-0.207623777,0.786006618,0.582310883));
#4747=DIRECTION('',(0.966838008,0.255390419,0.));
#4748=AXIS2_PLACEMENT_3D('',#4745,#4746,#4747);
#4749=PLANE('',#4748);
#4750=ORIENTED_EDGE('',*,*,#4635,.T.);
#4751=ORIENTED_EDGE('',*,*,#4619,.T.);
#4752=CARTESIAN_POINT('',(0.015,-0.01316,0.015));
#4753=DIRECTION('',(0.590235883,0.575370651,-0.566189206));
#4754=VECTOR('',#4753,0.022872212);
#4755=LINE('',#4752,#4754);
#4756=EDGE_CURVE('1526',#3674,#255,#4755,.T.);
#4757=ORIENTED_EDGE('',*,*,#4756,.F.);
#4758=EDGE_LOOP('',(#4750,#4751,#4757));
#4759=FACE_BOUND('',#4758,.T.);
#4760=ADVANCED_FACE('1228',(#4759),#4749,.T.);
#4761=CARTESIAN_POINT('',(0.01684,-0.015,0.015));
#4762=DIRECTION('',(0.817834251,0.406907753,0.406906892));
#4763=DIRECTION('',(0.575453854,-0.578296132,-0.578296158));
#4764=AXIS2_PLACEMENT_3D('',#4761,#4762,#4763);
#4765=PLANE('',#4764);
#4766=ORIENTED_EDGE('',*,*,#4469,.T.);
#4767=ORIENTED_EDGE('',*,*,#108,.T.);
#4768=ORIENTED_EDGE('',*,*,#100,.T.);
#4769=CARTESIAN_POINT('',(0.01684,-0.015,0.015));
#4770=DIRECTION('',(0.575370652,-0.566189237,-0.590235852));
#4771=VECTOR('',#4770,0.022872212);
#4772=LINE('',#4769,#4771);
#4773=EDGE_CURVE('1538',#3161,#87,#4772,.T.);
#4774=ORIENTED_EDGE('',*,*,#4773,.F.);
#4775=EDGE_LOOP('',(#4766,#4767,#4768,#4774));
#4776=FACE_BOUND('',#4775,.T.);
#4777=ADVANCED_FACE('1683',(#4776),#4765,.T.);
#4778=CARTESIAN_POINT('',(0.01684,-0.015,0.015));
#4779=DIRECTION('',(0.786006887,-0.582310183,0.207624721));
#4780=DIRECTION('',(0.255391422,-0.,-0.966837743));
#4781=AXIS2_PLACEMENT_3D('',#4778,#4779,#4780);
#4782=PLANE('',#4781);
#4783=CARTESIAN_POINT('',(0.01712,-0.015,0.01394));
#4784=VERTEX_POINT('360',#4783);
#4785=CARTESIAN_POINT('',(0.01712,-0.015,0.01394));
#4786=DIRECTION('',(-0.255391422,0.,0.966837743));
#4787=VECTOR('',#4786,0.001096357);
#4788=LINE('',#4785,#4787);
#4789=EDGE_CURVE('1532',#4784,#3161,#4788,.T.);
#4790=ORIENTED_EDGE('',*,*,#4789,.F.);
#4791=CARTESIAN_POINT('',(0.029999999,-0.00205,0.0015));
#4792=DIRECTION('',(-0.58284092,-0.586008547,0.562930231));
#4793=VECTOR('',#4792,0.022098653);
#4794=LINE('',#4791,#4793);
#4795=EDGE_CURVE('1521',#79,#4784,#4794,.T.);
#4796=ORIENTED_EDGE('',*,*,#4795,.F.);
#4797=ORIENTED_EDGE('',*,*,#4666,.T.);
#4798=EDGE_LOOP('',(#4790,#4796,#4797));
#4799=FACE_BOUND('',#4798,.T.);
#4800=ADVANCED_FACE('3329',(#4799),#4782,.T.);
#4801=CARTESIAN_POINT('',(0.015,-0.01684,0.01316));
#4802=DIRECTION('',(-0.78938226,-0.207415545,-0.577801384));
#4803=DIRECTION('',(0.,0.941194845,-0.337864269));
#4804=AXIS2_PLACEMENT_3D('',#4801,#4802,#4803);
#4805=PLANE('',#4804);
#4806=CARTESIAN_POINT('',(0.015,-0.01606,0.01288));
#4807=VERTEX_POINT('364',#4806);
#4808=CARTESIAN_POINT('',(0.015,-0.01684,0.01316));
#4809=DIRECTION('',(0.,0.941194845,-0.337864269));
#4810=VECTOR('',#4809,0.000828733);
#4811=LINE('',#4808,#4810);
#4812=EDGE_CURVE('2950',#3856,#4807,#4811,.T.);
#4813=ORIENTED_EDGE('',*,*,#4812,.T.);
#4814=CARTESIAN_POINT('',(0.026958615,-0.02844991,0.00099));
#4815=VERTEX_POINT('444',#4814);
#4816=CARTESIAN_POINT('',(0.026958615,-0.02844991,0.00099));
#4817=DIRECTION('',(-0.571476205,0.592086834,0.568197262));
#4818=VECTOR('',#4817,0.020925832);
#4819=LINE('',#4816,#4818);
#4820=EDGE_CURVE('1563',#4815,#4807,#4819,.T.);
#4821=ORIENTED_EDGE('',*,*,#4820,.F.);
#4822=CARTESIAN_POINT('',(0.026964061,-0.028470635,0.00099));
#4823=DIRECTION('',(-0.254155285,0.967163425,0.));
#4824=VECTOR('',#4823,0.000021429);
#4825=LINE('',#4822,#4824);
#4826=EDGE_CURVE('1326',#4498,#4815,#4825,.T.);
#4827=ORIENTED_EDGE('',*,*,#4826,.F.);
#4828=ORIENTED_EDGE('',*,*,#4503,.T.);
#4829=EDGE_LOOP('',(#4813,#4821,#4827,#4828));
#4830=FACE_BOUND('',#4829,.T.);
#4831=ADVANCED_FACE('1223',(#4830),#4805,.T.);
#4832=CARTESIAN_POINT('',(0.00304538,-0.02754382,0.00099));
#4833=DIRECTION('',(0.706687817,-0.0031163,-0.707518635));
#4834=DIRECTION('',(0.586008529,0.562930226,0.582840943));
#4835=AXIS2_PLACEMENT_3D('',#4832,#4833,#4834);
#4836=PLANE('',#4835);
#4837=CARTESIAN_POINT('',(0.00304538,-0.02754382,0.00099));
#4838=VERTEX_POINT('424',#4837);
#4839=CARTESIAN_POINT('',(0.015,-0.01606,0.01288));
#4840=DIRECTION('',(-0.586008529,-0.562930226,-0.582840943));
#4841=VECTOR('',#4840,0.020400077);
#4842=LINE('',#4839,#4841);
#4843=EDGE_CURVE('1516',#4807,#4838,#4842,.T.);
#4844=ORIENTED_EDGE('',*,*,#4843,.F.);
#4845=CARTESIAN_POINT('',(0.003041385,-0.02844991,0.00099));
#4846=VERTEX_POINT('406',#4845);
#4847=CARTESIAN_POINT('',(0.015,-0.01606,0.01288));
#4848=CARTESIAN_POINT('',(0.003041385,-0.02844991,0.00099));
#4849=B_SPLINE_CURVE_WITH_KNOTS('',1,(#4847,#4848),.UNSPECIFIED.,.F.,.F.,(2,2),(0.,1.),.UNSPECIFIED.);
#4850=EDGE_CURVE('2952',#4807,#4846,#4849,.T.);
#4851=ORIENTED_EDGE('',*,*,#4850,.T.);
#4852=CARTESIAN_POINT('',(0.00304538,-0.02754382,0.00099));
#4853=DIRECTION('',(-0.004409684,-0.999990277,0.));
#4854=VECTOR('',#4853,0.000906098);
#4855=LINE('',#4852,#4854);
#4856=EDGE_CURVE('650',#4838,#4846,#4855,.T.);
#4857=ORIENTED_EDGE('',*,*,#4856,.F.);
#4858=EDGE_LOOP('',(#4844,#4851,#4857));
#4859=FACE_BOUND('',#4858,.T.);
#4860=ADVANCED_FACE('1676',(#4859),#4836,.T.);
#4861=CARTESIAN_POINT('',(0.003041385,-0.02844991,0.00099));
#4862=DIRECTION('',(0.78938573,-0.207429244,-0.577791726));
#4863=DIRECTION('',(0.579459786,0.562563143,0.589702523));
#4864=AXIS2_PLACEMENT_3D('',#4861,#4862,#4863);
#4865=PLANE('',#4864);
#4866=ORIENTED_EDGE('',*,*,#4850,.F.);
#4867=ORIENTED_EDGE('',*,*,#4812,.F.);
#4868=ORIENTED_EDGE('',*,*,#4716,.T.);
#4869=CARTESIAN_POINT('',(0.003041385,-0.02844991,0.00099));
#4870=DIRECTION('',(-0.254145122,-0.967166096,0.));
#4871=VECTOR('',#4870,0.000021429);
#4872=LINE('',#4869,#4871);
#4873=EDGE_CURVE('647',#4846,#4711,#4872,.T.);
#4874=ORIENTED_EDGE('',*,*,#4873,.F.);
#4875=EDGE_LOOP('',(#4866,#4867,#4868,#4874));
#4876=FACE_BOUND('',#4875,.T.);
#4877=ADVANCED_FACE('640',(#4876),#4865,.T.);
#4878=CARTESIAN_POINT('',(0.01394,-0.015,0.01288));
#4879=DIRECTION('',(-0.207415351,-0.789382203,-0.577801532));
#4880=DIRECTION('',(-0.941194973,0.,0.337863911));
#4881=AXIS2_PLACEMENT_3D('',#4878,#4879,#4880);
#4882=PLANE('',#4881);
#4883=CARTESIAN_POINT('',(0.01394,-0.015,0.01288));
#4884=VERTEX_POINT('350',#4883);
#4885=CARTESIAN_POINT('',(0.01316,-0.015,0.01316));
#4886=DIRECTION('',(0.941194973,0.,-0.337863911));
#4887=VECTOR('',#4886,0.000828734);
#4888=LINE('',#4885,#4887);
#4889=EDGE_CURVE('1553',#3879,#4884,#4888,.T.);
#4890=ORIENTED_EDGE('',*,*,#4889,.F.);
#4891=ORIENTED_EDGE('',*,*,#4542,.T.);
#4892=CARTESIAN_POINT('',(0.001550091,-0.003041385,0.00099));
#4893=VERTEX_POINT('466',#4892);
#4894=CARTESIAN_POINT('',(0.001529363,-0.003035939,0.00099));
#4895=DIRECTION('',(0.967171008,-0.254126428,0.));
#4896=VECTOR('',#4895,0.000021431);
#4897=LINE('',#4894,#4896);
#4898=EDGE_CURVE('1302',#4531,#4893,#4897,.T.);
#4899=ORIENTED_EDGE('',*,*,#4898,.T.);
#4900=CARTESIAN_POINT('',(0.01394,-0.015,0.01288));
#4901=DIRECTION('',(-0.59208683,0.571476207,-0.568197264));
#4902=VECTOR('',#4901,0.020925832);
#4903=LINE('',#4900,#4902);
#4904=EDGE_CURVE('1506',#4884,#4893,#4903,.T.);
#4905=ORIENTED_EDGE('',*,*,#4904,.F.);
#4906=EDGE_LOOP('',(#4890,#4891,#4899,#4905));
#4907=FACE_BOUND('',#4906,.T.);
#4908=ADVANCED_FACE('638',(#4907),#4882,.T.);
#4909=CARTESIAN_POINT('',(0.01316,-0.015,0.01316));
#4910=DIRECTION('',(-0.207415351,0.789382203,-0.577801532));
#4911=DIRECTION('',(0.941194973,0.,-0.337863911));
#4912=AXIS2_PLACEMENT_3D('',#4909,#4910,#4911);
#4913=PLANE('',#4912);
#4914=ORIENTED_EDGE('',*,*,#4889,.T.);
#4915=CARTESIAN_POINT('',(0.001550091,-0.026958615,0.00099));
#4916=VERTEX_POINT('460',#4915);
#4917=CARTESIAN_POINT('',(0.001550091,-0.026958615,0.00099));
#4918=DIRECTION('',(0.59208683,0.571476207,0.568197264));
#4919=VECTOR('',#4918,0.020925832);
#4920=LINE('',#4917,#4919);
#4921=EDGE_CURVE('1530',#4916,#4884,#4920,.T.);
#4922=ORIENTED_EDGE('',*,*,#4921,.F.);
#4923=CARTESIAN_POINT('',(0.001550091,-0.026958615,0.00099));
#4924=DIRECTION('',(-0.967168337,-0.254136591,0.));
#4925=VECTOR('',#4924,0.000021431);
#4926=LINE('',#4923,#4925);
#4927=EDGE_CURVE('1306',#4916,#4555,#4926,.T.);
#4928=ORIENTED_EDGE('',*,*,#4927,.T.);
#4929=ORIENTED_EDGE('',*,*,#4560,.T.);
#4930=EDGE_LOOP('',(#4914,#4922,#4928,#4929));
#4931=FACE_BOUND('',#4930,.T.);
#4932=ADVANCED_FACE('1681',(#4931),#4913,.T.);
#4933=CARTESIAN_POINT('',(0.015,-0.01316,0.015));
#4934=DIRECTION('',(-0.406907316,0.817834257,0.406907316));
#4935=DIRECTION('',(0.590235883,0.575370651,-0.566189206));
#4936=AXIS2_PLACEMENT_3D('',#4933,#4934,#4935);
#4937=PLANE('',#4936);
#4938=ORIENTED_EDGE('',*,*,#4756,.T.);
#4939=ORIENTED_EDGE('',*,*,#260,.F.);
#4940=CARTESIAN_POINT('',(0.015,-0.01316,0.015));
#4941=DIRECTION('',(0.566189237,0.575370652,-0.590235852));
#4942=VECTOR('',#4941,0.022872212);
#4943=LINE('',#4940,#4942);
#4944=EDGE_CURVE('1534',#3674,#253,#4943,.T.);
#4945=ORIENTED_EDGE('',*,*,#4944,.F.);
#4946=EDGE_LOOP('',(#4938,#4939,#4945));
#4947=FACE_BOUND('',#4946,.T.);
#4948=ADVANCED_FACE('3336',(#4947),#4937,.T.);
#4949=CARTESIAN_POINT('',(0.029999999,-0.02795,0.0015));
#4950=DIRECTION('',(0.786006901,0.582310162,0.207624725));
#4951=DIRECTION('',(-0.582840909,0.586008568,0.562930221));
#4952=AXIS2_PLACEMENT_3D('',#4949,#4950,#4951);
#4953=PLANE('',#4952);
#4954=CARTESIAN_POINT('',(0.01712,-0.015,0.01394));
#4955=DIRECTION('',(0.582840909,-0.586008568,-0.562930221));
#4956=VECTOR('',#4955,0.022098654);
#4957=LINE('',#4954,#4956);
#4958=EDGE_CURVE('1492',#4784,#87,#4957,.T.);
#4959=ORIENTED_EDGE('',*,*,#4958,.F.);
#4960=ORIENTED_EDGE('',*,*,#4789,.T.);
#4961=ORIENTED_EDGE('',*,*,#4773,.T.);
#4962=EDGE_LOOP('',(#4959,#4960,#4961));
#4963=FACE_BOUND('',#4962,.T.);
#4964=ADVANCED_FACE('1232',(#4963),#4953,.T.);
#4965=CARTESIAN_POINT('',(0.01712,-0.015,0.01394));
#4966=DIRECTION('',(0.707518803,-0.706687649,-0.003116004));
#4967=DIRECTION('',(0.568197248,0.571476213,-0.59208684));
#4968=AXIS2_PLACEMENT_3D('',#4965,#4966,#4967);
#4969=PLANE('',#4968);
#4970=CARTESIAN_POINT('',(0.02925,-0.0028,0.0013));
#4971=VERTEX_POINT('358',#4970);
#4972=CARTESIAN_POINT('',(0.02925,-0.0028,0.0013));
#4973=DIRECTION('',(-0.568197248,-0.571476213,0.59208684));
#4974=VECTOR('',#4973,0.02134822);
#4975=LINE('',#4972,#4974);
#4976=EDGE_CURVE('1519',#4971,#4784,#4975,.T.);
#4977=ORIENTED_EDGE('',*,*,#4976,.F.);
#4978=CARTESIAN_POINT('',(0.029999999,-0.00205,0.0015));
#4979=DIRECTION('',(-0.694861466,-0.694861681,-0.185296484));
#4980=VECTOR('',#4979,0.001079351);
#4981=LINE('',#4978,#4980);
#4982=EDGE_CURVE('1482',#79,#4971,#4981,.T.);
#4983=ORIENTED_EDGE('',*,*,#4982,.F.);
#4984=ORIENTED_EDGE('',*,*,#4795,.T.);
#4985=EDGE_LOOP('',(#4977,#4983,#4984));
#4986=FACE_BOUND('',#4985,.T.);
#4987=ADVANCED_FACE('1679',(#4986),#4969,.T.);
#4988=CARTESIAN_POINT('',(0.015,-0.01606,0.01288));
#4989=DIRECTION('',(-0.706687722,-0.003116118,-0.70751873));
#4990=DIRECTION('',(0.586008536,-0.562930222,-0.582840939));
#4991=AXIS2_PLACEMENT_3D('',#4988,#4989,#4990);
#4992=PLANE('',#4991);
#4993=CARTESIAN_POINT('',(0.026954619,-0.02754382,0.00099));
#4994=VERTEX_POINT('412',#4993);
#4995=CARTESIAN_POINT('',(0.026954619,-0.02754382,0.00099));
#4996=DIRECTION('',(-0.586008536,0.562930222,0.582840939));
#4997=VECTOR('',#4996,0.020400077);
#4998=LINE('',#4995,#4997);
#4999=EDGE_CURVE('1423',#4994,#4807,#4998,.T.);
#5000=ORIENTED_EDGE('',*,*,#4999,.F.);
#5001=CARTESIAN_POINT('',(0.026958615,-0.02844991,0.00099));
#5002=DIRECTION('',(-0.004409427,0.999990278,0.));
#5003=VECTOR('',#5002,0.000906098);
#5004=LINE('',#5001,#5003);
#5005=EDGE_CURVE('1318',#4815,#4994,#5004,.T.);
#5006=ORIENTED_EDGE('',*,*,#5005,.F.);
#5007=ORIENTED_EDGE('',*,*,#4820,.T.);
#5008=EDGE_LOOP('',(#5000,#5006,#5007));
#5009=FACE_BOUND('',#5008,.T.);
#5010=ADVANCED_FACE('636',(#5009),#4992,.T.);
#5011=CARTESIAN_POINT('',(0.001550091,-0.026958615,0.00099));
#5012=DIRECTION('',(-0.003116118,0.706687722,-0.70751873));
#5013=DIRECTION('',(0.59208683,0.571476207,0.568197264));
#5014=AXIS2_PLACEMENT_3D('',#5011,#5012,#5013);
#5015=PLANE('',#5014);
#5016=ORIENTED_EDGE('',*,*,#4921,.T.);
#5017=CARTESIAN_POINT('',(0.00245618,-0.026954619,0.00099));
#5018=VERTEX_POINT('454',#5017);
#5019=CARTESIAN_POINT('',(0.00245618,-0.026954619,0.00099));
#5020=DIRECTION('',(0.562930215,0.58600854,0.582840943));
#5021=VECTOR('',#5020,0.020400077);
#5022=LINE('',#5019,#5021);
#5023=EDGE_CURVE('1412',#5018,#4884,#5022,.T.);
#5024=ORIENTED_EDGE('',*,*,#5023,.F.);
#5025=CARTESIAN_POINT('',(0.00245618,-0.026954619,0.00099));
#5026=DIRECTION('',(-0.999990278,-0.004409427,0.));
#5027=VECTOR('',#5026,0.000906098);
#5028=LINE('',#5025,#5027);
#5029=EDGE_CURVE('1308',#5018,#4916,#5028,.T.);
#5030=ORIENTED_EDGE('',*,*,#5029,.T.);
#5031=EDGE_LOOP('',(#5016,#5024,#5030));
#5032=FACE_BOUND('',#5031,.T.);
#5033=ADVANCED_FACE('1236',(#5032),#5015,.T.);
#5034=CARTESIAN_POINT('',(0.015,-0.01316,0.015));
#5035=DIRECTION('',(0.406907323,0.81783425,0.406907323));
#5036=DIRECTION('',(-0.566189216,0.575370662,-0.590235863));
#5037=AXIS2_PLACEMENT_3D('',#5034,#5035,#5036);
#5038=PLANE('',#5037);
#5039=CARTESIAN_POINT('',(0.00205,-0.,0.0015));
#5040=DIRECTION('',(0.566189216,-0.575370662,0.590235863));
#5041=VECTOR('',#5040,0.022872212);
#5042=LINE('',#5039,#5041);
#5043=EDGE_CURVE('1488',#295,#3674,#5042,.T.);
#5044=ORIENTED_EDGE('',*,*,#5043,.F.);
#5045=ORIENTED_EDGE('',*,*,#300,.T.);
#5046=ORIENTED_EDGE('',*,*,#292,.T.);
#5047=ORIENTED_EDGE('',*,*,#4740,.T.);
#5048=EDGE_LOOP('',(#5044,#5045,#5046,#5047));
#5049=FACE_BOUND('',#5048,.T.);
#5050=ADVANCED_FACE('1689',(#5049),#5038,.T.);
#5051=CARTESIAN_POINT('',(0.015,-0.01288,0.01394));
#5052=DIRECTION('',(-0.582310722,0.786006684,0.207623977));
#5053=DIRECTION('',(0.,-0.255390628,0.966837953));
#5054=AXIS2_PLACEMENT_3D('',#5051,#5052,#5053);
#5055=PLANE('',#5054);
#5056=CARTESIAN_POINT('',(0.015,-0.01288,0.01394));
#5057=VERTEX_POINT('366',#5056);
#5058=CARTESIAN_POINT('',(0.015,-0.01316,0.015));
#5059=DIRECTION('',(0.,0.255390628,-0.966837953));
#5060=VECTOR('',#5059,0.001096357);
#5061=LINE('',#5058,#5060);
#5062=EDGE_CURVE('1498',#3674,#5057,#5061,.T.);
#5063=ORIENTED_EDGE('',*,*,#5062,.F.);
#5064=ORIENTED_EDGE('',*,*,#4944,.T.);
#5065=CARTESIAN_POINT('',(0.015,-0.01288,0.01394));
#5066=DIRECTION('',(0.586008553,0.582840937,-0.562930207));
#5067=VECTOR('',#5066,0.022098654);
#5068=LINE('',#5065,#5067);
#5069=EDGE_CURVE('1508',#5057,#253,#5068,.T.);
#5070=ORIENTED_EDGE('',*,*,#5069,.F.);
#5071=EDGE_LOOP('',(#5063,#5064,#5070));
#5072=FACE_BOUND('',#5071,.T.);
#5073=ADVANCED_FACE('1685',(#5072),#5055,.T.);
#5074=CARTESIAN_POINT('',(0.01712,-0.015,0.01394));
#5075=DIRECTION('',(0.707518721,0.706687731,-0.003116213));
#5076=DIRECTION('',(0.582840909,-0.586008568,-0.562930221));
#5077=AXIS2_PLACEMENT_3D('',#5074,#5075,#5076);
#5078=PLANE('',#5077);
#5079=ORIENTED_EDGE('',*,*,#4958,.T.);
#5080=CARTESIAN_POINT('',(0.02925,-0.0272,0.0013));
#5081=VERTEX_POINT('352',#5080);
#5082=CARTESIAN_POINT('',(0.02925,-0.0272,0.0013));
#5083=DIRECTION('',(0.69486157,-0.69486157,0.185296512));
#5084=VECTOR('',#5083,0.001079351);
#5085=LINE('',#5082,#5084);
#5086=EDGE_CURVE('1426',#5081,#87,#5085,.T.);
#5087=ORIENTED_EDGE('',*,*,#5086,.F.);
#5088=CARTESIAN_POINT('',(0.01712,-0.015,0.01394));
#5089=DIRECTION('',(0.568197233,-0.571476242,-0.592086825));
#5090=VECTOR('',#5089,0.02134822);
#5091=LINE('',#5088,#5090);
#5092=EDGE_CURVE('1438',#4784,#5081,#5091,.T.);
#5093=ORIENTED_EDGE('',*,*,#5092,.F.);
#5094=EDGE_LOOP('',(#5079,#5087,#5093));
#5095=FACE_BOUND('',#5094,.T.);
#5096=ADVANCED_FACE('1691',(#5095),#5078,.T.);
#5097=CARTESIAN_POINT('',(0.01712,-0.015,0.01394));
#5098=DIRECTION('',(0.577801133,-0.789382351,-0.207415897));
#5099=DIRECTION('',(-0.337864907,0.,-0.941194616));
#5100=AXIS2_PLACEMENT_3D('',#5097,#5098,#5099);
#5101=PLANE('',#5100);
#5102=CARTESIAN_POINT('',(0.01684,-0.015,0.01316));
#5103=VERTEX_POINT('362',#5102);
#5104=CARTESIAN_POINT('',(0.01684,-0.015,0.01316));
#5105=DIRECTION('',(0.337864907,0.,0.941194616));
#5106=VECTOR('',#5105,0.000828734);
#5107=LINE('',#5104,#5106);
#5108=EDGE_CURVE('1432',#5103,#4784,#5107,.T.);
#5109=ORIENTED_EDGE('',*,*,#5108,.F.);
#5110=CARTESIAN_POINT('',(0.02925,-0.0028,0.0013));
#5111=DIRECTION('',(-0.589279327,-0.579307629,0.563162983));
#5112=VECTOR('',#5111,0.021059622);
#5113=LINE('',#5110,#5112);
#5114=EDGE_CURVE('1470',#4971,#5103,#5113,.T.);
#5115=ORIENTED_EDGE('',*,*,#5114,.F.);
#5116=ORIENTED_EDGE('',*,*,#4976,.T.);
#5117=EDGE_LOOP('',(#5109,#5115,#5116));
#5118=FACE_BOUND('',#5117,.T.);
#5119=ADVANCED_FACE('1693',(#5118),#5101,.T.);
#5120=CARTESIAN_POINT('',(0.003024202,-0.027484423,0.00099));
#5121=DIRECTION('',(0.582310881,0.207623778,-0.786006619));
#5122=DIRECTION('',(0.566189206,0.590235884,0.57537065));
#5123=AXIS2_PLACEMENT_3D('',#5120,#5121,#5122);
#5124=PLANE('',#5123);
#5125=CARTESIAN_POINT('',(0.015,-0.015,0.01316));
#5126=VERTEX_POINT('396',#5125);
#5127=CARTESIAN_POINT('',(0.003024202,-0.027484423,0.00099));
#5128=VERTEX_POINT('418',#5127);
#5129=CARTESIAN_POINT('',(0.015,-0.015,0.01316));
#5130=DIRECTION('',(-0.566189206,-0.590235884,-0.57537065));
#5131=VECTOR('',#5130,0.021151582);
#5132=LINE('',#5129,#5131);
#5133=EDGE_CURVE('1510',#5126,#5128,#5132,.T.);
#5134=ORIENTED_EDGE('',*,*,#5133,.F.);
#5135=CARTESIAN_POINT('',(0.015,-0.01606,0.01288));
#5136=DIRECTION('',(0.,0.966838008,0.255390419));
#5137=VECTOR('',#5136,0.001096358);
#5138=LINE('',#5135,#5137);
#5139=EDGE_CURVE('1414',#4807,#5126,#5138,.T.);
#5140=ORIENTED_EDGE('',*,*,#5139,.F.);
#5141=ORIENTED_EDGE('',*,*,#4843,.T.);
#5142=CARTESIAN_POINT('',(0.00304538,-0.02754382,0.00099));
#5143=DIRECTION('',(-0.335840496,0.941918872,0.));
#5144=VECTOR('',#5143,0.000063061);
#5145=LINE('',#5142,#5144);
#5146=EDGE_CURVE('1316',#4838,#5128,#5145,.T.);
#5147=ORIENTED_EDGE('',*,*,#5146,.T.);
#5148=EDGE_LOOP('',(#5134,#5140,#5141,#5147));
#5149=FACE_BOUND('',#5148,.T.);
#5150=ADVANCED_FACE('1238',(#5149),#5124,.T.);
#5151=CARTESIAN_POINT('',(0.01394,-0.015,0.01288));
#5152=DIRECTION('',(-0.003116191,-0.706687764,-0.707518688));
#5153=DIRECTION('',(-0.573877454,0.580681416,-0.57747187));
#5154=AXIS2_PLACEMENT_3D('',#5151,#5152,#5153);
#5155=PLANE('',#5154);
#5156=ORIENTED_EDGE('',*,*,#4904,.T.);
#5157=CARTESIAN_POINT('',(0.002124008,-0.003043916,0.00099));
#5158=VERTEX_POINT('450',#5157);
#5159=CARTESIAN_POINT('',(0.001550091,-0.003041385,0.00099));
#5160=DIRECTION('',(0.999990277,-0.004409773,0.));
#5161=VECTOR('',#5160,0.000573923);
#5162=LINE('',#5159,#5161);
#5163=EDGE_CURVE('1298',#4893,#5158,#5162,.T.);
#5164=ORIENTED_EDGE('',*,*,#5163,.T.);
#5165=CARTESIAN_POINT('',(0.00245618,-0.00304538,0.00099));
#5166=VERTEX_POINT('452',#5165);
#5167=CARTESIAN_POINT('',(0.002124008,-0.003043916,0.00099));
#5168=DIRECTION('',(0.999990278,-0.004409529,0.));
#5169=VECTOR('',#5168,0.000332175);
#5170=LINE('',#5167,#5169);
#5171=EDGE_CURVE('1310',#5158,#5166,#5170,.T.);
#5172=ORIENTED_EDGE('',*,*,#5171,.T.);
#5173=CARTESIAN_POINT('',(0.01394,-0.015,0.01288));
#5174=DIRECTION('',(-0.562930218,0.586008533,-0.582840947));
#5175=VECTOR('',#5174,0.020400077);
#5176=LINE('',#5173,#5175);
#5177=EDGE_CURVE('1468',#4884,#5166,#5176,.T.);
#5178=ORIENTED_EDGE('',*,*,#5177,.F.);
#5179=EDGE_LOOP('',(#5156,#5164,#5172,#5178));
#5180=FACE_BOUND('',#5179,.T.);
#5181=ADVANCED_FACE('1687',(#5180),#5155,.T.);
#5182=CARTESIAN_POINT('',(0.002515577,-0.026975797,0.00099));
#5183=DIRECTION('',(0.406907504,0.406907131,-0.817834256));
#5184=DIRECTION('',(0.590235859,0.566189224,0.575370657));
#5185=AXIS2_PLACEMENT_3D('',#5182,#5183,#5184);
#5186=PLANE('',#5185);
#5187=CARTESIAN_POINT('',(0.002515577,-0.026975797,0.00099));
#5188=VERTEX_POINT('408',#5187);
#5189=CARTESIAN_POINT('',(0.015,-0.015,0.01316));
#5190=DIRECTION('',(-0.590235859,-0.566189224,-0.575370657));
#5191=VECTOR('',#5190,0.021151582);
#5192=LINE('',#5189,#5191);
#5193=EDGE_CURVE('1408',#5126,#5188,#5192,.T.);
#5194=ORIENTED_EDGE('',*,*,#5193,.F.);
#5195=ORIENTED_EDGE('',*,*,#5133,.T.);
#5196=CARTESIAN_POINT('',(0.003024202,-0.027484423,0.00099));
#5197=DIRECTION('',(-0.707106457,0.707107105,0.));
#5198=VECTOR('',#5197,0.000719304);
#5199=LINE('',#5196,#5198);
#5200=EDGE_CURVE('1350',#5128,#5188,#5199,.T.);
#5201=ORIENTED_EDGE('',*,*,#5200,.T.);
#5202=EDGE_LOOP('',(#5194,#5195,#5201));
#5203=FACE_BOUND('',#5202,.T.);
#5204=ADVANCED_FACE('1230',(#5203),#5186,.T.);
#5205=CARTESIAN_POINT('',(0.00205,0.,0.0015));
#5206=DIRECTION('',(0.582310742,0.78600667,0.207623973));
#5207=DIRECTION('',(0.566189216,-0.575370662,0.590235863));
#5208=AXIS2_PLACEMENT_3D('',#5205,#5206,#5207);
#5209=PLANE('',#5208);
#5210=ORIENTED_EDGE('',*,*,#5043,.T.);
#5211=ORIENTED_EDGE('',*,*,#5062,.T.);
#5212=CARTESIAN_POINT('',(0.00205,0.,0.0015));
#5213=DIRECTION('',(0.586008533,-0.582840947,0.562930218));
#5214=VECTOR('',#5213,0.022098654);
#5215=LINE('',#5212,#5214);
#5216=EDGE_CURVE('1421',#295,#5057,#5215,.T.);
#5217=ORIENTED_EDGE('',*,*,#5216,.F.);
#5218=EDGE_LOOP('',(#5210,#5211,#5217));
#5219=FACE_BOUND('',#5218,.T.);
#5220=ADVANCED_FACE('632',(#5219),#5209,.T.);
#5221=CARTESIAN_POINT('',(0.015,-0.01288,0.01394));
#5222=DIRECTION('',(-0.706687865,0.707518586,-0.003116439));
#5223=DIRECTION('',(0.586008553,0.582840937,-0.562930207));
#5224=AXIS2_PLACEMENT_3D('',#5221,#5222,#5223);
#5225=PLANE('',#5224);
#5226=ORIENTED_EDGE('',*,*,#5069,.T.);
#5227=CARTESIAN_POINT('',(0.0272,-0.00075,0.0013));
#5228=VERTEX_POINT('346',#5227);
#5229=CARTESIAN_POINT('',(0.0272,-0.00075,0.0013));
#5230=DIRECTION('',(0.694861414,0.694861737,0.18529647));
#5231=VECTOR('',#5230,0.001079351);
#5232=LINE('',#5229,#5231);
#5233=EDGE_CURVE('1419',#5228,#253,#5232,.T.);
#5234=ORIENTED_EDGE('',*,*,#5233,.F.);
#5235=CARTESIAN_POINT('',(0.015,-0.01288,0.01394));
#5236=DIRECTION('',(0.571476233,0.568197252,-0.592086816));
#5237=VECTOR('',#5236,0.021348221);
#5238=LINE('',#5235,#5237);
#5239=EDGE_CURVE('1480',#5057,#5228,#5238,.T.);
#5240=ORIENTED_EDGE('',*,*,#5239,.F.);
#5241=EDGE_LOOP('',(#5226,#5234,#5240));
#5242=FACE_BOUND('',#5241,.T.);
#5243=ADVANCED_FACE('3639',(#5242),#5225,.T.);
#5244=CARTESIAN_POINT('',(0.02925,-0.0272,0.0013));
#5245=DIRECTION('',(-0.257662772,0.,0.966234907));
#5246=DIRECTION('',(0.69486157,-0.69486157,0.185296512));
#5247=AXIS2_PLACEMENT_3D('',#5244,#5245,#5246);
#5248=PLANE('',#5247);
#5249=ORIENTED_EDGE('',*,*,#5086,.T.);
#5250=ORIENTED_EDGE('',*,*,#92,.T.);
#5251=ORIENTED_EDGE('',*,*,#4982,.T.);
#5252=CARTESIAN_POINT('',(0.02925,-0.0272,0.0013));
#5253=DIRECTION('',(0.,1.,0.));
#5254=VECTOR('',#5253,0.0244);
#5255=LINE('',#5252,#5254);
#5256=EDGE_CURVE('1474',#5081,#4971,#5255,.T.);
#5257=ORIENTED_EDGE('',*,*,#5256,.F.);
#5258=EDGE_LOOP('',(#5249,#5250,#5251,#5257));
#5259=FACE_BOUND('',#5258,.T.);
#5260=ADVANCED_FACE('630',(#5259),#5248,.T.);
#5261=CARTESIAN_POINT('',(0.02925,-0.0272,0.0013));
#5262=DIRECTION('',(0.57780116,0.789382329,-0.207415907));
#5263=DIRECTION('',(-0.589279312,0.579307658,0.563162969));
#5264=AXIS2_PLACEMENT_3D('',#5261,#5262,#5263);
#5265=PLANE('',#5264);
#5266=CARTESIAN_POINT('',(0.01684,-0.015,0.01316));
#5267=DIRECTION('',(0.589279312,-0.579307658,-0.563162969));
#5268=VECTOR('',#5267,0.021059623);
#5269=LINE('',#5266,#5268);
#5270=EDGE_CURVE('1446',#5103,#5081,#5269,.T.);
#5271=ORIENTED_EDGE('',*,*,#5270,.F.);
#5272=ORIENTED_EDGE('',*,*,#5108,.T.);
#5273=ORIENTED_EDGE('',*,*,#5092,.T.);
#5274=EDGE_LOOP('',(#5271,#5272,#5273));
#5275=FACE_BOUND('',#5274,.T.);
#5276=ADVANCED_FACE('628',(#5275),#5265,.T.);
#5277=CARTESIAN_POINT('',(0.015,-0.01606,0.01288));
#5278=DIRECTION('',(-0.582310873,0.207623779,-0.786006624));
#5279=DIRECTION('',(-0.,0.966838008,0.255390419));
#5280=AXIS2_PLACEMENT_3D('',#5277,#5278,#5279);
#5281=PLANE('',#5280);
#5282=ORIENTED_EDGE('',*,*,#5139,.T.);
#5283=CARTESIAN_POINT('',(0.026975797,-0.027484423,0.00099));
#5284=VERTEX_POINT('440',#5283);
#5285=CARTESIAN_POINT('',(0.026975797,-0.027484423,0.00099));
#5286=DIRECTION('',(-0.566189213,0.59023588,0.575370646));
#5287=VECTOR('',#5286,0.021151582);
#5288=LINE('',#5285,#5287);
#5289=EDGE_CURVE('1478',#5284,#5126,#5288,.T.);
#5290=ORIENTED_EDGE('',*,*,#5289,.F.);
#5291=CARTESIAN_POINT('',(0.026954619,-0.02754382,0.00099));
#5292=DIRECTION('',(0.335840496,0.941918872,0.));
#5293=VECTOR('',#5292,0.000063061);
#5294=LINE('',#5291,#5293);
#5295=EDGE_CURVE('1330',#4994,#5284,#5294,.T.);
#5296=ORIENTED_EDGE('',*,*,#5295,.F.);
#5297=ORIENTED_EDGE('',*,*,#4999,.T.);
#5298=EDGE_LOOP('',(#5282,#5290,#5296,#5297));
#5299=FACE_BOUND('',#5298,.T.);
#5300=ADVANCED_FACE('624',(#5299),#5281,.T.);
#5301=CARTESIAN_POINT('',(0.01394,-0.015,0.01288));
#5302=DIRECTION('',(0.207623975,0.582310733,-0.786006676));
#5303=DIRECTION('',(0.966837953,-0.,0.255390628));
#5304=AXIS2_PLACEMENT_3D('',#5301,#5302,#5303);
#5305=PLANE('',#5304);
#5306=CARTESIAN_POINT('',(0.015,-0.015,0.01316));
#5307=DIRECTION('',(-0.966837953,0.,-0.255390628));
#5308=VECTOR('',#5307,0.001096357);
#5309=LINE('',#5306,#5308);
#5310=EDGE_CURVE('1434',#5126,#4884,#5309,.T.);
#5311=ORIENTED_EDGE('',*,*,#5310,.F.);
#5312=ORIENTED_EDGE('',*,*,#5193,.T.);
#5313=CARTESIAN_POINT('',(0.002515577,-0.026975797,0.00099));
#5314=DIRECTION('',(-0.941918039,0.335842832,0.));
#5315=VECTOR('',#5314,0.00006306);
#5316=LINE('',#5313,#5315);
#5317=EDGE_CURVE('1338',#5188,#5018,#5316,.T.);
#5318=ORIENTED_EDGE('',*,*,#5317,.T.);
#5319=ORIENTED_EDGE('',*,*,#5023,.T.);
#5320=EDGE_LOOP('',(#5311,#5312,#5318,#5319));
#5321=FACE_BOUND('',#5320,.T.);
#5322=ADVANCED_FACE('626',(#5321),#5305,.T.);
#5323=CARTESIAN_POINT('',(0.015,-0.01288,0.01394));
#5324=DIRECTION('',(0.706687783,0.707518668,-0.00311623));
#5325=DIRECTION('',(-0.571476204,0.568197266,-0.592086831));
#5326=AXIS2_PLACEMENT_3D('',#5323,#5324,#5325);
#5327=PLANE('',#5326);
#5328=CARTESIAN_POINT('',(0.0028,-0.00075,0.0013));
#5329=VERTEX_POINT('354',#5328);
#5330=CARTESIAN_POINT('',(0.0028,-0.00075,0.0013));
#5331=DIRECTION('',(0.571476204,-0.568197266,0.592086831));
#5332=VECTOR('',#5331,0.02134822);
#5333=LINE('',#5330,#5332);
#5334=EDGE_CURVE('1448',#5329,#5057,#5333,.T.);
#5335=ORIENTED_EDGE('',*,*,#5334,.F.);
#5336=CARTESIAN_POINT('',(0.00205,-0.,0.0015));
#5337=DIRECTION('',(0.694861525,-0.694861633,-0.185296443));
#5338=VECTOR('',#5337,0.001079352);
#5339=LINE('',#5336,#5338);
#5340=EDGE_CURVE('1450',#295,#5329,#5339,.T.);
#5341=ORIENTED_EDGE('',*,*,#5340,.F.);
#5342=ORIENTED_EDGE('',*,*,#5216,.T.);
#5343=EDGE_LOOP('',(#5335,#5341,#5342));
#5344=FACE_BOUND('',#5343,.T.);
#5345=ADVANCED_FACE('588',(#5344),#5327,.T.);
#5346=CARTESIAN_POINT('',(0.015,-0.01316,0.01316));
#5347=DIRECTION('',(-0.789382183,0.577801556,-0.20741536));
#5348=DIRECTION('',(0.,0.337863911,0.941194973));
#5349=AXIS2_PLACEMENT_3D('',#5346,#5347,#5348);
#5350=PLANE('',#5349);
#5351=CARTESIAN_POINT('',(0.015,-0.01316,0.01316));
#5352=VERTEX_POINT('382',#5351);
#5353=CARTESIAN_POINT('',(0.015,-0.01288,0.01394));
#5354=DIRECTION('',(0.,-0.337863911,-0.941194973));
#5355=VECTOR('',#5354,0.000828734);
#5356=LINE('',#5353,#5355);
#5357=EDGE_CURVE('1444',#5057,#5352,#5356,.T.);
#5358=ORIENTED_EDGE('',*,*,#5357,.F.);
#5359=ORIENTED_EDGE('',*,*,#5239,.T.);
#5360=CARTESIAN_POINT('',(0.015,-0.01316,0.01316));
#5361=DIRECTION('',(0.579307664,0.589279301,-0.563162974));
#5362=VECTOR('',#5361,0.021059622);
#5363=LINE('',#5360,#5362);
#5364=EDGE_CURVE('1464',#5352,#5228,#5363,.T.);
#5365=ORIENTED_EDGE('',*,*,#5364,.F.);
#5366=EDGE_LOOP('',(#5358,#5359,#5365));
#5367=FACE_BOUND('',#5366,.T.);
#5368=ADVANCED_FACE('610',(#5367),#5350,.T.);
#5369=CARTESIAN_POINT('',(0.00205,0.,0.0015));
#5370=DIRECTION('',(-0.,-0.25766266,0.966234937));
#5371=DIRECTION('',(0.694861525,-0.694861633,-0.185296443));
#5372=AXIS2_PLACEMENT_3D('',#5369,#5370,#5371);
#5373=PLANE('',#5372);
#5374=ORIENTED_EDGE('',*,*,#5340,.T.);
#5375=CARTESIAN_POINT('',(0.0272,-0.00075,0.0013));
#5376=DIRECTION('',(-1.,0.,0.));
#5377=VECTOR('',#5376,0.0244);
#5378=LINE('',#5375,#5377);
#5379=EDGE_CURVE('1440',#5228,#5329,#5378,.T.);
#5380=ORIENTED_EDGE('',*,*,#5379,.F.);
#5381=ORIENTED_EDGE('',*,*,#5233,.T.);
#5382=ORIENTED_EDGE('',*,*,#306,.T.);
#5383=EDGE_LOOP('',(#5374,#5380,#5381,#5382));
#5384=FACE_BOUND('',#5383,.T.);
#5385=ADVANCED_FACE('578',(#5384),#5373,.T.);
#5386=CARTESIAN_POINT('',(0.02894,-0.0028,0.00099));
#5387=DIRECTION('',(0.409701412,-0.815038763,-0.409703024));
#5388=DIRECTION('',(-0.574655622,-0.579404834,0.577980063));
#5389=AXIS2_PLACEMENT_3D('',#5386,#5387,#5388);
#5390=PLANE('',#5389);
#5391=CARTESIAN_POINT('',(0.02894,-0.0028,0.00099));
#5392=VERTEX_POINT('372',#5391);
#5393=CARTESIAN_POINT('',(0.02894,-0.0028,0.00099));
#5394=DIRECTION('',(0.707106781,0.,0.707106781));
#5395=VECTOR('',#5394,0.000438406);
#5396=LINE('',#5393,#5395);
#5397=EDGE_CURVE('1476',#5392,#4971,#5396,.T.);
#5398=ORIENTED_EDGE('',*,*,#5397,.T.);
#5399=ORIENTED_EDGE('',*,*,#5114,.T.);
#5400=CARTESIAN_POINT('',(0.028470635,-0.003035939,0.00099));
#5401=VERTEX_POINT('390',#5400);
#5402=CARTESIAN_POINT('',(0.028470635,-0.003035939,0.00099));
#5403=DIRECTION('',(-0.563162971,-0.579307644,0.589279325));
#5404=VECTOR('',#5403,0.020652345);
#5405=LINE('',#5402,#5404);
#5406=EDGE_CURVE('1402',#5401,#5103,#5405,.T.);
#5407=ORIENTED_EDGE('',*,*,#5406,.F.);
#5408=CARTESIAN_POINT('',(0.028470635,-0.003035939,0.00099));
#5409=DIRECTION('',(0.893468343,0.449126174,0.));
#5410=VECTOR('',#5409,0.000525328);
#5411=LINE('',#5408,#5410);
#5412=EDGE_CURVE('1394',#5401,#5392,#5411,.T.);
#5413=ORIENTED_EDGE('',*,*,#5412,.T.);
#5414=EDGE_LOOP('',(#5398,#5399,#5407,#5413));
#5415=FACE_BOUND('',#5414,.T.);
#5416=ADVANCED_FACE('572',(#5415),#5390,.T.);
#5417=CARTESIAN_POINT('',(0.015,-0.015,0.01316));
#5418=DIRECTION('',(0.207623974,-0.582310741,-0.786006671));
#5419=DIRECTION('',(-0.966837953,0.,-0.255390628));
#5420=AXIS2_PLACEMENT_3D('',#5417,#5418,#5419);
#5421=PLANE('',#5420);
#5422=ORIENTED_EDGE('',*,*,#5310,.T.);
#5423=ORIENTED_EDGE('',*,*,#5177,.T.);
#5424=CARTESIAN_POINT('',(0.002515577,-0.003024202,0.00099));
#5425=VERTEX_POINT('478',#5424);
#5426=CARTESIAN_POINT('',(0.00245618,-0.00304538,0.00099));
#5427=DIRECTION('',(0.941918039,0.335842832,0.));
#5428=VECTOR('',#5427,0.00006306);
#5429=LINE('',#5426,#5428);
#5430=EDGE_CURVE('1296',#5166,#5425,#5429,.T.);
#5431=ORIENTED_EDGE('',*,*,#5430,.T.);
#5432=CARTESIAN_POINT('',(0.015,-0.015,0.01316));
#5433=DIRECTION('',(-0.590235863,0.566189217,-0.575370661));
#5434=VECTOR('',#5433,0.021151582);
#5435=LINE('',#5432,#5434);
#5436=EDGE_CURVE('1430',#5126,#5425,#5435,.T.);
#5437=ORIENTED_EDGE('',*,*,#5436,.F.);
#5438=EDGE_LOOP('',(#5422,#5423,#5431,#5437));
#5439=FACE_BOUND('',#5438,.T.);
#5440=ADVANCED_FACE('608',(#5439),#5421,.T.);
#5441=CARTESIAN_POINT('',(0.0028,-0.00075,0.0013));
#5442=DIRECTION('',(0.789382205,0.577801529,-0.20741535));
#5443=DIRECTION('',(0.571476204,-0.568197266,0.592086831));
#5444=AXIS2_PLACEMENT_3D('',#5441,#5442,#5443);
#5445=PLANE('',#5444);
#5446=ORIENTED_EDGE('',*,*,#5334,.T.);
#5447=ORIENTED_EDGE('',*,*,#5357,.T.);
#5448=CARTESIAN_POINT('',(0.0028,-0.00075,0.0013));
#5449=DIRECTION('',(0.579307635,-0.589279317,0.563162988));
#5450=VECTOR('',#5449,0.021059622);
#5451=LINE('',#5448,#5450);
#5452=EDGE_CURVE('1442',#5329,#5352,#5451,.T.);
#5453=ORIENTED_EDGE('',*,*,#5452,.F.);
#5454=EDGE_LOOP('',(#5446,#5447,#5453));
#5455=FACE_BOUND('',#5454,.T.);
#5456=ADVANCED_FACE('598',(#5455),#5445,.T.);
#5457=CARTESIAN_POINT('',(0.02894,-0.0272,0.00099));
#5458=DIRECTION('',(-0.707106781,0.,0.707106781));
#5459=DIRECTION('',(0.707106781,0.,0.707106781));
#5460=AXIS2_PLACEMENT_3D('',#5457,#5458,#5459);
#5461=PLANE('',#5460);
#5462=CARTESIAN_POINT('',(0.02894,-0.0272,0.00099));
#5463=VERTEX_POINT('410',#5462);
#5464=CARTESIAN_POINT('',(0.02894,-0.0272,0.00099));
#5465=DIRECTION('',(0.707106781,0.,0.707106781));
#5466=VECTOR('',#5465,0.000438406);
#5467=LINE('',#5464,#5466);
#5468=EDGE_CURVE('1466',#5463,#5081,#5467,.T.);
#5469=ORIENTED_EDGE('',*,*,#5468,.T.);
#5470=ORIENTED_EDGE('',*,*,#5256,.T.);
#5471=ORIENTED_EDGE('',*,*,#5397,.F.);
#5472=CARTESIAN_POINT('',(0.02894,-0.013447272,0.00099));
#5473=VERTEX_POINT('378',#5472);
#5474=CARTESIAN_POINT('',(0.02894,-0.013447272,0.00099));
#5475=DIRECTION('',(0.,1.,0.));
#5476=VECTOR('',#5475,0.010647272);
#5477=LINE('',#5474,#5476);
#5478=EDGE_CURVE('1354',#5473,#5392,#5477,.T.);
#5479=ORIENTED_EDGE('',*,*,#5478,.F.);
#5480=CARTESIAN_POINT('',(0.02894,-0.0272,0.00099));
#5481=DIRECTION('',(0.,1.,0.));
#5482=VECTOR('',#5481,0.013752729);
#5483=LINE('',#5480,#5482);
#5484=EDGE_CURVE('1352',#5463,#5473,#5483,.T.);
#5485=ORIENTED_EDGE('',*,*,#5484,.F.);
#5486=EDGE_LOOP('',(#5469,#5470,#5471,#5479,#5485));
#5487=FACE_BOUND('',#5486,.T.);
#5488=ADVANCED_FACE('600',(#5487),#5461,.T.);
#5489=CARTESIAN_POINT('',(0.028470635,-0.026964061,0.00099));
#5490=DIRECTION('',(0.409702613,0.81503874,-0.409701869));
#5491=DIRECTION('',(-0.563162967,0.579307651,0.589279321));
#5492=AXIS2_PLACEMENT_3D('',#5489,#5490,#5491);
#5493=PLANE('',#5492);
#5494=CARTESIAN_POINT('',(0.028470635,-0.026964061,0.00099));
#5495=VERTEX_POINT('428',#5494);
#5496=CARTESIAN_POINT('',(0.01684,-0.015,0.01316));
#5497=DIRECTION('',(0.563162967,-0.579307651,-0.589279321));
#5498=VECTOR('',#5497,0.020652345);
#5499=LINE('',#5496,#5498);
#5500=EDGE_CURVE('1410',#5103,#5495,#5499,.T.);
#5501=ORIENTED_EDGE('',*,*,#5500,.F.);
#5502=ORIENTED_EDGE('',*,*,#5270,.T.);
#5503=ORIENTED_EDGE('',*,*,#5468,.F.);
#5504=CARTESIAN_POINT('',(0.028470635,-0.026964061,0.00099));
#5505=DIRECTION('',(0.893467809,-0.449127236,0.));
#5506=VECTOR('',#5505,0.000525329);
#5507=LINE('',#5504,#5506);
#5508=EDGE_CURVE('1344',#5495,#5463,#5507,.T.);
#5509=ORIENTED_EDGE('',*,*,#5508,.F.);
#5510=EDGE_LOOP('',(#5501,#5502,#5503,#5509));
#5511=FACE_BOUND('',#5510,.T.);
#5512=ADVANCED_FACE('570',(#5511),#5493,.T.);
#5513=CARTESIAN_POINT('',(0.02844991,-0.003041385,0.00099));
#5514=DIRECTION('',(0.0031163,-0.706687817,-0.707518635));
#5515=DIRECTION('',(-0.592086834,-0.571476205,0.568197262));
#5516=AXIS2_PLACEMENT_3D('',#5513,#5514,#5515);
#5517=PLANE('',#5516);
#5518=CARTESIAN_POINT('',(0.01606,-0.015,0.01288));
#5519=VERTEX_POINT('398',#5518);
#5520=CARTESIAN_POINT('',(0.02844991,-0.003041385,0.00099));
#5521=VERTEX_POINT('376',#5520);
#5522=CARTESIAN_POINT('',(0.01606,-0.015,0.01288));
#5523=DIRECTION('',(0.592086834,0.571476205,-0.568197262));
#5524=VECTOR('',#5523,0.020925832);
#5525=LINE('',#5522,#5524);
#5526=EDGE_CURVE('1406',#5519,#5521,#5525,.T.);
#5527=ORIENTED_EDGE('',*,*,#5526,.F.);
#5528=CARTESIAN_POINT('',(0.02754382,-0.00304538,0.00099));
#5529=VERTEX_POINT('394',#5528);
#5530=CARTESIAN_POINT('',(0.02754382,-0.00304538,0.00099));
#5531=DIRECTION('',(-0.562930226,-0.586008529,0.582840943));
#5532=VECTOR('',#5531,0.020400077);
#5533=LINE('',#5530,#5532);
#5534=EDGE_CURVE('1417',#5529,#5519,#5533,.T.);
#5535=ORIENTED_EDGE('',*,*,#5534,.F.);
#5536=CARTESIAN_POINT('',(0.02754382,-0.00304538,0.00099));
#5537=DIRECTION('',(0.999990277,0.004409684,0.));
#5538=VECTOR('',#5537,0.000906098);
#5539=LINE('',#5536,#5538);
#5540=EDGE_CURVE('1374',#5529,#5521,#5539,.T.);
#5541=ORIENTED_EDGE('',*,*,#5540,.T.);
#5542=EDGE_LOOP('',(#5527,#5535,#5541));
#5543=FACE_BOUND('',#5542,.T.);
#5544=ADVANCED_FACE('574',(#5543),#5517,.T.);
#5545=CARTESIAN_POINT('',(0.015,-0.015,0.01316));
#5546=DIRECTION('',(-0.406907131,-0.406907504,-0.817834256));
#5547=DIRECTION('',(0.566189224,0.590235859,-0.575370657));
#5548=AXIS2_PLACEMENT_3D('',#5545,#5546,#5547);
#5549=PLANE('',#5548);
#5550=CARTESIAN_POINT('',(0.026975797,-0.002515577,0.00099));
#5551=VERTEX_POINT('374',#5550);
#5552=CARTESIAN_POINT('',(0.026975797,-0.002515577,0.00099));
#5553=DIRECTION('',(-0.566189224,-0.590235859,0.575370657));
#5554=VECTOR('',#5553,0.021151582);
#5555=LINE('',#5552,#5554);
#5556=EDGE_CURVE('1462',#5551,#5126,#5555,.T.);
#5557=ORIENTED_EDGE('',*,*,#5556,.F.);
#5558=CARTESIAN_POINT('',(0.027484423,-0.003024202,0.00099));
#5559=VERTEX_POINT('388',#5558);
#5560=CARTESIAN_POINT('',(0.027484423,-0.003024202,0.00099));
#5561=DIRECTION('',(-0.707107105,0.707106457,0.));
#5562=VECTOR('',#5561,0.000719304);
#5563=LINE('',#5560,#5562);
#5564=EDGE_CURVE('1378',#5559,#5551,#5563,.T.);
#5565=ORIENTED_EDGE('',*,*,#5564,.F.);
#5566=CARTESIAN_POINT('',(0.015,-0.015,0.01316));
#5567=DIRECTION('',(0.590235884,0.566189206,-0.57537065));
#5568=VECTOR('',#5567,0.021151582);
#5569=LINE('',#5566,#5568);
#5570=EDGE_CURVE('1472',#5126,#5559,#5569,.T.);
#5571=ORIENTED_EDGE('',*,*,#5570,.F.);
#5572=EDGE_LOOP('',(#5557,#5565,#5571));
#5573=FACE_BOUND('',#5572,.T.);
#5574=ADVANCED_FACE('586',(#5573),#5549,.T.);
#5575=CARTESIAN_POINT('',(0.015,-0.01316,0.01316));
#5576=DIRECTION('',(-0.815038734,0.409703424,-0.409701069));
#5577=DIRECTION('',(0.579404869,0.574655597,-0.577980054));
#5578=AXIS2_PLACEMENT_3D('',#5575,#5576,#5577);
#5579=PLANE('',#5578);
#5580=ORIENTED_EDGE('',*,*,#5364,.T.);
#5581=CARTESIAN_POINT('',(0.0272,-0.00106,0.00099));
#5582=VERTEX_POINT('380',#5581);
#5583=CARTESIAN_POINT('',(0.0272,-0.00075,0.0013));
#5584=DIRECTION('',(0.,-0.707106781,-0.707106781));
#5585=VECTOR('',#5584,0.000438406);
#5586=LINE('',#5583,#5585);
#5587=EDGE_CURVE('1428',#5228,#5582,#5586,.T.);
#5588=ORIENTED_EDGE('',*,*,#5587,.T.);
#5589=CARTESIAN_POINT('',(0.026964061,-0.001529363,0.00099));
#5590=VERTEX_POINT('384',#5589);
#5591=CARTESIAN_POINT('',(0.0272,-0.00106,0.00099));
#5592=DIRECTION('',(-0.449127947,-0.893467452,0.));
#5593=VECTOR('',#5592,0.000525328);
#5594=LINE('',#5591,#5593);
#5595=EDGE_CURVE('1392',#5582,#5590,#5594,.T.);
#5596=ORIENTED_EDGE('',*,*,#5595,.T.);
#5597=CARTESIAN_POINT('',(0.015,-0.01316,0.01316));
#5598=DIRECTION('',(0.579307642,0.563162986,-0.589279311));
#5599=VECTOR('',#5598,0.020652345);
#5600=LINE('',#5597,#5599);
#5601=EDGE_CURVE('1404',#5352,#5590,#5600,.T.);
#5602=ORIENTED_EDGE('',*,*,#5601,.F.);
#5603=EDGE_LOOP('',(#5580,#5588,#5596,#5602));
#5604=FACE_BOUND('',#5603,.T.);
#5605=ADVANCED_FACE('596',(#5604),#5579,.T.);
#5606=CARTESIAN_POINT('',(0.0028,-0.00075,0.0013));
#5607=DIRECTION('',(0.,-0.707106781,0.707106781));
#5608=DIRECTION('',(-0.,-0.707106781,-0.707106781));
#5609=AXIS2_PLACEMENT_3D('',#5606,#5607,#5608);
#5610=PLANE('',#5609);
#5611=CARTESIAN_POINT('',(0.0028,-0.00106,0.00099));
#5612=VERTEX_POINT('370',#5611);
#5613=CARTESIAN_POINT('',(0.0028,-0.00075,0.0013));
#5614=DIRECTION('',(0.,-0.707106781,-0.707106781));
#5615=VECTOR('',#5614,0.000438406);
#5616=LINE('',#5613,#5615);
#5617=EDGE_CURVE('1436',#5329,#5612,#5616,.T.);
#5618=ORIENTED_EDGE('',*,*,#5617,.T.);
#5619=CARTESIAN_POINT('',(0.01655273,-0.00106,0.00099));
#5620=VERTEX_POINT('402',#5619);
#5621=CARTESIAN_POINT('',(0.01655273,-0.00106,0.00099));
#5622=DIRECTION('',(-1.,0.,0.));
#5623=VECTOR('',#5622,0.01375273);
#5624=LINE('',#5621,#5623);
#5625=EDGE_CURVE('1362',#5620,#5612,#5624,.T.);
#5626=ORIENTED_EDGE('',*,*,#5625,.F.);
#5627=CARTESIAN_POINT('',(0.0272,-0.00106,0.00099));
#5628=DIRECTION('',(-1.,0.,0.));
#5629=VECTOR('',#5628,0.010647271);
#5630=LINE('',#5627,#5629);
#5631=EDGE_CURVE('1356',#5582,#5620,#5630,.T.);
#5632=ORIENTED_EDGE('',*,*,#5631,.F.);
#5633=ORIENTED_EDGE('',*,*,#5587,.F.);
#5634=ORIENTED_EDGE('',*,*,#5379,.T.);
#5635=EDGE_LOOP('',(#5618,#5626,#5632,#5633,#5634));
#5636=FACE_BOUND('',#5635,.T.);
#5637=ADVANCED_FACE('594',(#5636),#5610,.T.);
#5638=CARTESIAN_POINT('',(0.01684,-0.015,0.01316));
#5639=DIRECTION('',(0.207415545,-0.78938226,-0.577801384));
#5640=DIRECTION('',(-0.941194845,0.,-0.337864269));
#5641=AXIS2_PLACEMENT_3D('',#5638,#5639,#5640);
#5642=PLANE('',#5641);
#5643=CARTESIAN_POINT('',(0.01606,-0.015,0.01288));
#5644=DIRECTION('',(0.941194845,0.,0.337864269));
#5645=VECTOR('',#5644,0.000828733);
#5646=LINE('',#5643,#5645);
#5647=EDGE_CURVE('1456',#5519,#5103,#5646,.T.);
#5648=ORIENTED_EDGE('',*,*,#5647,.F.);
#5649=ORIENTED_EDGE('',*,*,#5526,.T.);
#5650=CARTESIAN_POINT('',(0.02844991,-0.003041385,0.00099));
#5651=DIRECTION('',(0.967166096,0.254145122,0.));
#5652=VECTOR('',#5651,0.000021429);
#5653=LINE('',#5650,#5652);
#5654=EDGE_CURVE('1360',#5521,#5401,#5653,.T.);
#5655=ORIENTED_EDGE('',*,*,#5654,.T.);
#5656=ORIENTED_EDGE('',*,*,#5406,.T.);
#5657=EDGE_LOOP('',(#5648,#5649,#5655,#5656));
#5658=FACE_BOUND('',#5657,.T.);
#5659=ADVANCED_FACE('622',(#5658),#5642,.T.);
#5660=CARTESIAN_POINT('',(0.015,-0.015,0.01316));
#5661=DIRECTION('',(-0.207623778,-0.582310881,-0.786006619));
#5662=DIRECTION('',(0.590235884,0.566189206,-0.57537065));
#5663=AXIS2_PLACEMENT_3D('',#5660,#5661,#5662);
#5664=PLANE('',#5663);
#5665=ORIENTED_EDGE('',*,*,#5570,.T.);
#5666=CARTESIAN_POINT('',(0.02754382,-0.00304538,0.00099));
#5667=DIRECTION('',(-0.941918872,0.335840496,0.));
#5668=VECTOR('',#5667,0.000063061);
#5669=LINE('',#5666,#5668);
#5670=EDGE_CURVE('1372',#5529,#5559,#5669,.T.);
#5671=ORIENTED_EDGE('',*,*,#5670,.F.);
#5672=ORIENTED_EDGE('',*,*,#5534,.T.);
#5673=CARTESIAN_POINT('',(0.015,-0.015,0.01316));
#5674=DIRECTION('',(0.966838008,0.,-0.255390419));
#5675=VECTOR('',#5674,0.001096358);
#5676=LINE('',#5673,#5675);
#5677=EDGE_CURVE('1460',#5126,#5519,#5676,.T.);
#5678=ORIENTED_EDGE('',*,*,#5677,.F.);
#5679=EDGE_LOOP('',(#5665,#5671,#5672,#5678));
#5680=FACE_BOUND('',#5679,.T.);
#5681=ADVANCED_FACE('618',(#5680),#5664,.T.);
#5682=CARTESIAN_POINT('',(0.015,-0.015,0.01316));
#5683=DIRECTION('',(-0.582310733,-0.207623975,-0.786006676));
#5684=DIRECTION('',(-0.,0.966837953,-0.255390628));
#5685=AXIS2_PLACEMENT_3D('',#5682,#5683,#5684);
#5686=PLANE('',#5685);
#5687=CARTESIAN_POINT('',(0.015,-0.01394,0.01288));
#5688=VERTEX_POINT('404',#5687);
#5689=CARTESIAN_POINT('',(0.015,-0.01394,0.01288));
#5690=DIRECTION('',(0.,-0.966837953,0.255390628));
#5691=VECTOR('',#5690,0.001096357);
#5692=LINE('',#5689,#5691);
#5693=EDGE_CURVE('1370',#5688,#5126,#5692,.T.);
#5694=ORIENTED_EDGE('',*,*,#5693,.F.);
#5695=CARTESIAN_POINT('',(0.026954619,-0.00245618,0.00099));
#5696=VERTEX_POINT('368',#5695);
#5697=CARTESIAN_POINT('',(0.026954619,-0.00245618,0.00099));
#5698=DIRECTION('',(-0.58600854,-0.562930215,0.582840943));
#5699=VECTOR('',#5698,0.020400077);
#5700=LINE('',#5697,#5699);
#5701=EDGE_CURVE('1458',#5696,#5688,#5700,.T.);
#5702=ORIENTED_EDGE('',*,*,#5701,.F.);
#5703=CARTESIAN_POINT('',(0.026954619,-0.00245618,0.00099));
#5704=DIRECTION('',(0.335842832,-0.941918039,0.));
#5705=VECTOR('',#5704,0.00006306);
#5706=LINE('',#5703,#5705);
#5707=EDGE_CURVE('1384',#5696,#5551,#5706,.T.);
#5708=ORIENTED_EDGE('',*,*,#5707,.T.);
#5709=ORIENTED_EDGE('',*,*,#5556,.T.);
#5710=EDGE_LOOP('',(#5694,#5702,#5708,#5709));
#5711=FACE_BOUND('',#5710,.T.);
#5712=ADVANCED_FACE('582',(#5711),#5686,.T.);
#5713=CARTESIAN_POINT('',(0.015,-0.015,0.01316));
#5714=DIRECTION('',(0.406907323,-0.406907323,-0.817834251));
#5715=DIRECTION('',(-0.578296144,0.578296144,-0.575453855));
#5716=AXIS2_PLACEMENT_3D('',#5713,#5714,#5715);
#5717=PLANE('',#5716);
#5718=ORIENTED_EDGE('',*,*,#5436,.T.);
#5719=CARTESIAN_POINT('',(0.00276989,-0.00276989,0.00099));
#5720=VERTEX_POINT('456',#5719);
#5721=CARTESIAN_POINT('',(0.002515577,-0.003024202,0.00099));
#5722=DIRECTION('',(0.707106781,0.707106781,0.));
#5723=VECTOR('',#5722,0.000359652);
#5724=LINE('',#5721,#5723);
#5725=EDGE_CURVE('1292',#5425,#5720,#5724,.T.);
#5726=ORIENTED_EDGE('',*,*,#5725,.T.);
#5727=CARTESIAN_POINT('',(0.003024202,-0.002515577,0.00099));
#5728=VERTEX_POINT('474',#5727);
#5729=CARTESIAN_POINT('',(0.003024202,-0.002515577,0.00099));
#5730=DIRECTION('',(-0.707106781,-0.707106781,0.));
#5731=VECTOR('',#5730,0.000359652);
#5732=LINE('',#5729,#5731);
#5733=EDGE_CURVE('1312',#5728,#5720,#5732,.T.);
#5734=ORIENTED_EDGE('',*,*,#5733,.F.);
#5735=CARTESIAN_POINT('',(0.015,-0.015,0.01316));
#5736=DIRECTION('',(-0.566189217,0.590235863,-0.575370661));
#5737=VECTOR('',#5736,0.021151582);
#5738=LINE('',#5735,#5737);
#5739=EDGE_CURVE('1388',#5126,#5728,#5738,.T.);
#5740=ORIENTED_EDGE('',*,*,#5739,.F.);
#5741=EDGE_LOOP('',(#5718,#5726,#5734,#5740));
#5742=FACE_BOUND('',#5741,.T.);
#5743=ADVANCED_FACE('616',(#5742),#5717,.T.);
#5744=CARTESIAN_POINT('',(0.0028,-0.00106,0.00099));
#5745=DIRECTION('',(0.815038758,0.409702222,-0.409702225));
#5746=DIRECTION('',(0.57940484,-0.574655611,0.577980069));
#5747=AXIS2_PLACEMENT_3D('',#5744,#5745,#5746);
#5748=PLANE('',#5747);
#5749=ORIENTED_EDGE('',*,*,#5617,.F.);
#5750=ORIENTED_EDGE('',*,*,#5452,.T.);
#5751=CARTESIAN_POINT('',(0.003035939,-0.001529363,0.00099));
#5752=VERTEX_POINT('392',#5751);
#5753=CARTESIAN_POINT('',(0.003035939,-0.001529363,0.00099));
#5754=DIRECTION('',(0.579307635,-0.56316299,0.589279315));
#5755=VECTOR('',#5754,0.020652345);
#5756=LINE('',#5753,#5755);
#5757=EDGE_CURVE('1396',#5752,#5352,#5756,.T.);
#5758=ORIENTED_EDGE('',*,*,#5757,.F.);
#5759=CARTESIAN_POINT('',(0.0028,-0.00106,0.00099));
#5760=DIRECTION('',(0.449126886,-0.893467985,0.));
#5761=VECTOR('',#5760,0.000525327);
#5762=LINE('',#5759,#5761);
#5763=EDGE_CURVE('1358',#5612,#5752,#5762,.T.);
#5764=ORIENTED_EDGE('',*,*,#5763,.F.);
#5765=EDGE_LOOP('',(#5749,#5750,#5758,#5764));
#5766=FACE_BOUND('',#5765,.T.);
#5767=ADVANCED_FACE('606',(#5766),#5748,.T.);
#5768=CARTESIAN_POINT('',(0.015,-0.01394,0.01288));
#5769=DIRECTION('',(-0.706687722,0.003116118,-0.70751873));
#5770=DIRECTION('',(0.571476207,0.59208683,-0.568197264));
#5771=AXIS2_PLACEMENT_3D('',#5768,#5769,#5770);
#5772=PLANE('',#5771);
#5773=CARTESIAN_POINT('',(0.026958615,-0.001550091,0.00099));
#5774=VERTEX_POINT('400',#5773);
#5775=CARTESIAN_POINT('',(0.026958615,-0.001550091,0.00099));
#5776=DIRECTION('',(-0.571476207,-0.59208683,0.568197264));
#5777=VECTOR('',#5776,0.020925832);
#5778=LINE('',#5775,#5777);
#5779=EDGE_CURVE('1452',#5774,#5688,#5778,.T.);
#5780=ORIENTED_EDGE('',*,*,#5779,.F.);
#5781=CARTESIAN_POINT('',(0.026958615,-0.001550091,0.00099));
#5782=DIRECTION('',(-0.004409427,-0.999990278,0.));
#5783=VECTOR('',#5782,0.000906098);
#5784=LINE('',#5781,#5783);
#5785=EDGE_CURVE('1380',#5774,#5696,#5784,.T.);
#5786=ORIENTED_EDGE('',*,*,#5785,.T.);
#5787=ORIENTED_EDGE('',*,*,#5701,.T.);
#5788=EDGE_LOOP('',(#5780,#5786,#5787));
#5789=FACE_BOUND('',#5788,.T.);
#5790=ADVANCED_FACE('576',(#5789),#5772,.T.);
#5791=CARTESIAN_POINT('',(0.02844991,-0.026958615,0.00099));
#5792=DIRECTION('',(0.207415545,0.78938226,-0.577801384));
#5793=DIRECTION('',(-0.592086834,0.571476205,0.568197262));
#5794=AXIS2_PLACEMENT_3D('',#5791,#5792,#5793);
#5795=PLANE('',#5794);
#5796=CARTESIAN_POINT('',(0.02844991,-0.026958615,0.00099));
#5797=VERTEX_POINT('430',#5796);
#5798=CARTESIAN_POINT('',(0.01606,-0.015,0.01288));
#5799=DIRECTION('',(0.592086834,-0.571476205,-0.568197262));
#5800=VECTOR('',#5799,0.020925832);
#5801=LINE('',#5798,#5800);
#5802=EDGE_CURVE('1368',#5519,#5797,#5801,.T.);
#5803=ORIENTED_EDGE('',*,*,#5802,.F.);
#5804=ORIENTED_EDGE('',*,*,#5647,.T.);
#5805=ORIENTED_EDGE('',*,*,#5500,.T.);
#5806=CARTESIAN_POINT('',(0.02844991,-0.026958615,0.00099));
#5807=DIRECTION('',(0.967163425,-0.254155285,0.));
#5808=VECTOR('',#5807,0.000021429);
#5809=LINE('',#5806,#5808);
#5810=EDGE_CURVE('1348',#5797,#5495,#5809,.T.);
#5811=ORIENTED_EDGE('',*,*,#5810,.F.);
#5812=EDGE_LOOP('',(#5803,#5804,#5805,#5811));
#5813=FACE_BOUND('',#5812,.T.);
#5814=ADVANCED_FACE('614',(#5813),#5795,.T.);
#5815=CARTESIAN_POINT('',(0.015,-0.015,0.01316));
#5816=DIRECTION('',(-0.406907312,0.406907312,-0.817834261));
#5817=DIRECTION('',(0.59023588,-0.566189213,-0.575370646));
#5818=AXIS2_PLACEMENT_3D('',#5815,#5816,#5817);
#5819=PLANE('',#5818);
#5820=CARTESIAN_POINT('',(0.027484423,-0.026975797,0.00099));
#5821=VERTEX_POINT('426',#5820);
#5822=CARTESIAN_POINT('',(0.015,-0.015,0.01316));
#5823=DIRECTION('',(0.59023588,-0.566189213,-0.575370646));
#5824=VECTOR('',#5823,0.021151582);
#5825=LINE('',#5822,#5824);
#5826=EDGE_CURVE('1390',#5126,#5821,#5825,.T.);
#5827=ORIENTED_EDGE('',*,*,#5826,.T.);
#5828=CARTESIAN_POINT('',(0.027276579,-0.027183641,0.00099));
#5829=VERTEX_POINT('436',#5828);
#5830=CARTESIAN_POINT('',(0.027276579,-0.027183641,0.00099));
#5831=DIRECTION('',(0.707106781,0.707106781,0.));
#5832=VECTOR('',#5831,0.000293935);
#5833=LINE('',#5830,#5832);
#5834=EDGE_CURVE('1324',#5829,#5821,#5833,.T.);
#5835=ORIENTED_EDGE('',*,*,#5834,.F.);
#5836=CARTESIAN_POINT('',(0.02723011,-0.02723011,0.00099));
#5837=VERTEX_POINT('432',#5836);
#5838=CARTESIAN_POINT('',(0.027276579,-0.027183641,0.00099));
#5839=DIRECTION('',(-0.707106781,-0.707106781,0.));
#5840=VECTOR('',#5839,0.000065717);
#5841=LINE('',#5838,#5840);
#5842=EDGE_CURVE('1322',#5829,#5837,#5841,.T.);
#5843=ORIENTED_EDGE('',*,*,#5842,.T.);
#5844=CARTESIAN_POINT('',(0.027183641,-0.027276579,0.00099));
#5845=VERTEX_POINT('420',#5844);
#5846=CARTESIAN_POINT('',(0.02723011,-0.02723011,0.00099));
#5847=DIRECTION('',(-0.707106781,-0.707106781,0.));
#5848=VECTOR('',#5847,0.000065717);
#5849=LINE('',#5846,#5848);
#5850=EDGE_CURVE('1336',#5837,#5845,#5849,.T.);
#5851=ORIENTED_EDGE('',*,*,#5850,.T.);
#5852=CARTESIAN_POINT('',(0.027183641,-0.027276579,0.00099));
#5853=DIRECTION('',(-0.707106781,-0.707106781,0.));
#5854=VECTOR('',#5853,0.000293935);
#5855=LINE('',#5852,#5854);
#5856=EDGE_CURVE('1328',#5845,#5284,#5855,.T.);
#5857=ORIENTED_EDGE('',*,*,#5856,.T.);
#5858=ORIENTED_EDGE('',*,*,#5289,.T.);
#5859=EDGE_LOOP('',(#5827,#5835,#5843,#5851,#5857,#5858));
#5860=FACE_BOUND('',#5859,.T.);
#5861=ADVANCED_FACE('602',(#5860),#5819,.T.);
#5862=CARTESIAN_POINT('',(0.015,-0.01394,0.01288));
#5863=DIRECTION('',(-0.789382203,0.207415351,-0.577801532));
#5864=DIRECTION('',(0.,0.941194973,0.337863911));
#5865=AXIS2_PLACEMENT_3D('',#5862,#5863,#5864);
#5866=PLANE('',#5865);
#5867=CARTESIAN_POINT('',(0.015,-0.01316,0.01316));
#5868=DIRECTION('',(0.,-0.941194973,-0.337863911));
#5869=VECTOR('',#5868,0.000828734);
#5870=LINE('',#5867,#5869);
#5871=EDGE_CURVE('1376',#5352,#5688,#5870,.T.);
#5872=ORIENTED_EDGE('',*,*,#5871,.F.);
#5873=ORIENTED_EDGE('',*,*,#5601,.T.);
#5874=CARTESIAN_POINT('',(0.026964061,-0.001529363,0.00099));
#5875=DIRECTION('',(-0.254136591,-0.967168337,0.));
#5876=VECTOR('',#5875,0.000021431);
#5877=LINE('',#5874,#5876);
#5878=EDGE_CURVE('1366',#5590,#5774,#5877,.T.);
#5879=ORIENTED_EDGE('',*,*,#5878,.T.);
#5880=ORIENTED_EDGE('',*,*,#5779,.T.);
#5881=EDGE_LOOP('',(#5872,#5873,#5879,#5880));
#5882=FACE_BOUND('',#5881,.T.);
#5883=ADVANCED_FACE('604',(#5882),#5866,.T.);
#5884=CARTESIAN_POINT('',(0.01606,-0.015,0.01288));
#5885=DIRECTION('',(-0.207622774,0.582311577,-0.786006368));
#5886=DIRECTION('',(0.562930222,-0.586008536,-0.582840939));
#5887=AXIS2_PLACEMENT_3D('',#5884,#5885,#5886);
#5888=PLANE('',#5887);
#5889=CARTESIAN_POINT('',(0.02754382,-0.026954619,0.00099));
#5890=VERTEX_POINT('422',#5889);
#5891=CARTESIAN_POINT('',(0.02754382,-0.026954619,0.00099));
#5892=DIRECTION('',(-0.562930222,0.586008536,0.582840939));
#5893=VECTOR('',#5892,0.020400077);
#5894=LINE('',#5891,#5893);
#5895=EDGE_CURVE('1386',#5890,#5519,#5894,.T.);
#5896=ORIENTED_EDGE('',*,*,#5895,.F.);
#5897=CARTESIAN_POINT('',(0.027484423,-0.026975797,0.00099));
#5898=DIRECTION('',(0.941918872,0.335840496,0.));
#5899=VECTOR('',#5898,0.000063061);
#5900=LINE('',#5897,#5899);
#5901=EDGE_CURVE('1334',#5821,#5890,#5900,.T.);
#5902=ORIENTED_EDGE('',*,*,#5901,.F.);
#5903=ORIENTED_EDGE('',*,*,#5826,.F.);
#5904=ORIENTED_EDGE('',*,*,#5677,.T.);
#5905=EDGE_LOOP('',(#5896,#5902,#5903,#5904));
#5906=FACE_BOUND('',#5905,.T.);
#5907=ADVANCED_FACE('584',(#5906),#5888,.T.);
#5908=CARTESIAN_POINT('',(0.003024202,-0.002515577,0.00099));
#5909=DIRECTION('',(0.582310668,-0.207624077,-0.786006697));
#5910=DIRECTION('',(0.335842832,0.941918039,-0.));
#5911=AXIS2_PLACEMENT_3D('',#5908,#5909,#5910);
#5912=PLANE('',#5911);
#5913=CARTESIAN_POINT('',(0.00304538,-0.00245618,0.00099));
#5914=VERTEX_POINT('468',#5913);
#5915=CARTESIAN_POINT('',(0.003024202,-0.002515577,0.00099));
#5916=DIRECTION('',(0.335842832,0.941918039,0.));
#5917=VECTOR('',#5916,0.00006306);
#5918=LINE('',#5915,#5917);
#5919=EDGE_CURVE('1300',#5728,#5914,#5918,.T.);
#5920=ORIENTED_EDGE('',*,*,#5919,.T.);
#5921=CARTESIAN_POINT('',(0.015,-0.01394,0.01288));
#5922=DIRECTION('',(-0.586008533,0.562930218,-0.582840947));
#5923=VECTOR('',#5922,0.020400077);
#5924=LINE('',#5921,#5923);
#5925=EDGE_CURVE('1400',#5688,#5914,#5924,.T.);
#5926=ORIENTED_EDGE('',*,*,#5925,.F.);
#5927=ORIENTED_EDGE('',*,*,#5693,.T.);
#5928=ORIENTED_EDGE('',*,*,#5739,.T.);
#5929=EDGE_LOOP('',(#5920,#5926,#5927,#5928));
#5930=FACE_BOUND('',#5929,.T.);
#5931=ADVANCED_FACE('590',(#5930),#5912,.T.);
#5932=CARTESIAN_POINT('',(0.015,-0.01316,0.01316));
#5933=DIRECTION('',(0.789382203,0.207415351,-0.577801532));
#5934=DIRECTION('',(0.,-0.941194973,-0.337863911));
#5935=AXIS2_PLACEMENT_3D('',#5932,#5933,#5934);
#5936=PLANE('',#5935);
#5937=ORIENTED_EDGE('',*,*,#5871,.T.);
#5938=CARTESIAN_POINT('',(0.003041385,-0.001550091,0.00099));
#5939=VERTEX_POINT('386',#5938);
#5940=CARTESIAN_POINT('',(0.003041385,-0.001550091,0.00099));
#5941=DIRECTION('',(0.571476207,-0.59208683,0.568197264));
#5942=VECTOR('',#5941,0.020925832);
#5943=LINE('',#5940,#5942);
#5944=EDGE_CURVE('1398',#5939,#5688,#5943,.T.);
#5945=ORIENTED_EDGE('',*,*,#5944,.F.);
#5946=CARTESIAN_POINT('',(0.003035939,-0.001529363,0.00099));
#5947=DIRECTION('',(0.254126428,-0.967171008,0.));
#5948=VECTOR('',#5947,0.000021431);
#5949=LINE('',#5946,#5948);
#5950=EDGE_CURVE('1364',#5752,#5939,#5949,.T.);
#5951=ORIENTED_EDGE('',*,*,#5950,.F.);
#5952=ORIENTED_EDGE('',*,*,#5757,.T.);
#5953=EDGE_LOOP('',(#5937,#5945,#5951,#5952));
#5954=FACE_BOUND('',#5953,.T.);
#5955=ADVANCED_FACE('620',(#5954),#5936,.T.);
#5956=CARTESIAN_POINT('',(0.027946394,-0.026956394,0.00099));
#5957=DIRECTION('',(0.003116057,0.706687693,-0.707518759));
#5958=DIRECTION('',(-0.999990279,0.00440934,-0.));
#5959=AXIS2_PLACEMENT_3D('',#5956,#5957,#5958);
#5960=PLANE('',#5959);
#5961=CARTESIAN_POINT('',(0.027946394,-0.026956394,0.00099));
#5962=VERTEX_POINT('438',#5961);
#5963=CARTESIAN_POINT('',(0.02754382,-0.026954619,0.00099));
#5964=DIRECTION('',(0.999990279,-0.00440934,0.));
#5965=VECTOR('',#5964,0.000402577);
#5966=LINE('',#5963,#5965);
#5967=EDGE_CURVE('1346',#5890,#5962,#5966,.T.);
#5968=ORIENTED_EDGE('',*,*,#5967,.F.);
#5969=ORIENTED_EDGE('',*,*,#5895,.T.);
#5970=ORIENTED_EDGE('',*,*,#5802,.T.);
#5971=CARTESIAN_POINT('',(0.027946394,-0.026956394,0.00099));
#5972=DIRECTION('',(0.999990278,-0.004409497,0.));
#5973=VECTOR('',#5972,0.000503521);
#5974=LINE('',#5971,#5973);
#5975=EDGE_CURVE('1342',#5962,#5797,#5974,.T.);
#5976=ORIENTED_EDGE('',*,*,#5975,.F.);
#5977=EDGE_LOOP('',(#5968,#5969,#5970,#5976));
#5978=FACE_BOUND('',#5977,.T.);
#5979=ADVANCED_FACE('592',(#5978),#5960,.T.);
#5980=CARTESIAN_POINT('',(0.003043605,-0.002053605,0.00099));
#5981=DIRECTION('',(0.706687356,0.003115363,-0.707519099));
#5982=DIRECTION('',(0.579551926,-0.576158896,0.576333663));
#5983=AXIS2_PLACEMENT_3D('',#5980,#5981,#5982);
#5984=PLANE('',#5983);
#5985=CARTESIAN_POINT('',(0.003043605,-0.002053605,0.00099));
#5986=VERTEX_POINT('476',#5985);
#5987=CARTESIAN_POINT('',(0.003043605,-0.002053605,0.00099));
#5988=DIRECTION('',(-0.00440997,0.999990276,0.));
#5989=VECTOR('',#5988,0.000503519);
#5990=LINE('',#5987,#5989);
#5991=EDGE_CURVE('1382',#5986,#5939,#5990,.T.);
#5992=ORIENTED_EDGE('',*,*,#5991,.T.);
#5993=ORIENTED_EDGE('',*,*,#5944,.T.);
#5994=ORIENTED_EDGE('',*,*,#5925,.T.);
#5995=CARTESIAN_POINT('',(0.003043916,-0.002124008,0.00099));
#5996=VERTEX_POINT('462',#5995);
#5997=CARTESIAN_POINT('',(0.00304538,-0.00245618,0.00099));
#5998=DIRECTION('',(-0.004409529,0.999990278,0.));
#5999=VECTOR('',#5998,0.000332175);
#6000=LINE('',#5997,#5999);
#6001=EDGE_CURVE('1294',#5914,#5996,#6000,.T.);
#6002=ORIENTED_EDGE('',*,*,#6001,.T.);
#6003=CARTESIAN_POINT('',(0.003043605,-0.002053605,0.00099));
#6004=DIRECTION('',(0.004408361,-0.999990283,0.));
#6005=VECTOR('',#6004,0.000070403);
#6006=LINE('',#6003,#6005);
#6007=EDGE_CURVE('1284',#5986,#5996,#6006,.T.);
#6008=ORIENTED_EDGE('',*,*,#6007,.F.);
#6009=EDGE_LOOP('',(#5992,#5993,#5994,#6002,#6008));
#6010=FACE_BOUND('',#6009,.T.);
#6011=ADVANCED_FACE('580',(#6010),#5984,.T.);
#6012=CARTESIAN_POINT('',(0.003043605,-0.002053605,0.00099));
#6013=DIRECTION('',(0.,0.,1.));
#6014=DIRECTION('',(0.004408361,-0.999990283,0.));
#6015=AXIS2_PLACEMENT_3D('',#6012,#6013,#6014);
#6016=PLANE('',#6015);
#6017=ORIENTED_EDGE('',*,*,#6007,.T.);
#6018=ORIENTED_EDGE('',*,*,#6001,.F.);
#6019=ORIENTED_EDGE('',*,*,#5919,.F.);
#6020=ORIENTED_EDGE('',*,*,#5733,.T.);
#6021=ORIENTED_EDGE('',*,*,#5725,.F.);
#6022=ORIENTED_EDGE('',*,*,#5430,.F.);
#6023=ORIENTED_EDGE('',*,*,#5171,.F.);
#6024=ORIENTED_EDGE('',*,*,#5163,.F.);
#6025=ORIENTED_EDGE('',*,*,#4898,.F.);
#6026=ORIENTED_EDGE('',*,*,#4536,.F.);
#6027=ORIENTED_EDGE('',*,*,#4181,.T.);
#6028=ORIENTED_EDGE('',*,*,#4173,.T.);
#6029=ORIENTED_EDGE('',*,*,#4566,.F.);
#6030=ORIENTED_EDGE('',*,*,#4927,.F.);
#6031=ORIENTED_EDGE('',*,*,#5029,.F.);
#6032=ORIENTED_EDGE('',*,*,#5317,.F.);
#6033=ORIENTED_EDGE('',*,*,#5200,.F.);
#6034=ORIENTED_EDGE('',*,*,#5146,.F.);
#6035=ORIENTED_EDGE('',*,*,#4856,.T.);
#6036=ORIENTED_EDGE('',*,*,#4873,.T.);
#6037=ORIENTED_EDGE('',*,*,#4724,.T.);
#6038=ORIENTED_EDGE('',*,*,#4700,.T.);
#6039=ORIENTED_EDGE('',*,*,#4694,.T.);
#6040=ORIENTED_EDGE('',*,*,#4511,.T.);
#6041=ORIENTED_EDGE('',*,*,#4826,.T.);
#6042=ORIENTED_EDGE('',*,*,#5005,.T.);
#6043=ORIENTED_EDGE('',*,*,#5295,.T.);
#6044=ORIENTED_EDGE('',*,*,#5856,.F.);
#6045=ORIENTED_EDGE('',*,*,#5850,.F.);
#6046=ORIENTED_EDGE('',*,*,#5842,.F.);
#6047=ORIENTED_EDGE('',*,*,#5834,.T.);
#6048=ORIENTED_EDGE('',*,*,#5901,.T.);
#6049=ORIENTED_EDGE('',*,*,#5967,.T.);
#6050=ORIENTED_EDGE('',*,*,#5975,.T.);
#6051=ORIENTED_EDGE('',*,*,#5810,.T.);
#6052=ORIENTED_EDGE('',*,*,#5508,.T.);
#6053=ORIENTED_EDGE('',*,*,#5484,.T.);
#6054=ORIENTED_EDGE('',*,*,#5478,.T.);
#6055=ORIENTED_EDGE('',*,*,#5412,.F.);
#6056=ORIENTED_EDGE('',*,*,#5654,.F.);
#6057=ORIENTED_EDGE('',*,*,#5540,.F.);
#6058=ORIENTED_EDGE('',*,*,#5670,.T.);
#6059=ORIENTED_EDGE('',*,*,#5564,.T.);
#6060=ORIENTED_EDGE('',*,*,#5707,.F.);
#6061=ORIENTED_EDGE('',*,*,#5785,.F.);
#6062=ORIENTED_EDGE('',*,*,#5878,.F.);
#6063=ORIENTED_EDGE('',*,*,#5595,.F.);
#6064=ORIENTED_EDGE('',*,*,#5631,.T.);
#6065=ORIENTED_EDGE('',*,*,#5625,.T.);
#6066=ORIENTED_EDGE('',*,*,#5763,.T.);
#6067=ORIENTED_EDGE('',*,*,#5950,.T.);
#6068=ORIENTED_EDGE('',*,*,#5991,.F.);
#6069=EDGE_LOOP('',(#6017,#6018,#6019,#6020,#6021,#6022,#6023,#6024,#6025,#6026,#6027,#6028,#6029,#6030,#6031,#6032,#6033,#6034,#6035,#6036,#6037,#6038,#6039,#6040,#6041,#6042,
#6043,#6044,#6045,#6046,#6047,#6048,#6049,#6050,#6051,#6052,#6053,#6054,#6055,#6056,#6057,#6058,#6059,#6060,#6061,#6062,#6063,#6064,#6065,#6066,#6067,
#6068));
#6070=FACE_BOUND('',#6069,.T.);
#6071=ADVANCED_FACE('612',(#6070),#6016,.T.);
#6072=CARTESIAN_POINT('',(0.,-0.029999999,0.031499999));
#6073=DIRECTION('',(0.,0.,-1.));
#6074=DIRECTION('',(-1.,0.,0.));
#6075=AXIS2_PLACEMENT_3D('',#6072,#6073,#6074);
#6076=CYLINDRICAL_SURFACE('',#6075,0.0015);
#6077=CARTESIAN_POINT('',(-0.0015,-0.029999999,-0.000000001));
#6078=DIRECTION('',(-0.,-0.,1.));
#6079=VECTOR('',#6078,0.0315);
#6080=LINE('',#6077,#6079);
#6081=EDGE_CURVE('',#4339,#617,#6080,.T.);
#6082=ORIENTED_EDGE('',*,*,#6081,.T.);
#6083=ORIENTED_EDGE('',*,*,#623,.F.);
#6084=ORIENTED_EDGE('',*,*,#568,.T.);
#6085=ORIENTED_EDGE('',*,*,#2041,.T.);
#6086=ORIENTED_EDGE('',*,*,#504,.T.);
#6087=ORIENTED_EDGE('',*,*,#4352,.T.);
#6088=EDGE_LOOP('',(#6082,#6083,#6084,#6085,#6086,#6087));
#6089=FACE_BOUND('',#6088,.T.);
#6090=ADVANCED_FACE('3606',(#6089),#6076,.T.);
#6091=CARTESIAN_POINT('',(0.029999999,-0.029999999,0.031499999));
#6092=DIRECTION('',(0.,0.,-1.));
#6093=DIRECTION('',(-1.,0.,0.));
#6094=AXIS2_PLACEMENT_3D('',#6091,#6092,#6093);
#6095=CYLINDRICAL_SURFACE('',#6094,0.0015);
#6096=ORIENTED_EDGE('',*,*,#156,.F.);
#6097=ORIENTED_EDGE('',*,*,#471,.F.);
#6098=ORIENTED_EDGE('',*,*,#418,.T.);
#6099=ORIENTED_EDGE('',*,*,#2597,.T.);
#6100=ORIENTED_EDGE('',*,*,#354,.T.);
#6101=ORIENTED_EDGE('',*,*,#4335,.T.);
#6102=ORIENTED_EDGE('',*,*,#114,.F.);
#6103=ORIENTED_EDGE('',*,*,#3700,.T.);
#6104=EDGE_LOOP('',(#6096,#6097,#6098,#6099,#6100,#6101,#6102,#6103));
#6105=FACE_BOUND('',#6104,.T.);
#6106=ADVANCED_FACE('3604',(#6105),#6095,.T.);
#6107=CARTESIAN_POINT('',(0.029999999,0.,0.031499999));
#6108=DIRECTION('',(0.,0.,-1.));
#6109=DIRECTION('',(-1.,0.,0.));
#6110=AXIS2_PLACEMENT_3D('',#6107,#6108,#6109);
#6111=CYLINDRICAL_SURFACE('',#6110,0.0015);
#6112=ORIENTED_EDGE('',*,*,#204,.F.);
#6113=ORIENTED_EDGE('',*,*,#321,.F.);
#6114=ORIENTED_EDGE('',*,*,#140,.T.);
#6115=ORIENTED_EDGE('',*,*,#4044,.T.);
#6116=ORIENTED_EDGE('',*,*,#76,.T.);
#6117=ORIENTED_EDGE('',*,*,#4327,.T.);
#6118=ORIENTED_EDGE('',*,*,#268,.F.);
#6119=ORIENTED_EDGE('',*,*,#4649,.T.);
#6120=EDGE_LOOP('',(#6112,#6113,#6114,#6115,#6116,#6117,#6118,#6119));
#6121=FACE_BOUND('',#6120,.T.);
#6122=ADVANCED_FACE('3602',(#6121),#6111,.T.);
#6123=CARTESIAN_POINT('',(0.,0.,0.031499999));
#6124=DIRECTION('',(0.,0.,-1.));
#6125=DIRECTION('',(-1.,0.,0.));
#6126=AXIS2_PLACEMENT_3D('',#6123,#6124,#6125);
#6127=CYLINDRICAL_SURFACE('',#6126,0.0015);
#6128=ORIENTED_EDGE('',*,*,#655,.F.);
#6129=ORIENTED_EDGE('',*,*,#4453,.F.);
#6130=ORIENTED_EDGE('',*,*,#542,.F.);
#6131=ORIENTED_EDGE('',*,*,#3056,.T.);
#6132=ORIENTED_EDGE('',*,*,#584,.F.);
#6133=ORIENTED_EDGE('',*,*,#786,.F.);
#6134=EDGE_LOOP('',(#6128,#6129,#6130,#6131,#6132,#6133));
#6135=FACE_BOUND('',#6134,.T.);
#6136=ADVANCED_FACE('567',(#6135),#6127,.T.);
#6137=CARTESIAN_POINT('',(0.,-0.029999999,0.031499999));
#6138=DIRECTION('',(0.,0.,-1.));
#6139=DIRECTION('',(-1.,0.,0.));
#6140=AXIS2_PLACEMENT_3D('',#6137,#6138,#6139);
#6141=CYLINDRICAL_SURFACE('',#6140,0.0015);
#6142=ORIENTED_EDGE('',*,*,#6081,.F.);
#6143=ORIENTED_EDGE('',*,*,#4345,.T.);
#6144=ORIENTED_EDGE('',*,*,#392,.F.);
#6145=ORIENTED_EDGE('',*,*,#2529,.T.);
#6146=ORIENTED_EDGE('',*,*,#434,.F.);
#6147=ORIENTED_EDGE('',*,*,#630,.F.);
#6148=EDGE_LOOP('',(#6142,#6143,#6144,#6145,#6146,#6147));
#6149=FACE_BOUND('',#6148,.T.);
#6150=ADVANCED_FACE('3606',(#6149),#6141,.T.);
#6151=OPEN_SHELL('',(#118,#182,#246,#310,#332,#396,#460,#482,#546,#610,#641,#774,#797,#829,#859,#890,#929,#959,#983,#1014,#1038,#1076,#1099,#1138,#1169,#1208,
#1239,#1262,#1285,#1316,#1347,#1370,#1400,#1424,#1454,#1485,#1501,#1522,#1545,#1577,#1601,#1625,#1656,#1677,#1700,#1712,#1742,#1765,#1788,#1818,#1841,
#1872,#1888,#1910,#1934,#1950,#1971,#1988,#2009,#2025,#2047,#2086,#2108,#2131,#2162,#2178,#2209,#2248,#2269,#2285,#2308,#2331,#2347,#2371,#2462,#2478,
#2499,#2516,#2533,#2550,#2573,#2602,#2625,#2641,#2662,#2678,#2695,#2711,#2727,#2751,#2767,#2789,#2805,#2828,#2844,#2860,#2882,#2898,#2922,#2940,#2970,
#2991,#3007,#3023,#3046,#3075,#3091,#3107,#3130,#3154,#3177,#3194,#3217,#3240,#3256,#3272,#3295,#3311,#3333,#3344,#3360,#3376,#3392,#3408,#3431,#3463,
#3479,#3502,#3525,#3549,#3565,#3581,#3604,#3620,#3644,#3667,#3690,#3717,#3733,#3749,#3765,#3782,#3803,#3826,#3849,#3872,#3895,#3911,#3927,#3950,#3966,
#3989,#4012,#4034,#4056,#4072,#4088,#4104,#4120,#4137,#4153,#4192,#4213,#4229,#4245,#4262,#4278,#4299,#4316,#4459,#4475,#4491,#4522,#4546,#4570,#4586,
#4602,#4623,#4639,#4656,#4672,#4704,#4728,#4744,#4760,#4777,#4800,#4831,#4860,#4877,#4908,#4932,#4948,#4964,#4987,#5010,#5033,#5050,#5073,#5096,#5119,
#5150,#5181,#5204,#5220,#5243,#5260,#5276,#5300,#5322,#5345,#5368,#5385,#5416,#5440,#5456,#5488,#5512,#5544,#5574,#5605,#5637,#5659,#5681,#5712,#5743,
#5767,#5790,#5814,#5861,#5883,#5907,#5931,#5955,#5979,#6011,#6071,#6090,#6106,#6122,#6136,#6150));
#6152=SHELL_BASED_SURFACE_MODEL('Solid',(#6151));
#6153=COLOUR_RGB('',0.501960814,0.501960814,1.);
#6154=FILL_AREA_STYLE_COLOUR('',#6153);
#6155=FILL_AREA_STYLE('',(#6154));
#6156=SURFACE_STYLE_FILL_AREA(#6155);
#6157=SURFACE_SIDE_STYLE('',(#6156));
#6158=SURFACE_STYLE_USAGE(.BOTH.,#6157);
#6159=PRESENTATION_STYLE_ASSIGNMENT((#6158));
#54=STYLED_ITEM('',(#6159),#6152);
#35=SHAPE_REPRESENTATION('30mm Single Unit Cell',(#15),#33);
#40=MANIFOLD_SURFACE_SHAPE_REPRESENTATION('30mm Single Unit Cell',(#6152),#33);
#6167=SHAPE_REPRESENTATION_RELATIONSHIP('','',#35,#40);
#6168=APPLICATION_CONTEXT('data for automotive mechanical design processes');
#6169=APPLICATION_PROTOCOL_DEFINITION('international standard','automotive_design',1994,#6168);
#6170=PRODUCT_CONTEXT('',#6168,'mechanical');
#6171=PRODUCT_DEFINITION_CONTEXT('part definition',#6168,'design');
#43=PRODUCT('30mm Single Unit Cell','30mm Single Unit Cell','',(#6170));
#6172=PRODUCT_RELATED_PRODUCT_CATEGORY('part','',(#43));
#6173=PRODUCT_DEFINITION_FORMATION_WITH_SPECIFIED_SOURCE('','',#43,.NOT_KNOWN.);
#44=PRODUCT_DEFINITION('design','',#6173,#6171);
#42=PRODUCT_DEFINITION_SHAPE('','',#44);
#6174=SHAPE_DEFINITION_REPRESENTATION(#42,#35);
#34=DRAUGHTING_MODEL('',(),#33);
#16=SHAPE_REPRESENTATION('30mm Single Unit Cell',(#15,#48),#10);
#24=PRODUCT('30mm Single Unit Cell','30mm Single Unit Cell','',(#6170));
#6175=PRODUCT_RELATED_PRODUCT_CATEGORY('part','',(#24));
#6176=PRODUCT_DEFINITION_FORMATION_WITH_SPECIFIED_SOURCE('','',#24,.NOT_KNOWN.);
#25=PRODUCT_DEFINITION('design','',#6176,#6171);
#23=PRODUCT_DEFINITION_SHAPE('','',#25);
#6177=SHAPE_DEFINITION_REPRESENTATION(#23,#16);
#11=DRAUGHTING_MODEL('',(),#10);
#1=MECHANICAL_DESIGN_GEOMETRIC_PRESENTATION_REPRESENTATION('',(#54),#10);
ENDSEC;
END-ISO-10303-21;
